{
"type": "FeatureCollection",
"features": [
{ "type": "Feature", "properties": { }, "geometry": { "type": "MultiPolygon", "coordinates": [ [ [ [ 79.25, 31.255 ], [ 79.251, 31.25 ], [ 79.251, 31.246 ], [ 79.251, 31.246 ], [ 79.252, 31.243 ], [ 79.254, 31.242 ], [ 79.257, 31.24 ], [ 79.261, 31.239 ], [ 79.266, 31.238 ], [ 79.27, 31.237 ], [ 79.273, 31.237 ], [ 79.274, 31.237 ], [ 79.28, 31.235 ], [ 79.28, 31.235 ], [ 79.282, 31.234 ], [ 79.284, 31.232 ], [ 79.287, 31.229 ], [ 79.293, 31.221 ], [ 79.294, 31.219 ], [ 79.295, 31.216 ], [ 79.298, 31.21 ], [ 79.3, 31.206 ], [ 79.3, 31.204 ], [ 79.301, 31.197 ], [ 79.303, 31.19 ], [ 79.302, 31.184 ], [ 79.302, 31.183 ], [ 79.301, 31.177 ], [ 79.301, 31.172 ], [ 79.301, 31.168 ], [ 79.301, 31.168 ], [ 79.303, 31.165 ], [ 79.303, 31.164 ], [ 79.306, 31.16 ], [ 79.307, 31.158 ], [ 79.308, 31.156 ], [ 79.308, 31.154 ], [ 79.308, 31.153 ], [ 79.309, 31.147 ], [ 79.309, 31.147 ], [ 79.313, 31.142 ], [ 79.314, 31.141 ], [ 79.317, 31.137 ], [ 79.318, 31.136 ], [ 79.324, 31.132 ], [ 79.325, 31.132 ], [ 79.33, 31.129 ], [ 79.333, 31.127 ], [ 79.336, 31.127 ], [ 79.338, 31.126 ], [ 79.339, 31.126 ], [ 79.342, 31.125 ], [ 79.342, 31.125 ], [ 79.343, 31.125 ], [ 79.345, 31.124 ], [ 79.347, 31.123 ], [ 79.353, 31.121 ], [ 79.354, 31.121 ], [ 79.365, 31.117 ], [ 79.367, 31.117 ], [ 79.37, 31.116 ], [ 79.375, 31.114 ], [ 79.38, 31.112 ], [ 79.393, 31.11 ], [ 79.397, 31.108 ], [ 79.399, 31.108 ], [ 79.402, 31.102 ], [ 79.403, 31.094 ], [ 79.404, 31.088 ], [ 79.404, 31.088 ], [ 79.404, 31.087 ], [ 79.406, 31.081 ], [ 79.408, 31.077 ], [ 79.411, 31.075 ], [ 79.411, 31.075 ], [ 79.413, 31.075 ], [ 79.414, 31.074 ], [ 79.416, 31.074 ], [ 79.416, 31.074 ], [ 79.422, 31.073 ], [ 79.425, 31.071 ], [ 79.426, 31.066 ], [ 79.424, 31.055 ], [ 79.423, 31.05 ], [ 79.422, 31.048 ], [ 79.423, 31.04 ], [ 79.424, 31.035 ], [ 79.425, 31.03 ], [ 79.431, 31.029 ], [ 79.436, 31.028 ], [ 79.446, 31.028 ], [ 79.447, 31.029 ], [ 79.459, 31.032 ], [ 79.469, 31.033 ], [ 79.477, 31.033 ], [ 79.477, 31.033 ], [ 79.477, 31.033 ], [ 79.478, 31.033 ], [ 79.479, 31.034 ], [ 79.483, 31.034 ], [ 79.486, 31.034 ], [ 79.49, 31.034 ], [ 79.492, 31.034 ], [ 79.495, 31.033 ], [ 79.497, 31.033 ], [ 79.503, 31.033 ], [ 79.505, 31.032 ], [ 79.506, 31.032 ], [ 79.507, 31.032 ], [ 79.507, 31.032 ], [ 79.508, 31.031 ], [ 79.512, 31.03 ], [ 79.516, 31.028 ], [ 79.519, 31.027 ], [ 79.521, 31.023 ], [ 79.524, 31.014 ], [ 79.524, 31.014 ], [ 79.531, 31.003 ], [ 79.534, 30.997 ], [ 79.535, 30.996 ], [ 79.538, 30.991 ], [ 79.538, 30.99 ], [ 79.54, 30.99 ], [ 79.543, 30.99 ], [ 79.548, 30.99 ], [ 79.547, 30.986 ], [ 79.544, 30.983 ], [ 79.543, 30.982 ], [ 79.541, 30.98 ], [ 79.54, 30.975 ], [ 79.542, 30.974 ], [ 79.546, 30.971 ], [ 79.551, 30.965 ], [ 79.552, 30.963 ], [ 79.553, 30.96 ], [ 79.556, 30.957 ], [ 79.561, 30.957 ], [ 79.562, 30.957 ], [ 79.565, 30.957 ], [ 79.567, 30.954 ], [ 79.568, 30.952 ], [ 79.569, 30.95 ], [ 79.572, 30.949 ], [ 79.574, 30.949 ], [ 79.578, 30.95 ], [ 79.583, 30.95 ], [ 79.586, 30.948 ], [ 79.59, 30.948 ], [ 79.597, 30.945 ], [ 79.6, 30.942 ], [ 79.602, 30.94 ], [ 79.602, 30.94 ], [ 79.602, 30.938 ], [ 79.601, 30.936 ], [ 79.602, 30.933 ], [ 79.603, 30.933 ], [ 79.605, 30.935 ], [ 79.605, 30.936 ], [ 79.605, 30.939 ], [ 79.606, 30.94 ], [ 79.608, 30.942 ], [ 79.614, 30.944 ], [ 79.617, 30.947 ], [ 79.62, 30.951 ], [ 79.622, 30.952 ], [ 79.628, 30.952 ], [ 79.629, 30.952 ], [ 79.633, 30.953 ], [ 79.639, 30.956 ], [ 79.644, 30.958 ], [ 79.649, 30.961 ], [ 79.65, 30.962 ], [ 79.654, 30.962 ], [ 79.658, 30.963 ], [ 79.664, 30.967 ], [ 79.665, 30.97 ], [ 79.664, 30.973 ], [ 79.663, 30.975 ], [ 79.663, 30.979 ], [ 79.665, 30.983 ], [ 79.669, 30.984 ], [ 79.675, 30.983 ], [ 79.684, 30.979 ], [ 79.69, 30.976 ], [ 79.692, 30.975 ], [ 79.698, 30.973 ], [ 79.699, 30.973 ], [ 79.702, 30.973 ], [ 79.704, 30.977 ], [ 79.708, 30.978 ], [ 79.712, 30.978 ], [ 79.717, 30.976 ], [ 79.717, 30.976 ], [ 79.719, 30.977 ], [ 79.721, 30.978 ], [ 79.727, 30.98 ], [ 79.731, 30.981 ], [ 79.735, 30.982 ], [ 79.738, 30.984 ], [ 79.738, 30.985 ], [ 79.74, 30.988 ], [ 79.741, 30.99 ], [ 79.743, 30.996 ], [ 79.747, 31.003 ], [ 79.752, 31.006 ], [ 79.753, 31.008 ], [ 79.756, 31.004 ], [ 79.762, 31.001 ], [ 79.766, 30.995 ], [ 79.775, 30.989 ], [ 79.781, 30.988 ], [ 79.787, 30.988 ], [ 79.792, 30.988 ], [ 79.795, 30.982 ], [ 79.799, 30.98 ], [ 79.803, 30.979 ], [ 79.807, 30.982 ], [ 79.811, 30.979 ], [ 79.814, 30.976 ], [ 79.816, 30.974 ], [ 79.823, 30.973 ], [ 79.828, 30.974 ], [ 79.831, 30.975 ], [ 79.836, 30.975 ], [ 79.839, 30.974 ], [ 79.84, 30.974 ], [ 79.845, 30.975 ], [ 79.853, 30.976 ], [ 79.856, 30.977 ], [ 79.863, 30.975 ], [ 79.871, 30.971 ], [ 79.876, 30.968 ], [ 79.879, 30.962 ], [ 79.881, 30.957 ], [ 79.882, 30.955 ], [ 79.882, 30.951 ], [ 79.884, 30.945 ], [ 79.885, 30.942 ], [ 79.889, 30.939 ], [ 79.887, 30.934 ], [ 79.887, 30.932 ], [ 79.89, 30.924 ], [ 79.89, 30.919 ], [ 79.899, 30.918 ], [ 79.902, 30.918 ], [ 79.908, 30.915 ], [ 79.91, 30.915 ], [ 79.912, 30.912 ], [ 79.912, 30.911 ], [ 79.913, 30.908 ], [ 79.914, 30.907 ], [ 79.914, 30.907 ], [ 79.914, 30.907 ], [ 79.916, 30.905 ], [ 79.919, 30.901 ], [ 79.921, 30.897 ], [ 79.921, 30.896 ], [ 79.923, 30.895 ], [ 79.925, 30.893 ], [ 79.928, 30.888 ], [ 79.928, 30.887 ], [ 79.929, 30.882 ], [ 79.931, 30.882 ], [ 79.931, 30.882 ], [ 79.931, 30.882 ], [ 79.931, 30.881 ], [ 79.931, 30.881 ], [ 79.936, 30.882 ], [ 79.941, 30.885 ], [ 79.945, 30.886 ], [ 79.949, 30.885 ], [ 79.954, 30.885 ], [ 79.958, 30.888 ], [ 79.962, 30.89 ], [ 79.965, 30.886 ], [ 79.97, 30.882 ], [ 79.98, 30.88 ], [ 79.99, 30.879 ], [ 79.992, 30.877 ], [ 79.997, 30.869 ], [ 79.999, 30.869 ], [ 79.999, 30.868 ], [ 80.0, 30.867 ], [ 80.004, 30.865 ], [ 80.01, 30.864 ], [ 80.012, 30.864 ], [ 80.014, 30.861 ], [ 80.017, 30.856 ], [ 80.025, 30.848 ], [ 80.036, 30.84 ], [ 80.042, 30.836 ], [ 80.045, 30.836 ], [ 80.048, 30.838 ], [ 80.049, 30.839 ], [ 80.049, 30.839 ], [ 80.051, 30.841 ], [ 80.053, 30.842 ], [ 80.055, 30.842 ], [ 80.056, 30.842 ], [ 80.058, 30.84 ], [ 80.059, 30.837 ], [ 80.058, 30.836 ], [ 80.057, 30.835 ], [ 80.057, 30.832 ], [ 80.057, 30.829 ], [ 80.061, 30.826 ], [ 80.067, 30.824 ], [ 80.072, 30.819 ], [ 80.077, 30.815 ], [ 80.078, 30.815 ], [ 80.081, 30.811 ], [ 80.081, 30.81 ], [ 80.085, 30.804 ], [ 80.088, 30.797 ], [ 80.088, 30.795 ], [ 80.089, 30.794 ], [ 80.092, 30.792 ], [ 80.096, 30.791 ], [ 80.1, 30.787 ], [ 80.101, 30.786 ], [ 80.105, 30.784 ], [ 80.107, 30.782 ], [ 80.11, 30.78 ], [ 80.111, 30.779 ], [ 80.116, 30.778 ], [ 80.119, 30.779 ], [ 80.122, 30.777 ], [ 80.126, 30.779 ], [ 80.13, 30.782 ], [ 80.134, 30.784 ], [ 80.138, 30.784 ], [ 80.141, 30.787 ], [ 80.144, 30.79 ], [ 80.148, 30.789 ], [ 80.154, 30.787 ], [ 80.156, 30.788 ], [ 80.157, 30.789 ], [ 80.155, 30.798 ], [ 80.154, 30.8 ], [ 80.155, 30.802 ], [ 80.155, 30.802 ], [ 80.156, 30.805 ], [ 80.158, 30.806 ], [ 80.166, 30.805 ], [ 80.174, 30.804 ], [ 80.178, 30.804 ], [ 80.178, 30.804 ], [ 80.181, 30.802 ], [ 80.184, 30.797 ], [ 80.188, 30.79 ], [ 80.193, 30.785 ], [ 80.198, 30.78 ], [ 80.198, 30.779 ], [ 80.199, 30.778 ], [ 80.203, 30.777 ], [ 80.2, 30.773 ], [ 80.199, 30.769 ], [ 80.2, 30.765 ], [ 80.203, 30.76 ], [ 80.208, 30.756 ], [ 80.213, 30.751 ], [ 80.213, 30.751 ], [ 80.215, 30.749 ], [ 80.217, 30.749 ], [ 80.22, 30.75 ], [ 80.225, 30.755 ], [ 80.23, 30.759 ], [ 80.233, 30.76 ], [ 80.234, 30.761 ], [ 80.238, 30.762 ], [ 80.24, 30.762 ], [ 80.24, 30.757 ], [ 80.241, 30.751 ], [ 80.243, 30.747 ], [ 80.245, 30.745 ], [ 80.246, 30.745 ], [ 80.247, 30.744 ], [ 80.249, 30.743 ], [ 80.25, 30.742 ], [ 80.251, 30.737 ], [ 80.25, 30.733 ], [ 80.249, 30.73 ], [ 80.249, 30.729 ], [ 80.249, 30.728 ], [ 80.248, 30.722 ], [ 80.248, 30.721 ], [ 80.248, 30.719 ], [ 80.248, 30.718 ], [ 80.244, 30.715 ], [ 80.241, 30.712 ], [ 80.237, 30.709 ], [ 80.237, 30.707 ], [ 80.237, 30.699 ], [ 80.237, 30.695 ], [ 80.236, 30.69 ], [ 80.235, 30.688 ], [ 80.23, 30.687 ], [ 80.225, 30.687 ], [ 80.22, 30.686 ], [ 80.216, 30.685 ], [ 80.213, 30.684 ], [ 80.208, 30.685 ], [ 80.204, 30.685 ], [ 80.2, 30.683 ], [ 80.198, 30.68 ], [ 80.197, 30.676 ], [ 80.198, 30.673 ], [ 80.198, 30.67 ], [ 80.197, 30.665 ], [ 80.197, 30.662 ], [ 80.197, 30.662 ], [ 80.198, 30.662 ], [ 80.198, 30.661 ], [ 80.198, 30.661 ], [ 80.199, 30.66 ], [ 80.2, 30.66 ], [ 80.2, 30.659 ], [ 80.2, 30.659 ], [ 80.201, 30.659 ], [ 80.205, 30.654 ], [ 80.21, 30.651 ], [ 80.217, 30.645 ], [ 80.221, 30.642 ], [ 80.222, 30.637 ], [ 80.222, 30.633 ], [ 80.221, 30.632 ], [ 80.22, 30.63 ], [ 80.219, 30.629 ], [ 80.215, 30.626 ], [ 80.213, 30.625 ], [ 80.212, 30.625 ], [ 80.212, 30.622 ], [ 80.212, 30.622 ], [ 80.212, 30.62 ], [ 80.212, 30.618 ], [ 80.214, 30.617 ], [ 80.214, 30.616 ], [ 80.217, 30.61 ], [ 80.217, 30.61 ], [ 80.217, 30.608 ], [ 80.223, 30.607 ], [ 80.227, 30.605 ], [ 80.229, 30.603 ], [ 80.23, 30.601 ], [ 80.227, 30.593 ], [ 80.227, 30.589 ], [ 80.227, 30.585 ], [ 80.227, 30.579 ], [ 80.227, 30.579 ], [ 80.233, 30.576 ], [ 80.241, 30.573 ], [ 80.242, 30.572 ], [ 80.249, 30.569 ], [ 80.25, 30.568 ], [ 80.251, 30.567 ], [ 80.253, 30.565 ], [ 80.254, 30.565 ], [ 80.257, 30.56 ], [ 80.258, 30.559 ], [ 80.258, 30.559 ], [ 80.262, 30.565 ], [ 80.266, 30.567 ], [ 80.27, 30.566 ], [ 80.272, 30.565 ], [ 80.274, 30.565 ], [ 80.277, 30.566 ], [ 80.28, 30.568 ], [ 80.281, 30.57 ], [ 80.283, 30.572 ], [ 80.287, 30.571 ], [ 80.29, 30.569 ], [ 80.294, 30.568 ], [ 80.304, 30.564 ], [ 80.312, 30.562 ], [ 80.318, 30.56 ], [ 80.319, 30.559 ], [ 80.32, 30.558 ], [ 80.321, 30.557 ], [ 80.324, 30.554 ], [ 80.337, 30.544 ], [ 80.345, 30.539 ], [ 80.353, 30.533 ], [ 80.361, 30.527 ], [ 80.362, 30.527 ], [ 80.369, 30.524 ], [ 80.374, 30.521 ], [ 80.378, 30.522 ], [ 80.379, 30.521 ], [ 80.381, 30.52 ], [ 80.382, 30.519 ], [ 80.383, 30.516 ], [ 80.386, 30.515 ], [ 80.391, 30.515 ], [ 80.398, 30.517 ], [ 80.407, 30.521 ], [ 80.41, 30.523 ], [ 80.412, 30.525 ], [ 80.413, 30.525 ], [ 80.416, 30.525 ], [ 80.416, 30.525 ], [ 80.417, 30.524 ], [ 80.417, 30.522 ], [ 80.418, 30.517 ], [ 80.418, 30.517 ], [ 80.419, 30.515 ], [ 80.425, 30.513 ], [ 80.429, 30.511 ], [ 80.431, 30.508 ], [ 80.431, 30.507 ], [ 80.436, 30.504 ], [ 80.443, 30.501 ], [ 80.444, 30.5 ], [ 80.448, 30.498 ], [ 80.45, 30.497 ], [ 80.456, 30.494 ], [ 80.459, 30.494 ], [ 80.465, 30.493 ], [ 80.469, 30.492 ], [ 80.469, 30.492 ], [ 80.47, 30.492 ], [ 80.47, 30.491 ], [ 80.47, 30.491 ], [ 80.471, 30.491 ], [ 80.471, 30.491 ], [ 80.475, 30.49 ], [ 80.476, 30.49 ], [ 80.482, 30.488 ], [ 80.486, 30.487 ], [ 80.487, 30.486 ], [ 80.493, 30.486 ], [ 80.493, 30.486 ], [ 80.498, 30.484 ], [ 80.503, 30.481 ], [ 80.505, 30.48 ], [ 80.51, 30.476 ], [ 80.513, 30.474 ], [ 80.517, 30.473 ], [ 80.519, 30.471 ], [ 80.521, 30.469 ], [ 80.525, 30.463 ], [ 80.526, 30.462 ], [ 80.531, 30.458 ], [ 80.535, 30.454 ], [ 80.536, 30.452 ], [ 80.537, 30.451 ], [ 80.539, 30.449 ], [ 80.541, 30.449 ], [ 80.546, 30.448 ], [ 80.548, 30.449 ], [ 80.549, 30.456 ], [ 80.551, 30.461 ], [ 80.556, 30.465 ], [ 80.56, 30.466 ], [ 80.564, 30.467 ], [ 80.569, 30.466 ], [ 80.57, 30.467 ], [ 80.571, 30.468 ], [ 80.573, 30.472 ], [ 80.577, 30.478 ], [ 80.58, 30.481 ], [ 80.586, 30.482 ], [ 80.592, 30.481 ], [ 80.598, 30.479 ], [ 80.604, 30.475 ], [ 80.612, 30.469 ], [ 80.616, 30.465 ], [ 80.623, 30.461 ], [ 80.623, 30.461 ], [ 80.625, 30.46 ], [ 80.638, 30.454 ], [ 80.646, 30.449 ], [ 80.651, 30.445 ], [ 80.652, 30.444 ], [ 80.656, 30.442 ], [ 80.659, 30.442 ], [ 80.665, 30.44 ], [ 80.674, 30.439 ], [ 80.678, 30.437 ], [ 80.687, 30.431 ], [ 80.699, 30.421 ], [ 80.704, 30.416 ], [ 80.704, 30.416 ], [ 80.707, 30.413 ], [ 80.714, 30.408 ], [ 80.724, 30.404 ], [ 80.728, 30.403 ], [ 80.732, 30.402 ], [ 80.738, 30.4 ], [ 80.746, 30.397 ], [ 80.752, 30.394 ], [ 80.758, 30.388 ], [ 80.764, 30.381 ], [ 80.768, 30.376 ], [ 80.773, 30.369 ], [ 80.78, 30.362 ], [ 80.784, 30.358 ], [ 80.786, 30.354 ], [ 80.786, 30.354 ], [ 80.785, 30.35 ], [ 80.785, 30.346 ], [ 80.785, 30.346 ], [ 80.787, 30.343 ], [ 80.793, 30.338 ], [ 80.794, 30.337 ], [ 80.797, 30.333 ], [ 80.801, 30.33 ], [ 80.802, 30.329 ], [ 80.81, 30.323 ], [ 80.811, 30.322 ], [ 80.822, 30.316 ], [ 80.835, 30.31 ], [ 80.846, 30.305 ], [ 80.863, 30.299 ], [ 80.871, 30.298 ], [ 80.887, 30.296 ], [ 80.896, 30.294 ], [ 80.907, 30.29 ], [ 80.92, 30.284 ], [ 80.928, 30.282 ], [ 80.933, 30.28 ], [ 80.948, 30.278 ], [ 80.957, 30.275 ], [ 80.971, 30.271 ], [ 80.98, 30.268 ], [ 80.988, 30.265 ], [ 80.995, 30.264 ], [ 81.0, 30.263 ], [ 81.003, 30.263 ], [ 81.006, 30.263 ], [ 81.008, 30.26 ], [ 81.009, 30.26 ], [ 81.012, 30.255 ], [ 81.012, 30.255 ], [ 81.017, 30.252 ], [ 81.021, 30.25 ], [ 81.022, 30.25 ], [ 81.026, 30.249 ], [ 81.03, 30.249 ], [ 81.032, 30.247 ], [ 81.033, 30.246 ], [ 81.032, 30.244 ], [ 81.031, 30.242 ], [ 81.031, 30.24 ], [ 81.03, 30.238 ], [ 81.03, 30.236 ], [ 81.03, 30.234 ], [ 81.028, 30.231 ], [ 81.027, 30.229 ], [ 81.027, 30.228 ], [ 81.028, 30.227 ], [ 81.031, 30.226 ], [ 81.03, 30.222 ], [ 81.03, 30.221 ], [ 81.031, 30.22 ], [ 81.035, 30.219 ], [ 81.037, 30.218 ], [ 81.038, 30.216 ], [ 81.041, 30.215 ], [ 81.042, 30.214 ], [ 81.043, 30.212 ], [ 81.044, 30.212 ], [ 81.044, 30.212 ], [ 81.044, 30.212 ], [ 81.045, 30.212 ], [ 81.045, 30.211 ], [ 81.045, 30.211 ], [ 81.047, 30.211 ], [ 81.045, 30.207 ], [ 81.043, 30.205 ], [ 81.039, 30.203 ], [ 81.036, 30.202 ], [ 81.035, 30.2 ], [ 81.035, 30.199 ], [ 81.035, 30.198 ], [ 81.035, 30.198 ], [ 81.034, 30.198 ], [ 81.034, 30.198 ], [ 81.034, 30.198 ], [ 81.032, 30.197 ], [ 81.032, 30.197 ], [ 81.032, 30.197 ], [ 81.032, 30.197 ], [ 81.031, 30.196 ], [ 81.03, 30.196 ], [ 81.029, 30.196 ], [ 81.029, 30.196 ], [ 81.026, 30.196 ], [ 81.025, 30.196 ], [ 81.025, 30.196 ], [ 81.02, 30.195 ], [ 81.019, 30.195 ], [ 81.015, 30.194 ], [ 81.013, 30.194 ], [ 81.007, 30.192 ], [ 81.007, 30.192 ], [ 81.004, 30.192 ], [ 81.004, 30.192 ], [ 81.0, 30.193 ], [ 80.998, 30.192 ], [ 80.995, 30.191 ], [ 80.987, 30.189 ], [ 80.984, 30.188 ], [ 80.981, 30.187 ], [ 80.979, 30.186 ], [ 80.975, 30.184 ], [ 80.969, 30.182 ], [ 80.96, 30.179 ], [ 80.956, 30.179 ], [ 80.951, 30.178 ], [ 80.95, 30.178 ], [ 80.944, 30.179 ], [ 80.941, 30.18 ], [ 80.94, 30.181 ], [ 80.938, 30.181 ], [ 80.927, 30.186 ], [ 80.926, 30.186 ], [ 80.919, 30.19 ], [ 80.918, 30.19 ], [ 80.919, 30.19 ], [ 80.919, 30.192 ], [ 80.92, 30.193 ], [ 80.921, 30.198 ], [ 80.922, 30.205 ], [ 80.922, 30.206 ], [ 80.92, 30.214 ], [ 80.908, 30.215 ], [ 80.903, 30.215 ], [ 80.9, 30.213 ], [ 80.896, 30.208 ], [ 80.894, 30.206 ], [ 80.893, 30.203 ], [ 80.891, 30.196 ], [ 80.888, 30.191 ], [ 80.883, 30.185 ], [ 80.882, 30.184 ], [ 80.876, 30.179 ], [ 80.872, 30.177 ], [ 80.871, 30.177 ], [ 80.87, 30.176 ], [ 80.868, 30.174 ], [ 80.867, 30.172 ], [ 80.867, 30.17 ], [ 80.869, 30.163 ], [ 80.869, 30.163 ], [ 80.87, 30.159 ], [ 80.87, 30.153 ], [ 80.871, 30.151 ], [ 80.871, 30.148 ], [ 80.873, 30.143 ], [ 80.875, 30.14 ], [ 80.877, 30.134 ], [ 80.876, 30.129 ], [ 80.875, 30.127 ], [ 80.875, 30.127 ], [ 80.875, 30.126 ], [ 80.872, 30.126 ], [ 80.872, 30.126 ], [ 80.871, 30.127 ], [ 80.871, 30.127 ], [ 80.871, 30.127 ], [ 80.871, 30.126 ], [ 80.87, 30.126 ], [ 80.87, 30.126 ], [ 80.87, 30.126 ], [ 80.87, 30.126 ], [ 80.869, 30.126 ], [ 80.869, 30.126 ], [ 80.868, 30.126 ], [ 80.868, 30.126 ], [ 80.868, 30.126 ], [ 80.868, 30.126 ], [ 80.868, 30.126 ], [ 80.868, 30.125 ], [ 80.867, 30.125 ], [ 80.867, 30.125 ], [ 80.867, 30.124 ], [ 80.866, 30.124 ], [ 80.866, 30.124 ], [ 80.866, 30.124 ], [ 80.866, 30.124 ], [ 80.866, 30.124 ], [ 80.866, 30.123 ], [ 80.865, 30.123 ], [ 80.865, 30.123 ], [ 80.865, 30.123 ], [ 80.865, 30.123 ], [ 80.865, 30.123 ], [ 80.864, 30.123 ], [ 80.864, 30.122 ], [ 80.864, 30.122 ], [ 80.864, 30.122 ], [ 80.864, 30.122 ], [ 80.863, 30.122 ], [ 80.863, 30.121 ], [ 80.863, 30.121 ], [ 80.862, 30.121 ], [ 80.862, 30.121 ], [ 80.862, 30.121 ], [ 80.861, 30.121 ], [ 80.86, 30.121 ], [ 80.859, 30.121 ], [ 80.859, 30.121 ], [ 80.858, 30.121 ], [ 80.858, 30.121 ], [ 80.858, 30.121 ], [ 80.857, 30.121 ], [ 80.857, 30.12 ], [ 80.856, 30.12 ], [ 80.856, 30.12 ], [ 80.855, 30.12 ], [ 80.855, 30.12 ], [ 80.855, 30.12 ], [ 80.855, 30.12 ], [ 80.855, 30.12 ], [ 80.855, 30.12 ], [ 80.855, 30.119 ], [ 80.854, 30.119 ], [ 80.854, 30.119 ], [ 80.854, 30.119 ], [ 80.853, 30.119 ], [ 80.853, 30.119 ], [ 80.853, 30.119 ], [ 80.853, 30.119 ], [ 80.852, 30.119 ], [ 80.852, 30.118 ], [ 80.852, 30.118 ], [ 80.852, 30.118 ], [ 80.851, 30.118 ], [ 80.851, 30.118 ], [ 80.85, 30.118 ], [ 80.849, 30.118 ], [ 80.849, 30.118 ], [ 80.849, 30.118 ], [ 80.849, 30.118 ], [ 80.848, 30.118 ], [ 80.848, 30.118 ], [ 80.848, 30.117 ], [ 80.848, 30.117 ], [ 80.847, 30.117 ], [ 80.847, 30.117 ], [ 80.847, 30.117 ], [ 80.847, 30.117 ], [ 80.846, 30.117 ], [ 80.846, 30.117 ], [ 80.846, 30.117 ], [ 80.846, 30.117 ], [ 80.846, 30.117 ], [ 80.845, 30.116 ], [ 80.845, 30.116 ], [ 80.845, 30.116 ], [ 80.845, 30.116 ], [ 80.845, 30.116 ], [ 80.845, 30.116 ], [ 80.844, 30.116 ], [ 80.844, 30.116 ], [ 80.844, 30.116 ], [ 80.844, 30.115 ], [ 80.844, 30.115 ], [ 80.843, 30.114 ], [ 80.843, 30.114 ], [ 80.843, 30.114 ], [ 80.843, 30.113 ], [ 80.843, 30.113 ], [ 80.843, 30.113 ], [ 80.842, 30.112 ], [ 80.842, 30.112 ], [ 80.842, 30.112 ], [ 80.842, 30.111 ], [ 80.842, 30.111 ], [ 80.842, 30.111 ], [ 80.842, 30.111 ], [ 80.842, 30.111 ], [ 80.842, 30.111 ], [ 80.842, 30.11 ], [ 80.842, 30.11 ], [ 80.842, 30.11 ], [ 80.842, 30.11 ], [ 80.843, 30.11 ], [ 80.843, 30.109 ], [ 80.843, 30.109 ], [ 80.843, 30.109 ], [ 80.844, 30.109 ], [ 80.844, 30.108 ], [ 80.844, 30.108 ], [ 80.845, 30.108 ], [ 80.845, 30.107 ], [ 80.846, 30.107 ], [ 80.846, 30.107 ], [ 80.846, 30.107 ], [ 80.846, 30.107 ], [ 80.846, 30.107 ], [ 80.846, 30.106 ], [ 80.846, 30.106 ], [ 80.846, 30.105 ], [ 80.846, 30.105 ], [ 80.846, 30.105 ], [ 80.846, 30.104 ], [ 80.846, 30.104 ], [ 80.846, 30.104 ], [ 80.846, 30.103 ], [ 80.846, 30.103 ], [ 80.845, 30.103 ], [ 80.845, 30.103 ], [ 80.845, 30.102 ], [ 80.845, 30.102 ], [ 80.845, 30.102 ], [ 80.844, 30.102 ], [ 80.844, 30.102 ], [ 80.844, 30.102 ], [ 80.844, 30.102 ], [ 80.844, 30.102 ], [ 80.844, 30.102 ], [ 80.843, 30.101 ], [ 80.843, 30.101 ], [ 80.843, 30.101 ], [ 80.842, 30.101 ], [ 80.842, 30.101 ], [ 80.842, 30.101 ], [ 80.842, 30.101 ], [ 80.842, 30.1 ], [ 80.841, 30.1 ], [ 80.841, 30.1 ], [ 80.84, 30.1 ], [ 80.84, 30.099 ], [ 80.84, 30.099 ], [ 80.84, 30.099 ], [ 80.84, 30.099 ], [ 80.839, 30.099 ], [ 80.839, 30.099 ], [ 80.838, 30.099 ], [ 80.838, 30.098 ], [ 80.838, 30.098 ], [ 80.837, 30.098 ], [ 80.837, 30.097 ], [ 80.836, 30.097 ], [ 80.836, 30.097 ], [ 80.836, 30.097 ], [ 80.836, 30.097 ], [ 80.836, 30.097 ], [ 80.835, 30.098 ], [ 80.835, 30.098 ], [ 80.835, 30.098 ], [ 80.835, 30.098 ], [ 80.834, 30.098 ], [ 80.834, 30.098 ], [ 80.833, 30.098 ], [ 80.833, 30.098 ], [ 80.833, 30.098 ], [ 80.832, 30.098 ], [ 80.832, 30.098 ], [ 80.832, 30.097 ], [ 80.831, 30.097 ], [ 80.831, 30.097 ], [ 80.831, 30.097 ], [ 80.83, 30.097 ], [ 80.829, 30.097 ], [ 80.829, 30.097 ], [ 80.828, 30.097 ], [ 80.828, 30.098 ], [ 80.828, 30.098 ], [ 80.828, 30.098 ], [ 80.827, 30.098 ], [ 80.827, 30.099 ], [ 80.827, 30.099 ], [ 80.827, 30.099 ], [ 80.827, 30.099 ], [ 80.826, 30.1 ], [ 80.826, 30.1 ], [ 80.826, 30.1 ], [ 80.826, 30.1 ], [ 80.826, 30.1 ], [ 80.825, 30.1 ], [ 80.825, 30.1 ], [ 80.825, 30.1 ], [ 80.825, 30.1 ], [ 80.825, 30.1 ], [ 80.825, 30.1 ], [ 80.824, 30.1 ], [ 80.824, 30.1 ], [ 80.823, 30.1 ], [ 80.823, 30.1 ], [ 80.822, 30.1 ], [ 80.822, 30.1 ], [ 80.822, 30.1 ], [ 80.822, 30.1 ], [ 80.822, 30.1 ], [ 80.821, 30.1 ], [ 80.821, 30.1 ], [ 80.821, 30.1 ], [ 80.82, 30.1 ], [ 80.82, 30.099 ], [ 80.82, 30.099 ], [ 80.82, 30.099 ], [ 80.82, 30.098 ], [ 80.82, 30.098 ], [ 80.82, 30.098 ], [ 80.82, 30.097 ], [ 80.82, 30.097 ], [ 80.819, 30.097 ], [ 80.819, 30.097 ], [ 80.819, 30.097 ], [ 80.818, 30.097 ], [ 80.818, 30.097 ], [ 80.817, 30.097 ], [ 80.817, 30.097 ], [ 80.817, 30.097 ], [ 80.816, 30.097 ], [ 80.816, 30.097 ], [ 80.816, 30.097 ], [ 80.816, 30.097 ], [ 80.815, 30.096 ], [ 80.815, 30.096 ], [ 80.815, 30.096 ], [ 80.815, 30.096 ], [ 80.814, 30.096 ], [ 80.814, 30.096 ], [ 80.814, 30.095 ], [ 80.814, 30.095 ], [ 80.814, 30.095 ], [ 80.814, 30.095 ], [ 80.814, 30.094 ], [ 80.814, 30.094 ], [ 80.814, 30.094 ], [ 80.814, 30.094 ], [ 80.814, 30.094 ], [ 80.814, 30.094 ], [ 80.814, 30.093 ], [ 80.814, 30.093 ], [ 80.814, 30.093 ], [ 80.813, 30.093 ], [ 80.813, 30.093 ], [ 80.812, 30.093 ], [ 80.811, 30.093 ], [ 80.811, 30.092 ], [ 80.811, 30.092 ], [ 80.81, 30.092 ], [ 80.81, 30.091 ], [ 80.81, 30.091 ], [ 80.809, 30.091 ], [ 80.809, 30.091 ], [ 80.808, 30.091 ], [ 80.808, 30.091 ], [ 80.808, 30.09 ], [ 80.807, 30.09 ], [ 80.806, 30.09 ], [ 80.806, 30.09 ], [ 80.806, 30.09 ], [ 80.805, 30.09 ], [ 80.805, 30.089 ], [ 80.805, 30.089 ], [ 80.805, 30.089 ], [ 80.804, 30.088 ], [ 80.804, 30.088 ], [ 80.804, 30.088 ], [ 80.803, 30.087 ], [ 80.803, 30.087 ], [ 80.803, 30.087 ], [ 80.802, 30.087 ], [ 80.802, 30.087 ], [ 80.802, 30.086 ], [ 80.802, 30.086 ], [ 80.802, 30.086 ], [ 80.802, 30.086 ], [ 80.802, 30.086 ], [ 80.801, 30.085 ], [ 80.801, 30.085 ], [ 80.801, 30.085 ], [ 80.801, 30.085 ], [ 80.801, 30.085 ], [ 80.801, 30.084 ], [ 80.801, 30.084 ], [ 80.801, 30.084 ], [ 80.801, 30.083 ], [ 80.8, 30.083 ], [ 80.8, 30.083 ], [ 80.8, 30.082 ], [ 80.8, 30.082 ], [ 80.8, 30.081 ], [ 80.8, 30.081 ], [ 80.799, 30.081 ], [ 80.799, 30.081 ], [ 80.798, 30.08 ], [ 80.798, 30.08 ], [ 80.797, 30.08 ], [ 80.797, 30.079 ], [ 80.797, 30.079 ], [ 80.796, 30.078 ], [ 80.795, 30.078 ], [ 80.795, 30.078 ], [ 80.795, 30.077 ], [ 80.795, 30.077 ], [ 80.794, 30.077 ], [ 80.794, 30.076 ], [ 80.794, 30.076 ], [ 80.794, 30.076 ], [ 80.793, 30.076 ], [ 80.793, 30.075 ], [ 80.793, 30.075 ], [ 80.793, 30.075 ], [ 80.792, 30.074 ], [ 80.792, 30.074 ], [ 80.792, 30.074 ], [ 80.792, 30.074 ], [ 80.791, 30.073 ], [ 80.791, 30.073 ], [ 80.791, 30.073 ], [ 80.791, 30.073 ], [ 80.79, 30.073 ], [ 80.79, 30.073 ], [ 80.79, 30.073 ], [ 80.79, 30.073 ], [ 80.79, 30.073 ], [ 80.79, 30.073 ], [ 80.789, 30.072 ], [ 80.789, 30.072 ], [ 80.789, 30.072 ], [ 80.789, 30.072 ], [ 80.789, 30.072 ], [ 80.789, 30.071 ], [ 80.789, 30.071 ], [ 80.789, 30.071 ], [ 80.789, 30.071 ], [ 80.789, 30.07 ], [ 80.789, 30.07 ], [ 80.789, 30.069 ], [ 80.789, 30.069 ], [ 80.788, 30.068 ], [ 80.788, 30.068 ], [ 80.788, 30.068 ], [ 80.788, 30.068 ], [ 80.787, 30.067 ], [ 80.787, 30.067 ], [ 80.787, 30.067 ], [ 80.787, 30.067 ], [ 80.786, 30.066 ], [ 80.786, 30.066 ], [ 80.786, 30.066 ], [ 80.786, 30.066 ], [ 80.785, 30.065 ], [ 80.785, 30.065 ], [ 80.785, 30.064 ], [ 80.785, 30.064 ], [ 80.785, 30.064 ], [ 80.785, 30.064 ], [ 80.785, 30.064 ], [ 80.785, 30.064 ], [ 80.785, 30.063 ], [ 80.784, 30.063 ], [ 80.784, 30.063 ], [ 80.784, 30.062 ], [ 80.784, 30.062 ], [ 80.784, 30.062 ], [ 80.784, 30.062 ], [ 80.783, 30.061 ], [ 80.783, 30.061 ], [ 80.783, 30.061 ], [ 80.782, 30.061 ], [ 80.782, 30.061 ], [ 80.782, 30.06 ], [ 80.782, 30.06 ], [ 80.782, 30.06 ], [ 80.782, 30.06 ], [ 80.781, 30.06 ], [ 80.781, 30.059 ], [ 80.781, 30.059 ], [ 80.781, 30.059 ], [ 80.781, 30.058 ], [ 80.781, 30.058 ], [ 80.78, 30.058 ], [ 80.78, 30.058 ], [ 80.78, 30.057 ], [ 80.78, 30.057 ], [ 80.779, 30.057 ], [ 80.779, 30.056 ], [ 80.779, 30.056 ], [ 80.778, 30.056 ], [ 80.778, 30.055 ], [ 80.777, 30.055 ], [ 80.777, 30.055 ], [ 80.777, 30.054 ], [ 80.776, 30.054 ], [ 80.775, 30.054 ], [ 80.775, 30.054 ], [ 80.774, 30.054 ], [ 80.774, 30.054 ], [ 80.773, 30.054 ], [ 80.773, 30.054 ], [ 80.772, 30.054 ], [ 80.772, 30.054 ], [ 80.772, 30.054 ], [ 80.772, 30.054 ], [ 80.772, 30.054 ], [ 80.772, 30.054 ], [ 80.771, 30.054 ], [ 80.771, 30.053 ], [ 80.771, 30.053 ], [ 80.771, 30.053 ], [ 80.77, 30.053 ], [ 80.77, 30.053 ], [ 80.769, 30.053 ], [ 80.768, 30.053 ], [ 80.768, 30.052 ], [ 80.768, 30.052 ], [ 80.767, 30.052 ], [ 80.767, 30.052 ], [ 80.766, 30.052 ], [ 80.766, 30.052 ], [ 80.766, 30.052 ], [ 80.766, 30.052 ], [ 80.765, 30.052 ], [ 80.765, 30.051 ], [ 80.765, 30.051 ], [ 80.765, 30.051 ], [ 80.765, 30.051 ], [ 80.764, 30.051 ], [ 80.764, 30.051 ], [ 80.764, 30.051 ], [ 80.763, 30.05 ], [ 80.763, 30.05 ], [ 80.763, 30.05 ], [ 80.762, 30.05 ], [ 80.762, 30.05 ], [ 80.761, 30.05 ], [ 80.761, 30.05 ], [ 80.761, 30.049 ], [ 80.761, 30.049 ], [ 80.761, 30.048 ], [ 80.761, 30.048 ], [ 80.761, 30.048 ], [ 80.761, 30.048 ], [ 80.761, 30.048 ], [ 80.761, 30.047 ], [ 80.761, 30.047 ], [ 80.76, 30.047 ], [ 80.76, 30.046 ], [ 80.76, 30.046 ], [ 80.759, 30.046 ], [ 80.759, 30.045 ], [ 80.758, 30.045 ], [ 80.758, 30.045 ], [ 80.758, 30.045 ], [ 80.759, 30.045 ], [ 80.759, 30.044 ], [ 80.759, 30.044 ], [ 80.759, 30.044 ], [ 80.759, 30.044 ], [ 80.759, 30.043 ], [ 80.759, 30.043 ], [ 80.759, 30.043 ], [ 80.759, 30.042 ], [ 80.759, 30.042 ], [ 80.758, 30.041 ], [ 80.757, 30.041 ], [ 80.756, 30.04 ], [ 80.756, 30.04 ], [ 80.756, 30.04 ], [ 80.756, 30.04 ], [ 80.756, 30.04 ], [ 80.756, 30.04 ], [ 80.756, 30.039 ], [ 80.756, 30.039 ], [ 80.756, 30.038 ], [ 80.756, 30.038 ], [ 80.756, 30.038 ], [ 80.756, 30.037 ], [ 80.756, 30.037 ], [ 80.756, 30.036 ], [ 80.756, 30.035 ], [ 80.756, 30.035 ], [ 80.756, 30.035 ], [ 80.756, 30.034 ], [ 80.756, 30.034 ], [ 80.756, 30.034 ], [ 80.756, 30.033 ], [ 80.756, 30.033 ], [ 80.756, 30.032 ], [ 80.756, 30.032 ], [ 80.756, 30.032 ], [ 80.756, 30.032 ], [ 80.756, 30.032 ], [ 80.756, 30.032 ], [ 80.756, 30.031 ], [ 80.756, 30.031 ], [ 80.756, 30.03 ], [ 80.756, 30.03 ], [ 80.757, 30.03 ], [ 80.757, 30.03 ], [ 80.757, 30.03 ], [ 80.757, 30.029 ], [ 80.757, 30.029 ], [ 80.758, 30.029 ], [ 80.758, 30.029 ], [ 80.758, 30.028 ], [ 80.758, 30.028 ], [ 80.758, 30.028 ], [ 80.758, 30.028 ], [ 80.758, 30.027 ], [ 80.758, 30.027 ], [ 80.758, 30.027 ], [ 80.758, 30.026 ], [ 80.758, 30.026 ], [ 80.758, 30.026 ], [ 80.758, 30.025 ], [ 80.758, 30.025 ], [ 80.758, 30.024 ], [ 80.758, 30.024 ], [ 80.758, 30.024 ], [ 80.757, 30.023 ], [ 80.757, 30.023 ], [ 80.757, 30.023 ], [ 80.757, 30.023 ], [ 80.756, 30.022 ], [ 80.756, 30.022 ], [ 80.755, 30.022 ], [ 80.755, 30.022 ], [ 80.755, 30.022 ], [ 80.755, 30.021 ], [ 80.755, 30.021 ], [ 80.754, 30.021 ], [ 80.754, 30.02 ], [ 80.754, 30.02 ], [ 80.754, 30.02 ], [ 80.754, 30.02 ], [ 80.754, 30.019 ], [ 80.754, 30.019 ], [ 80.754, 30.019 ], [ 80.754, 30.018 ], [ 80.753, 30.018 ], [ 80.753, 30.017 ], [ 80.753, 30.017 ], [ 80.753, 30.017 ], [ 80.753, 30.016 ], [ 80.753, 30.016 ], [ 80.753, 30.016 ], [ 80.752, 30.016 ], [ 80.752, 30.015 ], [ 80.752, 30.015 ], [ 80.752, 30.015 ], [ 80.752, 30.014 ], [ 80.752, 30.014 ], [ 80.752, 30.014 ], [ 80.751, 30.013 ], [ 80.751, 30.012 ], [ 80.751, 30.012 ], [ 80.75, 30.011 ], [ 80.75, 30.011 ], [ 80.75, 30.011 ], [ 80.75, 30.01 ], [ 80.75, 30.01 ], [ 80.75, 30.009 ], [ 80.75, 30.009 ], [ 80.75, 30.009 ], [ 80.749, 30.009 ], [ 80.749, 30.009 ], [ 80.749, 30.008 ], [ 80.748, 30.008 ], [ 80.748, 30.007 ], [ 80.747, 30.007 ], [ 80.747, 30.007 ], [ 80.747, 30.006 ], [ 80.747, 30.006 ], [ 80.746, 30.006 ], [ 80.746, 30.006 ], [ 80.746, 30.005 ], [ 80.746, 30.005 ], [ 80.746, 30.005 ], [ 80.745, 30.004 ], [ 80.745, 30.004 ], [ 80.744, 30.004 ], [ 80.744, 30.004 ], [ 80.744, 30.004 ], [ 80.743, 30.004 ], [ 80.742, 30.003 ], [ 80.742, 30.003 ], [ 80.741, 30.003 ], [ 80.741, 30.002 ], [ 80.74, 30.001 ], [ 80.74, 30.001 ], [ 80.739, 30.0 ], [ 80.738, 30.0 ], [ 80.738, 30.0 ], [ 80.737, 29.999 ], [ 80.737, 29.999 ], [ 80.737, 29.999 ], [ 80.736, 30.0 ], [ 80.736, 30.0 ], [ 80.735, 30.0 ], [ 80.735, 30.0 ], [ 80.734, 30.0 ], [ 80.734, 30.0 ], [ 80.733, 30.0 ], [ 80.733, 30.0 ], [ 80.732, 30.0 ], [ 80.732, 30.0 ], [ 80.732, 30.0 ], [ 80.731, 30.0 ], [ 80.731, 30.0 ], [ 80.73, 30.0 ], [ 80.729, 30.0 ], [ 80.729, 30.001 ], [ 80.728, 30.001 ], [ 80.728, 30.001 ], [ 80.728, 30.0 ], [ 80.727, 30.0 ], [ 80.727, 30.0 ], [ 80.727, 30.0 ], [ 80.726, 30.0 ], [ 80.726, 30.0 ], [ 80.726, 30.0 ], [ 80.725, 30.0 ], [ 80.724, 30.0 ], [ 80.724, 30.0 ], [ 80.723, 30.0 ], [ 80.723, 30.0 ], [ 80.722, 30.0 ], [ 80.722, 30.0 ], [ 80.721, 30.001 ], [ 80.72, 30.001 ], [ 80.72, 30.001 ], [ 80.72, 30.001 ], [ 80.72, 30.001 ], [ 80.719, 30.001 ], [ 80.719, 30.001 ], [ 80.719, 30.001 ], [ 80.719, 30.001 ], [ 80.719, 30.001 ], [ 80.719, 30.001 ], [ 80.719, 30.001 ], [ 80.719, 30.001 ], [ 80.719, 30.0 ], [ 80.719, 30.0 ], [ 80.719, 30.0 ], [ 80.719, 30.0 ], [ 80.718, 29.999 ], [ 80.718, 29.999 ], [ 80.718, 29.999 ], [ 80.718, 29.999 ], [ 80.718, 29.999 ], [ 80.717, 29.998 ], [ 80.717, 29.997 ], [ 80.716, 29.997 ], [ 80.716, 29.997 ], [ 80.716, 29.996 ], [ 80.715, 29.996 ], [ 80.715, 29.996 ], [ 80.715, 29.995 ], [ 80.715, 29.995 ], [ 80.715, 29.994 ], [ 80.715, 29.994 ], [ 80.715, 29.994 ], [ 80.714, 29.993 ], [ 80.713, 29.993 ], [ 80.713, 29.992 ], [ 80.713, 29.992 ], [ 80.713, 29.992 ], [ 80.713, 29.991 ], [ 80.713, 29.991 ], [ 80.712, 29.991 ], [ 80.712, 29.99 ], [ 80.711, 29.99 ], [ 80.71, 29.989 ], [ 80.71, 29.989 ], [ 80.709, 29.989 ], [ 80.709, 29.989 ], [ 80.709, 29.989 ], [ 80.709, 29.989 ], [ 80.709, 29.989 ], [ 80.709, 29.989 ], [ 80.708, 29.988 ], [ 80.708, 29.988 ], [ 80.708, 29.987 ], [ 80.707, 29.987 ], [ 80.707, 29.987 ], [ 80.706, 29.987 ], [ 80.706, 29.987 ], [ 80.706, 29.987 ], [ 80.705, 29.986 ], [ 80.705, 29.986 ], [ 80.705, 29.986 ], [ 80.705, 29.986 ], [ 80.704, 29.985 ], [ 80.704, 29.985 ], [ 80.703, 29.984 ], [ 80.702, 29.983 ], [ 80.702, 29.982 ], [ 80.702, 29.982 ], [ 80.701, 29.982 ], [ 80.701, 29.981 ], [ 80.701, 29.981 ], [ 80.701, 29.98 ], [ 80.7, 29.98 ], [ 80.7, 29.98 ], [ 80.7, 29.979 ], [ 80.699, 29.979 ], [ 80.699, 29.979 ], [ 80.699, 29.98 ], [ 80.698, 29.98 ], [ 80.698, 29.98 ], [ 80.698, 29.98 ], [ 80.697, 29.98 ], [ 80.697, 29.98 ], [ 80.697, 29.98 ], [ 80.697, 29.979 ], [ 80.697, 29.979 ], [ 80.696, 29.978 ], [ 80.696, 29.978 ], [ 80.696, 29.978 ], [ 80.695, 29.978 ], [ 80.695, 29.977 ], [ 80.695, 29.977 ], [ 80.694, 29.977 ], [ 80.694, 29.977 ], [ 80.694, 29.977 ], [ 80.694, 29.977 ], [ 80.693, 29.976 ], [ 80.693, 29.976 ], [ 80.692, 29.976 ], [ 80.692, 29.975 ], [ 80.691, 29.975 ], [ 80.691, 29.975 ], [ 80.69, 29.975 ], [ 80.69, 29.974 ], [ 80.69, 29.974 ], [ 80.69, 29.973 ], [ 80.69, 29.973 ], [ 80.69, 29.973 ], [ 80.689, 29.973 ], [ 80.689, 29.973 ], [ 80.688, 29.972 ], [ 80.688, 29.972 ], [ 80.688, 29.972 ], [ 80.688, 29.971 ], [ 80.687, 29.97 ], [ 80.687, 29.97 ], [ 80.687, 29.97 ], [ 80.687, 29.969 ], [ 80.686, 29.969 ], [ 80.686, 29.969 ], [ 80.686, 29.968 ], [ 80.685, 29.968 ], [ 80.685, 29.968 ], [ 80.685, 29.968 ], [ 80.684, 29.967 ], [ 80.684, 29.967 ], [ 80.684, 29.967 ], [ 80.684, 29.966 ], [ 80.683, 29.966 ], [ 80.683, 29.966 ], [ 80.683, 29.965 ], [ 80.683, 29.965 ], [ 80.683, 29.964 ], [ 80.683, 29.964 ], [ 80.683, 29.964 ], [ 80.683, 29.964 ], [ 80.683, 29.963 ], [ 80.683, 29.963 ], [ 80.683, 29.963 ], [ 80.682, 29.962 ], [ 80.682, 29.962 ], [ 80.682, 29.962 ], [ 80.682, 29.962 ], [ 80.681, 29.962 ], [ 80.681, 29.962 ], [ 80.681, 29.962 ], [ 80.681, 29.961 ], [ 80.68, 29.961 ], [ 80.68, 29.961 ], [ 80.679, 29.96 ], [ 80.679, 29.96 ], [ 80.678, 29.959 ], [ 80.678, 29.959 ], [ 80.678, 29.959 ], [ 80.677, 29.959 ], [ 80.676, 29.958 ], [ 80.676, 29.958 ], [ 80.676, 29.958 ], [ 80.675, 29.957 ], [ 80.675, 29.957 ], [ 80.674, 29.957 ], [ 80.674, 29.957 ], [ 80.674, 29.957 ], [ 80.673, 29.957 ], [ 80.672, 29.957 ], [ 80.671, 29.957 ], [ 80.67, 29.957 ], [ 80.67, 29.957 ], [ 80.669, 29.957 ], [ 80.667, 29.957 ], [ 80.666, 29.957 ], [ 80.664, 29.957 ], [ 80.663, 29.957 ], [ 80.663, 29.957 ], [ 80.662, 29.956 ], [ 80.662, 29.956 ], [ 80.662, 29.956 ], [ 80.661, 29.956 ], [ 80.661, 29.956 ], [ 80.661, 29.956 ], [ 80.66, 29.956 ], [ 80.659, 29.956 ], [ 80.658, 29.956 ], [ 80.658, 29.956 ], [ 80.658, 29.956 ], [ 80.657, 29.956 ], [ 80.657, 29.955 ], [ 80.656, 29.955 ], [ 80.656, 29.955 ], [ 80.655, 29.955 ], [ 80.654, 29.955 ], [ 80.653, 29.956 ], [ 80.653, 29.956 ], [ 80.652, 29.956 ], [ 80.652, 29.956 ], [ 80.651, 29.956 ], [ 80.651, 29.956 ], [ 80.65, 29.956 ], [ 80.65, 29.956 ], [ 80.65, 29.956 ], [ 80.649, 29.956 ], [ 80.649, 29.956 ], [ 80.648, 29.956 ], [ 80.648, 29.956 ], [ 80.647, 29.956 ], [ 80.647, 29.957 ], [ 80.646, 29.957 ], [ 80.646, 29.957 ], [ 80.646, 29.957 ], [ 80.645, 29.957 ], [ 80.645, 29.958 ], [ 80.645, 29.958 ], [ 80.644, 29.958 ], [ 80.644, 29.958 ], [ 80.643, 29.959 ], [ 80.643, 29.959 ], [ 80.643, 29.959 ], [ 80.643, 29.959 ], [ 80.642, 29.959 ], [ 80.642, 29.959 ], [ 80.642, 29.959 ], [ 80.641, 29.96 ], [ 80.641, 29.96 ], [ 80.641, 29.96 ], [ 80.64, 29.96 ], [ 80.64, 29.96 ], [ 80.639, 29.961 ], [ 80.639, 29.962 ], [ 80.639, 29.962 ], [ 80.639, 29.962 ], [ 80.638, 29.963 ], [ 80.638, 29.963 ], [ 80.637, 29.963 ], [ 80.637, 29.963 ], [ 80.637, 29.964 ], [ 80.636, 29.964 ], [ 80.636, 29.964 ], [ 80.636, 29.964 ], [ 80.635, 29.964 ], [ 80.634, 29.964 ], [ 80.634, 29.964 ], [ 80.634, 29.964 ], [ 80.634, 29.965 ], [ 80.633, 29.965 ], [ 80.633, 29.965 ], [ 80.632, 29.965 ], [ 80.632, 29.965 ], [ 80.632, 29.965 ], [ 80.631, 29.965 ], [ 80.631, 29.965 ], [ 80.63, 29.965 ], [ 80.63, 29.965 ], [ 80.629, 29.965 ], [ 80.629, 29.965 ], [ 80.628, 29.965 ], [ 80.628, 29.965 ], [ 80.627, 29.965 ], [ 80.626, 29.965 ], [ 80.626, 29.964 ], [ 80.626, 29.964 ], [ 80.625, 29.964 ], [ 80.625, 29.964 ], [ 80.624, 29.964 ], [ 80.624, 29.964 ], [ 80.623, 29.964 ], [ 80.623, 29.964 ], [ 80.622, 29.964 ], [ 80.622, 29.964 ], [ 80.622, 29.964 ], [ 80.622, 29.964 ], [ 80.621, 29.964 ], [ 80.621, 29.964 ], [ 80.62, 29.964 ], [ 80.619, 29.964 ], [ 80.618, 29.963 ], [ 80.618, 29.963 ], [ 80.617, 29.962 ], [ 80.617, 29.962 ], [ 80.617, 29.962 ], [ 80.616, 29.962 ], [ 80.616, 29.962 ], [ 80.616, 29.962 ], [ 80.616, 29.962 ], [ 80.615, 29.961 ], [ 80.615, 29.961 ], [ 80.615, 29.961 ], [ 80.614, 29.961 ], [ 80.614, 29.961 ], [ 80.613, 29.961 ], [ 80.612, 29.96 ], [ 80.612, 29.96 ], [ 80.611, 29.96 ], [ 80.611, 29.96 ], [ 80.61, 29.96 ], [ 80.61, 29.959 ], [ 80.609, 29.959 ], [ 80.609, 29.959 ], [ 80.608, 29.959 ], [ 80.607, 29.959 ], [ 80.607, 29.959 ], [ 80.607, 29.959 ], [ 80.606, 29.959 ], [ 80.606, 29.959 ], [ 80.605, 29.959 ], [ 80.605, 29.959 ], [ 80.604, 29.959 ], [ 80.603, 29.959 ], [ 80.602, 29.958 ], [ 80.602, 29.958 ], [ 80.602, 29.958 ], [ 80.601, 29.958 ], [ 80.601, 29.957 ], [ 80.601, 29.957 ], [ 80.601, 29.957 ], [ 80.6, 29.957 ], [ 80.6, 29.957 ], [ 80.6, 29.956 ], [ 80.599, 29.956 ], [ 80.599, 29.956 ], [ 80.598, 29.955 ], [ 80.598, 29.955 ], [ 80.597, 29.955 ], [ 80.597, 29.955 ], [ 80.597, 29.954 ], [ 80.597, 29.954 ], [ 80.596, 29.954 ], [ 80.596, 29.954 ], [ 80.596, 29.954 ], [ 80.596, 29.953 ], [ 80.596, 29.953 ], [ 80.595, 29.953 ], [ 80.595, 29.953 ], [ 80.595, 29.953 ], [ 80.594, 29.952 ], [ 80.594, 29.952 ], [ 80.594, 29.952 ], [ 80.593, 29.951 ], [ 80.593, 29.951 ], [ 80.593, 29.951 ], [ 80.593, 29.951 ], [ 80.592, 29.951 ], [ 80.592, 29.95 ], [ 80.592, 29.95 ], [ 80.591, 29.95 ], [ 80.591, 29.95 ], [ 80.591, 29.949 ], [ 80.591, 29.949 ], [ 80.591, 29.949 ], [ 80.59, 29.949 ], [ 80.59, 29.948 ], [ 80.59, 29.948 ], [ 80.59, 29.947 ], [ 80.589, 29.947 ], [ 80.589, 29.947 ], [ 80.589, 29.947 ], [ 80.589, 29.947 ], [ 80.589, 29.946 ], [ 80.588, 29.946 ], [ 80.588, 29.945 ], [ 80.588, 29.945 ], [ 80.588, 29.944 ], [ 80.588, 29.944 ], [ 80.587, 29.944 ], [ 80.587, 29.943 ], [ 80.587, 29.943 ], [ 80.586, 29.942 ], [ 80.586, 29.942 ], [ 80.586, 29.942 ], [ 80.586, 29.941 ], [ 80.585, 29.941 ], [ 80.585, 29.941 ], [ 80.585, 29.94 ], [ 80.585, 29.94 ], [ 80.584, 29.94 ], [ 80.584, 29.939 ], [ 80.584, 29.939 ], [ 80.584, 29.939 ], [ 80.584, 29.939 ], [ 80.583, 29.938 ], [ 80.583, 29.938 ], [ 80.583, 29.938 ], [ 80.582, 29.938 ], [ 80.582, 29.938 ], [ 80.582, 29.938 ], [ 80.581, 29.937 ], [ 80.581, 29.937 ], [ 80.581, 29.937 ], [ 80.581, 29.936 ], [ 80.581, 29.936 ], [ 80.581, 29.936 ], [ 80.581, 29.935 ], [ 80.581, 29.935 ], [ 80.58, 29.934 ], [ 80.58, 29.934 ], [ 80.579, 29.933 ], [ 80.579, 29.933 ], [ 80.579, 29.933 ], [ 80.579, 29.932 ], [ 80.579, 29.932 ], [ 80.579, 29.932 ], [ 80.578, 29.931 ], [ 80.578, 29.931 ], [ 80.578, 29.93 ], [ 80.578, 29.93 ], [ 80.578, 29.929 ], [ 80.578, 29.929 ], [ 80.578, 29.928 ], [ 80.578, 29.928 ], [ 80.578, 29.928 ], [ 80.578, 29.927 ], [ 80.577, 29.927 ], [ 80.577, 29.927 ], [ 80.577, 29.927 ], [ 80.577, 29.926 ], [ 80.576, 29.926 ], [ 80.576, 29.926 ], [ 80.575, 29.925 ], [ 80.575, 29.925 ], [ 80.574, 29.925 ], [ 80.574, 29.924 ], [ 80.574, 29.924 ], [ 80.574, 29.924 ], [ 80.574, 29.923 ], [ 80.574, 29.923 ], [ 80.574, 29.922 ], [ 80.574, 29.922 ], [ 80.574, 29.921 ], [ 80.574, 29.921 ], [ 80.573, 29.921 ], [ 80.573, 29.921 ], [ 80.573, 29.92 ], [ 80.573, 29.92 ], [ 80.573, 29.92 ], [ 80.573, 29.919 ], [ 80.573, 29.918 ], [ 80.573, 29.918 ], [ 80.572, 29.918 ], [ 80.572, 29.918 ], [ 80.572, 29.918 ], [ 80.572, 29.917 ], [ 80.572, 29.917 ], [ 80.572, 29.917 ], [ 80.571, 29.916 ], [ 80.571, 29.916 ], [ 80.571, 29.916 ], [ 80.571, 29.915 ], [ 80.571, 29.915 ], [ 80.571, 29.915 ], [ 80.571, 29.914 ], [ 80.571, 29.914 ], [ 80.571, 29.914 ], [ 80.57, 29.914 ], [ 80.57, 29.913 ], [ 80.57, 29.913 ], [ 80.57, 29.912 ], [ 80.57, 29.912 ], [ 80.571, 29.911 ], [ 80.57, 29.911 ], [ 80.57, 29.911 ], [ 80.57, 29.91 ], [ 80.57, 29.91 ], [ 80.57, 29.91 ], [ 80.57, 29.909 ], [ 80.57, 29.909 ], [ 80.57, 29.908 ], [ 80.57, 29.908 ], [ 80.57, 29.908 ], [ 80.57, 29.908 ], [ 80.57, 29.908 ], [ 80.57, 29.908 ], [ 80.57, 29.907 ], [ 80.57, 29.907 ], [ 80.57, 29.907 ], [ 80.571, 29.906 ], [ 80.571, 29.906 ], [ 80.571, 29.906 ], [ 80.571, 29.906 ], [ 80.571, 29.906 ], [ 80.571, 29.905 ], [ 80.571, 29.905 ], [ 80.571, 29.904 ], [ 80.571, 29.904 ], [ 80.571, 29.904 ], [ 80.571, 29.904 ], [ 80.571, 29.903 ], [ 80.571, 29.903 ], [ 80.571, 29.903 ], [ 80.571, 29.902 ], [ 80.571, 29.902 ], [ 80.571, 29.902 ], [ 80.571, 29.902 ], [ 80.571, 29.902 ], [ 80.571, 29.901 ], [ 80.571, 29.901 ], [ 80.571, 29.9 ], [ 80.571, 29.9 ], [ 80.571, 29.9 ], [ 80.571, 29.9 ], [ 80.571, 29.899 ], [ 80.571, 29.899 ], [ 80.572, 29.899 ], [ 80.572, 29.899 ], [ 80.572, 29.899 ], [ 80.572, 29.899 ], [ 80.572, 29.898 ], [ 80.572, 29.898 ], [ 80.572, 29.897 ], [ 80.572, 29.897 ], [ 80.572, 29.897 ], [ 80.572, 29.897 ], [ 80.572, 29.896 ], [ 80.572, 29.895 ], [ 80.572, 29.895 ], [ 80.572, 29.895 ], [ 80.572, 29.895 ], [ 80.572, 29.894 ], [ 80.572, 29.894 ], [ 80.572, 29.894 ], [ 80.572, 29.894 ], [ 80.571, 29.893 ], [ 80.571, 29.893 ], [ 80.571, 29.893 ], [ 80.571, 29.893 ], [ 80.571, 29.893 ], [ 80.57, 29.892 ], [ 80.57, 29.892 ], [ 80.57, 29.891 ], [ 80.57, 29.891 ], [ 80.57, 29.89 ], [ 80.57, 29.89 ], [ 80.57, 29.89 ], [ 80.569, 29.889 ], [ 80.569, 29.889 ], [ 80.569, 29.889 ], [ 80.569, 29.888 ], [ 80.569, 29.888 ], [ 80.568, 29.887 ], [ 80.568, 29.887 ], [ 80.568, 29.886 ], [ 80.568, 29.886 ], [ 80.568, 29.886 ], [ 80.568, 29.885 ], [ 80.568, 29.885 ], [ 80.568, 29.885 ], [ 80.568, 29.885 ], [ 80.567, 29.884 ], [ 80.567, 29.884 ], [ 80.567, 29.884 ], [ 80.567, 29.883 ], [ 80.567, 29.883 ], [ 80.567, 29.882 ], [ 80.567, 29.882 ], [ 80.567, 29.882 ], [ 80.566, 29.881 ], [ 80.566, 29.881 ], [ 80.566, 29.881 ], [ 80.566, 29.88 ], [ 80.566, 29.879 ], [ 80.565, 29.879 ], [ 80.565, 29.879 ], [ 80.565, 29.878 ], [ 80.565, 29.878 ], [ 80.565, 29.878 ], [ 80.564, 29.878 ], [ 80.564, 29.878 ], [ 80.564, 29.877 ], [ 80.563, 29.877 ], [ 80.563, 29.877 ], [ 80.563, 29.876 ], [ 80.562, 29.876 ], [ 80.562, 29.876 ], [ 80.561, 29.875 ], [ 80.56, 29.875 ], [ 80.56, 29.875 ], [ 80.56, 29.875 ], [ 80.559, 29.874 ], [ 80.559, 29.874 ], [ 80.559, 29.873 ], [ 80.559, 29.873 ], [ 80.559, 29.873 ], [ 80.558, 29.872 ], [ 80.558, 29.871 ], [ 80.557, 29.871 ], [ 80.557, 29.87 ], [ 80.557, 29.87 ], [ 80.557, 29.87 ], [ 80.557, 29.869 ], [ 80.557, 29.869 ], [ 80.557, 29.869 ], [ 80.557, 29.869 ], [ 80.557, 29.869 ], [ 80.558, 29.868 ], [ 80.558, 29.868 ], [ 80.558, 29.868 ], [ 80.559, 29.868 ], [ 80.56, 29.868 ], [ 80.56, 29.867 ], [ 80.561, 29.867 ], [ 80.561, 29.867 ], [ 80.561, 29.867 ], [ 80.561, 29.867 ], [ 80.561, 29.866 ], [ 80.561, 29.866 ], [ 80.561, 29.866 ], [ 80.561, 29.866 ], [ 80.56, 29.865 ], [ 80.56, 29.865 ], [ 80.559, 29.865 ], [ 80.559, 29.864 ], [ 80.558, 29.864 ], [ 80.558, 29.864 ], [ 80.558, 29.863 ], [ 80.557, 29.863 ], [ 80.557, 29.863 ], [ 80.557, 29.863 ], [ 80.556, 29.863 ], [ 80.556, 29.863 ], [ 80.555, 29.862 ], [ 80.555, 29.862 ], [ 80.554, 29.862 ], [ 80.554, 29.861 ], [ 80.554, 29.861 ], [ 80.554, 29.861 ], [ 80.554, 29.86 ], [ 80.554, 29.86 ], [ 80.554, 29.86 ], [ 80.554, 29.859 ], [ 80.554, 29.859 ], [ 80.554, 29.859 ], [ 80.553, 29.859 ], [ 80.553, 29.858 ], [ 80.552, 29.858 ], [ 80.552, 29.857 ], [ 80.552, 29.857 ], [ 80.552, 29.857 ], [ 80.551, 29.856 ], [ 80.551, 29.856 ], [ 80.551, 29.856 ], [ 80.551, 29.856 ], [ 80.552, 29.855 ], [ 80.552, 29.855 ], [ 80.552, 29.854 ], [ 80.552, 29.854 ], [ 80.552, 29.854 ], [ 80.553, 29.854 ], [ 80.553, 29.854 ], [ 80.553, 29.853 ], [ 80.553, 29.853 ], [ 80.553, 29.852 ], [ 80.553, 29.852 ], [ 80.553, 29.852 ], [ 80.553, 29.852 ], [ 80.553, 29.851 ], [ 80.553, 29.851 ], [ 80.552, 29.85 ], [ 80.552, 29.85 ], [ 80.552, 29.85 ], [ 80.551, 29.85 ], [ 80.551, 29.85 ], [ 80.55, 29.85 ], [ 80.55, 29.85 ], [ 80.549, 29.85 ], [ 80.549, 29.85 ], [ 80.548, 29.85 ], [ 80.548, 29.85 ], [ 80.548, 29.85 ], [ 80.548, 29.85 ], [ 80.547, 29.849 ], [ 80.547, 29.849 ], [ 80.547, 29.849 ], [ 80.546, 29.848 ], [ 80.546, 29.848 ], [ 80.545, 29.848 ], [ 80.545, 29.847 ], [ 80.544, 29.847 ], [ 80.544, 29.847 ], [ 80.543, 29.847 ], [ 80.543, 29.847 ], [ 80.542, 29.847 ], [ 80.542, 29.847 ], [ 80.541, 29.847 ], [ 80.541, 29.847 ], [ 80.54, 29.847 ], [ 80.54, 29.847 ], [ 80.539, 29.848 ], [ 80.539, 29.848 ], [ 80.539, 29.847 ], [ 80.538, 29.847 ], [ 80.538, 29.847 ], [ 80.538, 29.846 ], [ 80.538, 29.845 ], [ 80.538, 29.845 ], [ 80.538, 29.845 ], [ 80.537, 29.844 ], [ 80.537, 29.844 ], [ 80.537, 29.844 ], [ 80.537, 29.844 ], [ 80.537, 29.843 ], [ 80.536, 29.843 ], [ 80.536, 29.842 ], [ 80.536, 29.842 ], [ 80.536, 29.841 ], [ 80.536, 29.841 ], [ 80.536, 29.84 ], [ 80.536, 29.84 ], [ 80.536, 29.839 ], [ 80.536, 29.839 ], [ 80.535, 29.839 ], [ 80.535, 29.839 ], [ 80.535, 29.838 ], [ 80.535, 29.838 ], [ 80.534, 29.838 ], [ 80.534, 29.838 ], [ 80.533, 29.839 ], [ 80.532, 29.839 ], [ 80.532, 29.839 ], [ 80.531, 29.839 ], [ 80.531, 29.838 ], [ 80.531, 29.838 ], [ 80.531, 29.838 ], [ 80.531, 29.837 ], [ 80.53, 29.837 ], [ 80.53, 29.837 ], [ 80.53, 29.837 ], [ 80.529, 29.836 ], [ 80.529, 29.836 ], [ 80.529, 29.835 ], [ 80.529, 29.835 ], [ 80.528, 29.834 ], [ 80.528, 29.834 ], [ 80.528, 29.834 ], [ 80.527, 29.833 ], [ 80.527, 29.833 ], [ 80.527, 29.833 ], [ 80.526, 29.833 ], [ 80.525, 29.833 ], [ 80.524, 29.833 ], [ 80.524, 29.832 ], [ 80.523, 29.832 ], [ 80.523, 29.832 ], [ 80.523, 29.832 ], [ 80.523, 29.831 ], [ 80.523, 29.831 ], [ 80.523, 29.831 ], [ 80.524, 29.83 ], [ 80.524, 29.83 ], [ 80.524, 29.83 ], [ 80.524, 29.83 ], [ 80.524, 29.829 ], [ 80.524, 29.829 ], [ 80.524, 29.829 ], [ 80.523, 29.829 ], [ 80.523, 29.828 ], [ 80.522, 29.827 ], [ 80.521, 29.827 ], [ 80.521, 29.827 ], [ 80.521, 29.827 ], [ 80.52, 29.827 ], [ 80.52, 29.827 ], [ 80.519, 29.826 ], [ 80.519, 29.826 ], [ 80.518, 29.826 ], [ 80.518, 29.826 ], [ 80.517, 29.826 ], [ 80.516, 29.826 ], [ 80.515, 29.825 ], [ 80.515, 29.825 ], [ 80.514, 29.825 ], [ 80.513, 29.825 ], [ 80.511, 29.825 ], [ 80.511, 29.824 ], [ 80.51, 29.824 ], [ 80.509, 29.824 ], [ 80.509, 29.824 ], [ 80.509, 29.824 ], [ 80.508, 29.824 ], [ 80.507, 29.824 ], [ 80.507, 29.823 ], [ 80.506, 29.822 ], [ 80.506, 29.822 ], [ 80.506, 29.822 ], [ 80.506, 29.822 ], [ 80.505, 29.821 ], [ 80.505, 29.821 ], [ 80.505, 29.82 ], [ 80.505, 29.82 ], [ 80.505, 29.819 ], [ 80.504, 29.819 ], [ 80.504, 29.819 ], [ 80.504, 29.819 ], [ 80.503, 29.819 ], [ 80.502, 29.818 ], [ 80.502, 29.818 ], [ 80.501, 29.817 ], [ 80.501, 29.817 ], [ 80.5, 29.817 ], [ 80.5, 29.816 ], [ 80.5, 29.816 ], [ 80.5, 29.815 ], [ 80.499, 29.814 ], [ 80.499, 29.814 ], [ 80.499, 29.813 ], [ 80.499, 29.813 ], [ 80.499, 29.813 ], [ 80.499, 29.813 ], [ 80.498, 29.812 ], [ 80.498, 29.811 ], [ 80.498, 29.811 ], [ 80.498, 29.811 ], [ 80.498, 29.811 ], [ 80.498, 29.81 ], [ 80.498, 29.81 ], [ 80.498, 29.81 ], [ 80.499, 29.81 ], [ 80.499, 29.809 ], [ 80.5, 29.809 ], [ 80.5, 29.809 ], [ 80.5, 29.809 ], [ 80.5, 29.808 ], [ 80.5, 29.808 ], [ 80.5, 29.808 ], [ 80.499, 29.807 ], [ 80.499, 29.807 ], [ 80.498, 29.806 ], [ 80.497, 29.806 ], [ 80.497, 29.806 ], [ 80.496, 29.805 ], [ 80.496, 29.805 ], [ 80.495, 29.804 ], [ 80.495, 29.804 ], [ 80.495, 29.803 ], [ 80.495, 29.803 ], [ 80.495, 29.803 ], [ 80.495, 29.803 ], [ 80.495, 29.802 ], [ 80.494, 29.802 ], [ 80.494, 29.802 ], [ 80.493, 29.802 ], [ 80.493, 29.802 ], [ 80.493, 29.802 ], [ 80.493, 29.801 ], [ 80.493, 29.801 ], [ 80.493, 29.801 ], [ 80.493, 29.801 ], [ 80.493, 29.8 ], [ 80.494, 29.8 ], [ 80.494, 29.799 ], [ 80.494, 29.799 ], [ 80.494, 29.799 ], [ 80.494, 29.799 ], [ 80.494, 29.798 ], [ 80.494, 29.798 ], [ 80.494, 29.798 ], [ 80.494, 29.797 ], [ 80.494, 29.797 ], [ 80.494, 29.797 ], [ 80.494, 29.797 ], [ 80.494, 29.796 ], [ 80.494, 29.796 ], [ 80.493, 29.796 ], [ 80.493, 29.795 ], [ 80.492, 29.795 ], [ 80.492, 29.795 ], [ 80.491, 29.796 ], [ 80.491, 29.796 ], [ 80.49, 29.796 ], [ 80.489, 29.796 ], [ 80.488, 29.796 ], [ 80.487, 29.796 ], [ 80.487, 29.796 ], [ 80.486, 29.796 ], [ 80.485, 29.796 ], [ 80.484, 29.796 ], [ 80.484, 29.796 ], [ 80.484, 29.796 ], [ 80.483, 29.796 ], [ 80.483, 29.796 ], [ 80.483, 29.796 ], [ 80.482, 29.796 ], [ 80.482, 29.796 ], [ 80.482, 29.796 ], [ 80.481, 29.796 ], [ 80.481, 29.795 ], [ 80.48, 29.795 ], [ 80.48, 29.795 ], [ 80.48, 29.795 ], [ 80.479, 29.796 ], [ 80.479, 29.796 ], [ 80.479, 29.796 ], [ 80.478, 29.797 ], [ 80.478, 29.797 ], [ 80.477, 29.797 ], [ 80.477, 29.798 ], [ 80.477, 29.798 ], [ 80.476, 29.798 ], [ 80.475, 29.798 ], [ 80.475, 29.798 ], [ 80.475, 29.799 ], [ 80.474, 29.799 ], [ 80.473, 29.799 ], [ 80.472, 29.799 ], [ 80.471, 29.8 ], [ 80.47, 29.8 ], [ 80.47, 29.8 ], [ 80.469, 29.8 ], [ 80.469, 29.8 ], [ 80.468, 29.801 ], [ 80.468, 29.801 ], [ 80.467, 29.801 ], [ 80.467, 29.801 ], [ 80.466, 29.802 ], [ 80.466, 29.802 ], [ 80.465, 29.802 ], [ 80.464, 29.802 ], [ 80.464, 29.802 ], [ 80.464, 29.802 ], [ 80.463, 29.802 ], [ 80.463, 29.802 ], [ 80.463, 29.802 ], [ 80.462, 29.802 ], [ 80.462, 29.802 ], [ 80.461, 29.802 ], [ 80.46, 29.802 ], [ 80.46, 29.802 ], [ 80.459, 29.802 ], [ 80.459, 29.802 ], [ 80.459, 29.802 ], [ 80.458, 29.803 ], [ 80.457, 29.803 ], [ 80.456, 29.802 ], [ 80.453, 29.802 ], [ 80.453, 29.802 ], [ 80.453, 29.802 ], [ 80.453, 29.802 ], [ 80.452, 29.802 ], [ 80.452, 29.801 ], [ 80.452, 29.801 ], [ 80.451, 29.801 ], [ 80.451, 29.8 ], [ 80.451, 29.8 ], [ 80.45, 29.8 ], [ 80.45, 29.8 ], [ 80.45, 29.8 ], [ 80.449, 29.799 ], [ 80.449, 29.799 ], [ 80.448, 29.799 ], [ 80.448, 29.799 ], [ 80.447, 29.799 ], [ 80.446, 29.799 ], [ 80.446, 29.799 ], [ 80.445, 29.799 ], [ 80.445, 29.799 ], [ 80.444, 29.799 ], [ 80.443, 29.799 ], [ 80.443, 29.799 ], [ 80.443, 29.799 ], [ 80.442, 29.8 ], [ 80.442, 29.8 ], [ 80.442, 29.8 ], [ 80.441, 29.801 ], [ 80.441, 29.801 ], [ 80.44, 29.801 ], [ 80.439, 29.802 ], [ 80.439, 29.802 ], [ 80.439, 29.803 ], [ 80.439, 29.803 ], [ 80.439, 29.804 ], [ 80.438, 29.804 ], [ 80.438, 29.805 ], [ 80.438, 29.805 ], [ 80.437, 29.806 ], [ 80.437, 29.806 ], [ 80.436, 29.806 ], [ 80.436, 29.806 ], [ 80.435, 29.806 ], [ 80.435, 29.806 ], [ 80.434, 29.806 ], [ 80.434, 29.805 ], [ 80.434, 29.805 ], [ 80.434, 29.804 ], [ 80.433, 29.804 ], [ 80.433, 29.804 ], [ 80.433, 29.803 ], [ 80.433, 29.803 ], [ 80.433, 29.803 ], [ 80.433, 29.803 ], [ 80.433, 29.803 ], [ 80.433, 29.802 ], [ 80.433, 29.802 ], [ 80.432, 29.802 ], [ 80.432, 29.802 ], [ 80.432, 29.802 ], [ 80.432, 29.802 ], [ 80.431, 29.802 ], [ 80.431, 29.801 ], [ 80.431, 29.801 ], [ 80.431, 29.801 ], [ 80.431, 29.801 ], [ 80.431, 29.8 ], [ 80.431, 29.8 ], [ 80.43, 29.8 ], [ 80.43, 29.799 ], [ 80.43, 29.799 ], [ 80.43, 29.799 ], [ 80.43, 29.799 ], [ 80.43, 29.798 ], [ 80.429, 29.798 ], [ 80.429, 29.798 ], [ 80.428, 29.798 ], [ 80.428, 29.798 ], [ 80.428, 29.798 ], [ 80.428, 29.798 ], [ 80.427, 29.797 ], [ 80.426, 29.797 ], [ 80.425, 29.797 ], [ 80.425, 29.797 ], [ 80.424, 29.797 ], [ 80.424, 29.796 ], [ 80.423, 29.796 ], [ 80.423, 29.796 ], [ 80.422, 29.796 ], [ 80.422, 29.796 ], [ 80.421, 29.796 ], [ 80.421, 29.796 ], [ 80.42, 29.796 ], [ 80.419, 29.796 ], [ 80.418, 29.796 ], [ 80.417, 29.796 ], [ 80.417, 29.796 ], [ 80.416, 29.796 ], [ 80.416, 29.796 ], [ 80.416, 29.796 ], [ 80.415, 29.795 ], [ 80.415, 29.795 ], [ 80.415, 29.795 ], [ 80.415, 29.795 ], [ 80.414, 29.794 ], [ 80.414, 29.794 ], [ 80.414, 29.793 ], [ 80.414, 29.793 ], [ 80.414, 29.793 ], [ 80.414, 29.792 ], [ 80.414, 29.792 ], [ 80.414, 29.792 ], [ 80.414, 29.792 ], [ 80.413, 29.792 ], [ 80.413, 29.792 ], [ 80.413, 29.792 ], [ 80.413, 29.792 ], [ 80.412, 29.792 ], [ 80.412, 29.792 ], [ 80.412, 29.792 ], [ 80.411, 29.792 ], [ 80.411, 29.792 ], [ 80.41, 29.792 ], [ 80.41, 29.792 ], [ 80.41, 29.793 ], [ 80.41, 29.793 ], [ 80.41, 29.794 ], [ 80.41, 29.794 ], [ 80.409, 29.794 ], [ 80.409, 29.794 ], [ 80.409, 29.794 ], [ 80.409, 29.795 ], [ 80.408, 29.795 ], [ 80.408, 29.795 ], [ 80.407, 29.795 ], [ 80.407, 29.795 ], [ 80.407, 29.795 ], [ 80.407, 29.794 ], [ 80.407, 29.794 ], [ 80.407, 29.794 ], [ 80.407, 29.794 ], [ 80.407, 29.794 ], [ 80.407, 29.794 ], [ 80.408, 29.793 ], [ 80.408, 29.793 ], [ 80.408, 29.793 ], [ 80.408, 29.792 ], [ 80.408, 29.792 ], [ 80.407, 29.791 ], [ 80.407, 29.791 ], [ 80.407, 29.791 ], [ 80.407, 29.791 ], [ 80.407, 29.791 ], [ 80.407, 29.79 ], [ 80.406, 29.79 ], [ 80.406, 29.79 ], [ 80.406, 29.789 ], [ 80.406, 29.789 ], [ 80.406, 29.789 ], [ 80.406, 29.789 ], [ 80.406, 29.788 ], [ 80.406, 29.788 ], [ 80.406, 29.787 ], [ 80.407, 29.787 ], [ 80.407, 29.787 ], [ 80.407, 29.787 ], [ 80.407, 29.787 ], [ 80.407, 29.786 ], [ 80.407, 29.786 ], [ 80.407, 29.786 ], [ 80.407, 29.785 ], [ 80.407, 29.785 ], [ 80.407, 29.784 ], [ 80.407, 29.784 ], [ 80.407, 29.784 ], [ 80.407, 29.784 ], [ 80.407, 29.784 ], [ 80.406, 29.783 ], [ 80.406, 29.783 ], [ 80.406, 29.783 ], [ 80.405, 29.783 ], [ 80.405, 29.783 ], [ 80.405, 29.783 ], [ 80.404, 29.783 ], [ 80.404, 29.782 ], [ 80.404, 29.782 ], [ 80.404, 29.782 ], [ 80.404, 29.782 ], [ 80.404, 29.781 ], [ 80.404, 29.781 ], [ 80.404, 29.781 ], [ 80.404, 29.781 ], [ 80.404, 29.78 ], [ 80.404, 29.78 ], [ 80.405, 29.78 ], [ 80.405, 29.779 ], [ 80.405, 29.779 ], [ 80.405, 29.779 ], [ 80.405, 29.778 ], [ 80.405, 29.778 ], [ 80.405, 29.778 ], [ 80.405, 29.778 ], [ 80.404, 29.777 ], [ 80.404, 29.777 ], [ 80.404, 29.777 ], [ 80.403, 29.777 ], [ 80.403, 29.776 ], [ 80.403, 29.776 ], [ 80.402, 29.776 ], [ 80.402, 29.776 ], [ 80.402, 29.776 ], [ 80.402, 29.776 ], [ 80.401, 29.775 ], [ 80.401, 29.775 ], [ 80.401, 29.775 ], [ 80.4, 29.774 ], [ 80.4, 29.774 ], [ 80.4, 29.774 ], [ 80.4, 29.773 ], [ 80.4, 29.773 ], [ 80.4, 29.773 ], [ 80.4, 29.773 ], [ 80.4, 29.773 ], [ 80.4, 29.773 ], [ 80.4, 29.772 ], [ 80.4, 29.772 ], [ 80.399, 29.771 ], [ 80.399, 29.771 ], [ 80.399, 29.77 ], [ 80.399, 29.77 ], [ 80.399, 29.77 ], [ 80.399, 29.77 ], [ 80.399, 29.769 ], [ 80.399, 29.769 ], [ 80.398, 29.769 ], [ 80.398, 29.769 ], [ 80.398, 29.768 ], [ 80.398, 29.768 ], [ 80.398, 29.767 ], [ 80.398, 29.767 ], [ 80.398, 29.767 ], [ 80.397, 29.766 ], [ 80.397, 29.766 ], [ 80.397, 29.766 ], [ 80.396, 29.765 ], [ 80.396, 29.765 ], [ 80.396, 29.765 ], [ 80.396, 29.765 ], [ 80.396, 29.765 ], [ 80.396, 29.764 ], [ 80.396, 29.763 ], [ 80.396, 29.763 ], [ 80.396, 29.763 ], [ 80.397, 29.763 ], [ 80.397, 29.762 ], [ 80.397, 29.762 ], [ 80.397, 29.762 ], [ 80.397, 29.762 ], [ 80.397, 29.761 ], [ 80.398, 29.761 ], [ 80.398, 29.761 ], [ 80.398, 29.761 ], [ 80.398, 29.76 ], [ 80.398, 29.76 ], [ 80.398, 29.76 ], [ 80.398, 29.76 ], [ 80.398, 29.759 ], [ 80.398, 29.759 ], [ 80.397, 29.759 ], [ 80.397, 29.759 ], [ 80.397, 29.758 ], [ 80.397, 29.758 ], [ 80.396, 29.758 ], [ 80.396, 29.758 ], [ 80.396, 29.758 ], [ 80.396, 29.758 ], [ 80.395, 29.758 ], [ 80.395, 29.758 ], [ 80.395, 29.758 ], [ 80.394, 29.758 ], [ 80.394, 29.758 ], [ 80.394, 29.758 ], [ 80.394, 29.758 ], [ 80.394, 29.759 ], [ 80.393, 29.759 ], [ 80.393, 29.759 ], [ 80.392, 29.759 ], [ 80.392, 29.76 ], [ 80.392, 29.76 ], [ 80.391, 29.76 ], [ 80.391, 29.76 ], [ 80.391, 29.76 ], [ 80.391, 29.76 ], [ 80.391, 29.76 ], [ 80.391, 29.76 ], [ 80.39, 29.76 ], [ 80.39, 29.76 ], [ 80.389, 29.76 ], [ 80.389, 29.76 ], [ 80.388, 29.76 ], [ 80.388, 29.76 ], [ 80.387, 29.76 ], [ 80.387, 29.76 ], [ 80.387, 29.76 ], [ 80.387, 29.759 ], [ 80.386, 29.759 ], [ 80.386, 29.759 ], [ 80.386, 29.759 ], [ 80.386, 29.759 ], [ 80.385, 29.759 ], [ 80.385, 29.758 ], [ 80.385, 29.758 ], [ 80.385, 29.758 ], [ 80.385, 29.758 ], [ 80.385, 29.757 ], [ 80.385, 29.757 ], [ 80.385, 29.757 ], [ 80.385, 29.756 ], [ 80.385, 29.756 ], [ 80.385, 29.756 ], [ 80.385, 29.755 ], [ 80.385, 29.755 ], [ 80.385, 29.755 ], [ 80.385, 29.755 ], [ 80.385, 29.755 ], [ 80.385, 29.754 ], [ 80.385, 29.754 ], [ 80.386, 29.754 ], [ 80.386, 29.753 ], [ 80.386, 29.753 ], [ 80.386, 29.753 ], [ 80.386, 29.752 ], [ 80.386, 29.752 ], [ 80.386, 29.752 ], [ 80.386, 29.751 ], [ 80.386, 29.751 ], [ 80.386, 29.751 ], [ 80.386, 29.751 ], [ 80.385, 29.75 ], [ 80.385, 29.75 ], [ 80.385, 29.75 ], [ 80.384, 29.75 ], [ 80.384, 29.75 ], [ 80.384, 29.75 ], [ 80.384, 29.75 ], [ 80.383, 29.75 ], [ 80.383, 29.75 ], [ 80.382, 29.751 ], [ 80.382, 29.751 ], [ 80.382, 29.751 ], [ 80.381, 29.751 ], [ 80.381, 29.75 ], [ 80.381, 29.75 ], [ 80.38, 29.75 ], [ 80.38, 29.75 ], [ 80.38, 29.75 ], [ 80.38, 29.75 ], [ 80.379, 29.75 ], [ 80.379, 29.75 ], [ 80.378, 29.75 ], [ 80.378, 29.75 ], [ 80.378, 29.75 ], [ 80.377, 29.75 ], [ 80.376, 29.75 ], [ 80.376, 29.75 ], [ 80.376, 29.75 ], [ 80.375, 29.75 ], [ 80.375, 29.75 ], [ 80.375, 29.75 ], [ 80.375, 29.75 ], [ 80.374, 29.75 ], [ 80.374, 29.75 ], [ 80.374, 29.749 ], [ 80.374, 29.749 ], [ 80.373, 29.749 ], [ 80.373, 29.749 ], [ 80.372, 29.749 ], [ 80.372, 29.749 ], [ 80.372, 29.75 ], [ 80.371, 29.75 ], [ 80.371, 29.75 ], [ 80.37, 29.75 ], [ 80.37, 29.75 ], [ 80.37, 29.75 ], [ 80.37, 29.751 ], [ 80.37, 29.751 ], [ 80.369, 29.751 ], [ 80.369, 29.751 ], [ 80.369, 29.751 ], [ 80.369, 29.751 ], [ 80.368, 29.751 ], [ 80.368, 29.751 ], [ 80.368, 29.75 ], [ 80.367, 29.75 ], [ 80.367, 29.75 ], [ 80.367, 29.749 ], [ 80.366, 29.749 ], [ 80.366, 29.749 ], [ 80.366, 29.749 ], [ 80.366, 29.748 ], [ 80.366, 29.748 ], [ 80.366, 29.748 ], [ 80.366, 29.748 ], [ 80.365, 29.747 ], [ 80.365, 29.747 ], [ 80.365, 29.747 ], [ 80.365, 29.746 ], [ 80.365, 29.745 ], [ 80.365, 29.745 ], [ 80.365, 29.745 ], [ 80.365, 29.744 ], [ 80.365, 29.744 ], [ 80.365, 29.744 ], [ 80.365, 29.744 ], [ 80.365, 29.744 ], [ 80.365, 29.743 ], [ 80.365, 29.743 ], [ 80.365, 29.743 ], [ 80.365, 29.743 ], [ 80.365, 29.742 ], [ 80.365, 29.742 ], [ 80.365, 29.742 ], [ 80.365, 29.741 ], [ 80.365, 29.741 ], [ 80.364, 29.741 ], [ 80.364, 29.74 ], [ 80.365, 29.74 ], [ 80.365, 29.74 ], [ 80.365, 29.739 ], [ 80.365, 29.739 ], [ 80.365, 29.739 ], [ 80.365, 29.739 ], [ 80.366, 29.738 ], [ 80.366, 29.738 ], [ 80.366, 29.738 ], [ 80.366, 29.738 ], [ 80.366, 29.738 ], [ 80.367, 29.737 ], [ 80.367, 29.737 ], [ 80.367, 29.737 ], [ 80.367, 29.737 ], [ 80.368, 29.737 ], [ 80.368, 29.736 ], [ 80.368, 29.736 ], [ 80.368, 29.736 ], [ 80.369, 29.735 ], [ 80.369, 29.735 ], [ 80.369, 29.735 ], [ 80.369, 29.735 ], [ 80.369, 29.735 ], [ 80.369, 29.735 ], [ 80.37, 29.734 ], [ 80.37, 29.734 ], [ 80.37, 29.734 ], [ 80.37, 29.734 ], [ 80.369, 29.734 ], [ 80.369, 29.733 ], [ 80.369, 29.733 ], [ 80.369, 29.733 ], [ 80.369, 29.733 ], [ 80.368, 29.732 ], [ 80.368, 29.732 ], [ 80.367, 29.732 ], [ 80.367, 29.731 ], [ 80.367, 29.731 ], [ 80.367, 29.731 ], [ 80.366, 29.731 ], [ 80.366, 29.73 ], [ 80.366, 29.73 ], [ 80.366, 29.73 ], [ 80.366, 29.73 ], [ 80.366, 29.729 ], [ 80.366, 29.729 ], [ 80.366, 29.729 ], [ 80.366, 29.729 ], [ 80.366, 29.728 ], [ 80.366, 29.728 ], [ 80.366, 29.727 ], [ 80.366, 29.727 ], [ 80.366, 29.727 ], [ 80.366, 29.726 ], [ 80.366, 29.726 ], [ 80.366, 29.726 ], [ 80.366, 29.725 ], [ 80.366, 29.725 ], [ 80.366, 29.725 ], [ 80.366, 29.724 ], [ 80.367, 29.724 ], [ 80.367, 29.724 ], [ 80.367, 29.723 ], [ 80.367, 29.723 ], [ 80.367, 29.723 ], [ 80.367, 29.723 ], [ 80.368, 29.722 ], [ 80.368, 29.722 ], [ 80.368, 29.722 ], [ 80.368, 29.722 ], [ 80.369, 29.722 ], [ 80.369, 29.722 ], [ 80.369, 29.722 ], [ 80.37, 29.722 ], [ 80.37, 29.722 ], [ 80.37, 29.722 ], [ 80.371, 29.722 ], [ 80.372, 29.722 ], [ 80.372, 29.722 ], [ 80.373, 29.722 ], [ 80.373, 29.722 ], [ 80.374, 29.721 ], [ 80.374, 29.721 ], [ 80.374, 29.721 ], [ 80.374, 29.721 ], [ 80.375, 29.721 ], [ 80.375, 29.721 ], [ 80.375, 29.721 ], [ 80.375, 29.721 ], [ 80.376, 29.72 ], [ 80.376, 29.72 ], [ 80.376, 29.72 ], [ 80.376, 29.72 ], [ 80.376, 29.72 ], [ 80.376, 29.719 ], [ 80.376, 29.719 ], [ 80.376, 29.719 ], [ 80.375, 29.719 ], [ 80.375, 29.718 ], [ 80.375, 29.718 ], [ 80.374, 29.718 ], [ 80.374, 29.718 ], [ 80.374, 29.717 ], [ 80.373, 29.717 ], [ 80.373, 29.717 ], [ 80.373, 29.717 ], [ 80.372, 29.716 ], [ 80.372, 29.716 ], [ 80.372, 29.716 ], [ 80.372, 29.715 ], [ 80.372, 29.715 ], [ 80.373, 29.715 ], [ 80.373, 29.714 ], [ 80.373, 29.714 ], [ 80.373, 29.714 ], [ 80.373, 29.714 ], [ 80.373, 29.714 ], [ 80.374, 29.714 ], [ 80.374, 29.714 ], [ 80.374, 29.713 ], [ 80.374, 29.713 ], [ 80.375, 29.713 ], [ 80.375, 29.713 ], [ 80.374, 29.712 ], [ 80.374, 29.712 ], [ 80.374, 29.712 ], [ 80.374, 29.711 ], [ 80.375, 29.71 ], [ 80.375, 29.71 ], [ 80.375, 29.709 ], [ 80.375, 29.709 ], [ 80.375, 29.708 ], [ 80.375, 29.708 ], [ 80.375, 29.708 ], [ 80.375, 29.708 ], [ 80.376, 29.707 ], [ 80.376, 29.706 ], [ 80.376, 29.706 ], [ 80.376, 29.706 ], [ 80.376, 29.705 ], [ 80.376, 29.705 ], [ 80.376, 29.704 ], [ 80.377, 29.704 ], [ 80.377, 29.704 ], [ 80.377, 29.703 ], [ 80.377, 29.703 ], [ 80.377, 29.703 ], [ 80.378, 29.702 ], [ 80.378, 29.702 ], [ 80.378, 29.702 ], [ 80.379, 29.702 ], [ 80.379, 29.701 ], [ 80.379, 29.701 ], [ 80.379, 29.701 ], [ 80.379, 29.701 ], [ 80.379, 29.701 ], [ 80.379, 29.7 ], [ 80.379, 29.7 ], [ 80.38, 29.699 ], [ 80.38, 29.699 ], [ 80.38, 29.699 ], [ 80.38, 29.698 ], [ 80.38, 29.698 ], [ 80.38, 29.698 ], [ 80.38, 29.697 ], [ 80.38, 29.697 ], [ 80.38, 29.697 ], [ 80.38, 29.696 ], [ 80.38, 29.696 ], [ 80.38, 29.695 ], [ 80.38, 29.695 ], [ 80.38, 29.695 ], [ 80.38, 29.694 ], [ 80.38, 29.694 ], [ 80.38, 29.694 ], [ 80.38, 29.693 ], [ 80.38, 29.693 ], [ 80.38, 29.692 ], [ 80.38, 29.692 ], [ 80.38, 29.691 ], [ 80.38, 29.691 ], [ 80.38, 29.69 ], [ 80.38, 29.69 ], [ 80.38, 29.689 ], [ 80.38, 29.689 ], [ 80.381, 29.689 ], [ 80.381, 29.689 ], [ 80.381, 29.688 ], [ 80.382, 29.688 ], [ 80.382, 29.688 ], [ 80.382, 29.687 ], [ 80.383, 29.687 ], [ 80.383, 29.687 ], [ 80.384, 29.687 ], [ 80.384, 29.686 ], [ 80.385, 29.686 ], [ 80.385, 29.686 ], [ 80.385, 29.686 ], [ 80.385, 29.685 ], [ 80.385, 29.685 ], [ 80.385, 29.685 ], [ 80.385, 29.685 ], [ 80.385, 29.684 ], [ 80.385, 29.684 ], [ 80.385, 29.683 ], [ 80.385, 29.683 ], [ 80.384, 29.683 ], [ 80.384, 29.682 ], [ 80.384, 29.682 ], [ 80.384, 29.682 ], [ 80.384, 29.681 ], [ 80.384, 29.68 ], [ 80.384, 29.679 ], [ 80.384, 29.679 ], [ 80.384, 29.678 ], [ 80.383, 29.678 ], [ 80.384, 29.678 ], [ 80.383, 29.677 ], [ 80.383, 29.677 ], [ 80.384, 29.677 ], [ 80.384, 29.677 ], [ 80.384, 29.676 ], [ 80.384, 29.676 ], [ 80.384, 29.675 ], [ 80.384, 29.675 ], [ 80.384, 29.675 ], [ 80.384, 29.675 ], [ 80.385, 29.675 ], [ 80.385, 29.674 ], [ 80.385, 29.674 ], [ 80.386, 29.674 ], [ 80.386, 29.674 ], [ 80.386, 29.673 ], [ 80.386, 29.673 ], [ 80.387, 29.673 ], [ 80.387, 29.673 ], [ 80.388, 29.673 ], [ 80.388, 29.672 ], [ 80.388, 29.672 ], [ 80.389, 29.672 ], [ 80.389, 29.672 ], [ 80.389, 29.672 ], [ 80.39, 29.672 ], [ 80.39, 29.671 ], [ 80.39, 29.671 ], [ 80.39, 29.671 ], [ 80.39, 29.67 ], [ 80.39, 29.67 ], [ 80.39, 29.67 ], [ 80.39, 29.669 ], [ 80.389, 29.669 ], [ 80.389, 29.668 ], [ 80.389, 29.668 ], [ 80.39, 29.667 ], [ 80.39, 29.667 ], [ 80.39, 29.667 ], [ 80.39, 29.667 ], [ 80.39, 29.666 ], [ 80.39, 29.666 ], [ 80.39, 29.666 ], [ 80.39, 29.666 ], [ 80.39, 29.665 ], [ 80.39, 29.665 ], [ 80.39, 29.665 ], [ 80.391, 29.664 ], [ 80.391, 29.664 ], [ 80.392, 29.664 ], [ 80.393, 29.664 ], [ 80.393, 29.664 ], [ 80.393, 29.664 ], [ 80.394, 29.663 ], [ 80.395, 29.663 ], [ 80.396, 29.663 ], [ 80.396, 29.663 ], [ 80.397, 29.663 ], [ 80.398, 29.663 ], [ 80.398, 29.662 ], [ 80.399, 29.662 ], [ 80.399, 29.662 ], [ 80.399, 29.662 ], [ 80.399, 29.662 ], [ 80.399, 29.661 ], [ 80.399, 29.661 ], [ 80.398, 29.661 ], [ 80.398, 29.661 ], [ 80.398, 29.66 ], [ 80.398, 29.66 ], [ 80.398, 29.659 ], [ 80.398, 29.659 ], [ 80.399, 29.659 ], [ 80.399, 29.659 ], [ 80.399, 29.659 ], [ 80.4, 29.659 ], [ 80.4, 29.659 ], [ 80.401, 29.659 ], [ 80.401, 29.659 ], [ 80.402, 29.659 ], [ 80.403, 29.659 ], [ 80.403, 29.659 ], [ 80.404, 29.66 ], [ 80.404, 29.66 ], [ 80.404, 29.66 ], [ 80.405, 29.66 ], [ 80.405, 29.66 ], [ 80.405, 29.66 ], [ 80.405, 29.66 ], [ 80.406, 29.66 ], [ 80.406, 29.66 ], [ 80.407, 29.659 ], [ 80.407, 29.659 ], [ 80.407, 29.659 ], [ 80.407, 29.659 ], [ 80.407, 29.658 ], [ 80.408, 29.658 ], [ 80.408, 29.658 ], [ 80.408, 29.658 ], [ 80.408, 29.657 ], [ 80.408, 29.657 ], [ 80.408, 29.657 ], [ 80.409, 29.657 ], [ 80.409, 29.657 ], [ 80.409, 29.657 ], [ 80.409, 29.656 ], [ 80.409, 29.656 ], [ 80.409, 29.656 ], [ 80.409, 29.656 ], [ 80.409, 29.656 ], [ 80.409, 29.655 ], [ 80.409, 29.655 ], [ 80.409, 29.655 ], [ 80.409, 29.655 ], [ 80.41, 29.654 ], [ 80.41, 29.654 ], [ 80.41, 29.654 ], [ 80.41, 29.654 ], [ 80.411, 29.654 ], [ 80.411, 29.654 ], [ 80.412, 29.654 ], [ 80.412, 29.654 ], [ 80.413, 29.654 ], [ 80.413, 29.654 ], [ 80.413, 29.654 ], [ 80.414, 29.654 ], [ 80.414, 29.654 ], [ 80.414, 29.654 ], [ 80.415, 29.654 ], [ 80.415, 29.654 ], [ 80.415, 29.653 ], [ 80.415, 29.653 ], [ 80.415, 29.653 ], [ 80.416, 29.653 ], [ 80.416, 29.652 ], [ 80.416, 29.652 ], [ 80.416, 29.652 ], [ 80.416, 29.651 ], [ 80.416, 29.651 ], [ 80.416, 29.65 ], [ 80.416, 29.65 ], [ 80.416, 29.65 ], [ 80.416, 29.65 ], [ 80.416, 29.65 ], [ 80.416, 29.65 ], [ 80.416, 29.649 ], [ 80.416, 29.649 ], [ 80.415, 29.649 ], [ 80.415, 29.649 ], [ 80.415, 29.649 ], [ 80.415, 29.649 ], [ 80.415, 29.648 ], [ 80.415, 29.648 ], [ 80.415, 29.648 ], [ 80.415, 29.648 ], [ 80.415, 29.647 ], [ 80.415, 29.647 ], [ 80.414, 29.646 ], [ 80.414, 29.646 ], [ 80.414, 29.646 ], [ 80.414, 29.645 ], [ 80.414, 29.645 ], [ 80.414, 29.645 ], [ 80.414, 29.645 ], [ 80.414, 29.645 ], [ 80.414, 29.645 ], [ 80.414, 29.644 ], [ 80.414, 29.644 ], [ 80.414, 29.644 ], [ 80.414, 29.643 ], [ 80.415, 29.643 ], [ 80.415, 29.643 ], [ 80.415, 29.642 ], [ 80.415, 29.642 ], [ 80.416, 29.642 ], [ 80.416, 29.642 ], [ 80.416, 29.642 ], [ 80.416, 29.641 ], [ 80.416, 29.641 ], [ 80.416, 29.641 ], [ 80.417, 29.641 ], [ 80.417, 29.641 ], [ 80.418, 29.64 ], [ 80.418, 29.64 ], [ 80.419, 29.64 ], [ 80.419, 29.64 ], [ 80.419, 29.64 ], [ 80.419, 29.64 ], [ 80.42, 29.64 ], [ 80.42, 29.639 ], [ 80.42, 29.639 ], [ 80.42, 29.639 ], [ 80.42, 29.639 ], [ 80.42, 29.639 ], [ 80.42, 29.639 ], [ 80.42, 29.638 ], [ 80.42, 29.638 ], [ 80.42, 29.638 ], [ 80.42, 29.637 ], [ 80.42, 29.637 ], [ 80.42, 29.636 ], [ 80.42, 29.636 ], [ 80.419, 29.635 ], [ 80.419, 29.635 ], [ 80.419, 29.635 ], [ 80.419, 29.635 ], [ 80.419, 29.634 ], [ 80.419, 29.634 ], [ 80.419, 29.634 ], [ 80.419, 29.633 ], [ 80.42, 29.633 ], [ 80.42, 29.633 ], [ 80.42, 29.633 ], [ 80.42, 29.632 ], [ 80.421, 29.632 ], [ 80.421, 29.632 ], [ 80.421, 29.632 ], [ 80.421, 29.631 ], [ 80.421, 29.631 ], [ 80.421, 29.63 ], [ 80.421, 29.63 ], [ 80.421, 29.63 ], [ 80.42, 29.629 ], [ 80.42, 29.629 ], [ 80.42, 29.629 ], [ 80.42, 29.628 ], [ 80.42, 29.628 ], [ 80.419, 29.627 ], [ 80.419, 29.627 ], [ 80.419, 29.627 ], [ 80.419, 29.627 ], [ 80.418, 29.627 ], [ 80.418, 29.627 ], [ 80.418, 29.627 ], [ 80.418, 29.626 ], [ 80.417, 29.626 ], [ 80.416, 29.626 ], [ 80.416, 29.626 ], [ 80.416, 29.626 ], [ 80.415, 29.627 ], [ 80.414, 29.627 ], [ 80.413, 29.626 ], [ 80.413, 29.626 ], [ 80.412, 29.626 ], [ 80.411, 29.626 ], [ 80.411, 29.626 ], [ 80.411, 29.625 ], [ 80.411, 29.625 ], [ 80.41, 29.624 ], [ 80.41, 29.624 ], [ 80.41, 29.624 ], [ 80.41, 29.623 ], [ 80.409, 29.623 ], [ 80.409, 29.622 ], [ 80.409, 29.622 ], [ 80.409, 29.621 ], [ 80.408, 29.621 ], [ 80.408, 29.621 ], [ 80.408, 29.62 ], [ 80.408, 29.62 ], [ 80.408, 29.62 ], [ 80.408, 29.62 ], [ 80.408, 29.619 ], [ 80.408, 29.619 ], [ 80.408, 29.618 ], [ 80.408, 29.618 ], [ 80.408, 29.617 ], [ 80.408, 29.617 ], [ 80.408, 29.616 ], [ 80.408, 29.616 ], [ 80.408, 29.615 ], [ 80.408, 29.615 ], [ 80.407, 29.615 ], [ 80.407, 29.614 ], [ 80.407, 29.614 ], [ 80.407, 29.614 ], [ 80.406, 29.614 ], [ 80.406, 29.614 ], [ 80.406, 29.613 ], [ 80.406, 29.613 ], [ 80.406, 29.613 ], [ 80.406, 29.613 ], [ 80.406, 29.612 ], [ 80.406, 29.612 ], [ 80.406, 29.612 ], [ 80.406, 29.611 ], [ 80.407, 29.611 ], [ 80.407, 29.611 ], [ 80.407, 29.61 ], [ 80.408, 29.61 ], [ 80.408, 29.61 ], [ 80.408, 29.61 ], [ 80.408, 29.609 ], [ 80.408, 29.609 ], [ 80.408, 29.609 ], [ 80.408, 29.609 ], [ 80.408, 29.608 ], [ 80.408, 29.608 ], [ 80.408, 29.608 ], [ 80.408, 29.607 ], [ 80.408, 29.607 ], [ 80.409, 29.606 ], [ 80.409, 29.606 ], [ 80.409, 29.606 ], [ 80.409, 29.605 ], [ 80.409, 29.605 ], [ 80.409, 29.605 ], [ 80.409, 29.605 ], [ 80.409, 29.604 ], [ 80.409, 29.604 ], [ 80.409, 29.604 ], [ 80.409, 29.603 ], [ 80.409, 29.602 ], [ 80.409, 29.602 ], [ 80.409, 29.602 ], [ 80.409, 29.601 ], [ 80.408, 29.601 ], [ 80.408, 29.6 ], [ 80.408, 29.6 ], [ 80.408, 29.6 ], [ 80.409, 29.599 ], [ 80.409, 29.599 ], [ 80.408, 29.599 ], [ 80.408, 29.598 ], [ 80.408, 29.598 ], [ 80.408, 29.598 ], [ 80.408, 29.598 ], [ 80.408, 29.597 ], [ 80.408, 29.597 ], [ 80.408, 29.597 ], [ 80.408, 29.596 ], [ 80.408, 29.596 ], [ 80.408, 29.596 ], [ 80.408, 29.596 ], [ 80.408, 29.596 ], [ 80.408, 29.596 ], [ 80.408, 29.596 ], [ 80.408, 29.595 ], [ 80.408, 29.595 ], [ 80.407, 29.595 ], [ 80.407, 29.595 ], [ 80.407, 29.595 ], [ 80.407, 29.595 ], [ 80.407, 29.594 ], [ 80.407, 29.594 ], [ 80.406, 29.594 ], [ 80.406, 29.594 ], [ 80.406, 29.594 ], [ 80.406, 29.593 ], [ 80.406, 29.593 ], [ 80.406, 29.593 ], [ 80.406, 29.593 ], [ 80.405, 29.593 ], [ 80.405, 29.592 ], [ 80.405, 29.592 ], [ 80.405, 29.591 ], [ 80.404, 29.591 ], [ 80.404, 29.591 ], [ 80.404, 29.591 ], [ 80.404, 29.591 ], [ 80.404, 29.59 ], [ 80.403, 29.59 ], [ 80.403, 29.59 ], [ 80.403, 29.59 ], [ 80.403, 29.59 ], [ 80.403, 29.589 ], [ 80.403, 29.589 ], [ 80.402, 29.589 ], [ 80.402, 29.589 ], [ 80.402, 29.589 ], [ 80.402, 29.589 ], [ 80.401, 29.589 ], [ 80.401, 29.589 ], [ 80.401, 29.588 ], [ 80.401, 29.588 ], [ 80.401, 29.588 ], [ 80.4, 29.588 ], [ 80.4, 29.588 ], [ 80.4, 29.588 ], [ 80.4, 29.588 ], [ 80.399, 29.587 ], [ 80.399, 29.587 ], [ 80.398, 29.587 ], [ 80.398, 29.586 ], [ 80.398, 29.586 ], [ 80.397, 29.585 ], [ 80.397, 29.585 ], [ 80.396, 29.585 ], [ 80.396, 29.584 ], [ 80.396, 29.584 ], [ 80.395, 29.584 ], [ 80.395, 29.584 ], [ 80.394, 29.583 ], [ 80.394, 29.583 ], [ 80.394, 29.583 ], [ 80.393, 29.583 ], [ 80.393, 29.583 ], [ 80.393, 29.582 ], [ 80.392, 29.582 ], [ 80.392, 29.582 ], [ 80.392, 29.582 ], [ 80.391, 29.581 ], [ 80.391, 29.581 ], [ 80.391, 29.581 ], [ 80.391, 29.581 ], [ 80.391, 29.581 ], [ 80.391, 29.581 ], [ 80.391, 29.58 ], [ 80.391, 29.58 ], [ 80.391, 29.579 ], [ 80.391, 29.579 ], [ 80.391, 29.579 ], [ 80.391, 29.578 ], [ 80.391, 29.578 ], [ 80.39, 29.577 ], [ 80.39, 29.577 ], [ 80.39, 29.577 ], [ 80.39, 29.577 ], [ 80.39, 29.576 ], [ 80.39, 29.576 ], [ 80.39, 29.576 ], [ 80.39, 29.575 ], [ 80.39, 29.575 ], [ 80.39, 29.575 ], [ 80.39, 29.574 ], [ 80.39, 29.574 ], [ 80.39, 29.574 ], [ 80.39, 29.574 ], [ 80.39, 29.574 ], [ 80.39, 29.573 ], [ 80.39, 29.573 ], [ 80.389, 29.573 ], [ 80.389, 29.573 ], [ 80.389, 29.573 ], [ 80.389, 29.572 ], [ 80.389, 29.572 ], [ 80.388, 29.572 ], [ 80.388, 29.571 ], [ 80.388, 29.571 ], [ 80.388, 29.571 ], [ 80.387, 29.571 ], [ 80.387, 29.571 ], [ 80.387, 29.571 ], [ 80.386, 29.571 ], [ 80.386, 29.571 ], [ 80.386, 29.571 ], [ 80.385, 29.571 ], [ 80.385, 29.571 ], [ 80.384, 29.571 ], [ 80.384, 29.571 ], [ 80.383, 29.571 ], [ 80.383, 29.571 ], [ 80.382, 29.571 ], [ 80.382, 29.571 ], [ 80.382, 29.571 ], [ 80.381, 29.571 ], [ 80.381, 29.571 ], [ 80.381, 29.571 ], [ 80.381, 29.571 ], [ 80.38, 29.571 ], [ 80.38, 29.572 ], [ 80.379, 29.572 ], [ 80.379, 29.572 ], [ 80.379, 29.571 ], [ 80.379, 29.571 ], [ 80.379, 29.571 ], [ 80.379, 29.57 ], [ 80.379, 29.57 ], [ 80.378, 29.569 ], [ 80.378, 29.568 ], [ 80.378, 29.568 ], [ 80.378, 29.568 ], [ 80.378, 29.567 ], [ 80.379, 29.567 ], [ 80.379, 29.567 ], [ 80.379, 29.566 ], [ 80.379, 29.566 ], [ 80.379, 29.565 ], [ 80.379, 29.565 ], [ 80.379, 29.564 ], [ 80.379, 29.564 ], [ 80.379, 29.563 ], [ 80.379, 29.563 ], [ 80.379, 29.563 ], [ 80.379, 29.562 ], [ 80.379, 29.562 ], [ 80.379, 29.562 ], [ 80.379, 29.562 ], [ 80.379, 29.561 ], [ 80.379, 29.561 ], [ 80.378, 29.561 ], [ 80.378, 29.561 ], [ 80.378, 29.561 ], [ 80.378, 29.561 ], [ 80.378, 29.561 ], [ 80.377, 29.561 ], [ 80.377, 29.561 ], [ 80.377, 29.561 ], [ 80.377, 29.561 ], [ 80.376, 29.561 ], [ 80.376, 29.561 ], [ 80.375, 29.561 ], [ 80.375, 29.562 ], [ 80.375, 29.562 ], [ 80.374, 29.562 ], [ 80.373, 29.562 ], [ 80.373, 29.562 ], [ 80.373, 29.563 ], [ 80.372, 29.563 ], [ 80.372, 29.563 ], [ 80.371, 29.563 ], [ 80.371, 29.563 ], [ 80.371, 29.563 ], [ 80.37, 29.563 ], [ 80.37, 29.563 ], [ 80.37, 29.563 ], [ 80.369, 29.563 ], [ 80.369, 29.563 ], [ 80.368, 29.563 ], [ 80.368, 29.563 ], [ 80.368, 29.563 ], [ 80.367, 29.563 ], [ 80.367, 29.563 ], [ 80.366, 29.563 ], [ 80.366, 29.563 ], [ 80.366, 29.563 ], [ 80.365, 29.564 ], [ 80.365, 29.564 ], [ 80.365, 29.564 ], [ 80.365, 29.564 ], [ 80.365, 29.564 ], [ 80.364, 29.564 ], [ 80.364, 29.564 ], [ 80.364, 29.564 ], [ 80.363, 29.564 ], [ 80.363, 29.564 ], [ 80.363, 29.564 ], [ 80.363, 29.564 ], [ 80.363, 29.564 ], [ 80.363, 29.564 ], [ 80.362, 29.563 ], [ 80.362, 29.563 ], [ 80.362, 29.562 ], [ 80.362, 29.562 ], [ 80.362, 29.562 ], [ 80.362, 29.562 ], [ 80.362, 29.561 ], [ 80.362, 29.561 ], [ 80.362, 29.56 ], [ 80.362, 29.56 ], [ 80.362, 29.56 ], [ 80.363, 29.56 ], [ 80.363, 29.56 ], [ 80.363, 29.559 ], [ 80.363, 29.559 ], [ 80.363, 29.559 ], [ 80.364, 29.558 ], [ 80.364, 29.558 ], [ 80.364, 29.558 ], [ 80.364, 29.558 ], [ 80.364, 29.557 ], [ 80.364, 29.557 ], [ 80.364, 29.557 ], [ 80.364, 29.556 ], [ 80.364, 29.556 ], [ 80.363, 29.556 ], [ 80.363, 29.556 ], [ 80.362, 29.556 ], [ 80.362, 29.556 ], [ 80.361, 29.556 ], [ 80.361, 29.556 ], [ 80.36, 29.556 ], [ 80.36, 29.556 ], [ 80.359, 29.556 ], [ 80.359, 29.555 ], [ 80.358, 29.555 ], [ 80.358, 29.555 ], [ 80.357, 29.555 ], [ 80.357, 29.555 ], [ 80.357, 29.555 ], [ 80.356, 29.555 ], [ 80.356, 29.555 ], [ 80.356, 29.555 ], [ 80.355, 29.555 ], [ 80.355, 29.555 ], [ 80.354, 29.555 ], [ 80.354, 29.555 ], [ 80.354, 29.555 ], [ 80.353, 29.555 ], [ 80.353, 29.555 ], [ 80.352, 29.555 ], [ 80.352, 29.555 ], [ 80.351, 29.555 ], [ 80.351, 29.555 ], [ 80.35, 29.555 ], [ 80.35, 29.555 ], [ 80.349, 29.555 ], [ 80.349, 29.555 ], [ 80.348, 29.555 ], [ 80.347, 29.555 ], [ 80.347, 29.555 ], [ 80.347, 29.555 ], [ 80.346, 29.554 ], [ 80.346, 29.554 ], [ 80.346, 29.554 ], [ 80.346, 29.554 ], [ 80.345, 29.554 ], [ 80.345, 29.554 ], [ 80.345, 29.554 ], [ 80.345, 29.554 ], [ 80.344, 29.554 ], [ 80.344, 29.554 ], [ 80.343, 29.554 ], [ 80.343, 29.554 ], [ 80.343, 29.553 ], [ 80.343, 29.553 ], [ 80.343, 29.553 ], [ 80.342, 29.553 ], [ 80.342, 29.552 ], [ 80.342, 29.552 ], [ 80.343, 29.552 ], [ 80.343, 29.551 ], [ 80.343, 29.551 ], [ 80.343, 29.551 ], [ 80.344, 29.551 ], [ 80.344, 29.551 ], [ 80.344, 29.55 ], [ 80.344, 29.55 ], [ 80.345, 29.55 ], [ 80.345, 29.55 ], [ 80.345, 29.55 ], [ 80.345, 29.549 ], [ 80.345, 29.549 ], [ 80.346, 29.549 ], [ 80.346, 29.549 ], [ 80.346, 29.548 ], [ 80.345, 29.548 ], [ 80.345, 29.548 ], [ 80.345, 29.548 ], [ 80.345, 29.548 ], [ 80.345, 29.547 ], [ 80.345, 29.547 ], [ 80.345, 29.547 ], [ 80.344, 29.546 ], [ 80.344, 29.546 ], [ 80.344, 29.546 ], [ 80.344, 29.545 ], [ 80.344, 29.545 ], [ 80.343, 29.545 ], [ 80.343, 29.545 ], [ 80.343, 29.545 ], [ 80.343, 29.544 ], [ 80.343, 29.544 ], [ 80.342, 29.543 ], [ 80.341, 29.542 ], [ 80.341, 29.542 ], [ 80.341, 29.542 ], [ 80.341, 29.542 ], [ 80.341, 29.541 ], [ 80.341, 29.541 ], [ 80.342, 29.541 ], [ 80.342, 29.54 ], [ 80.343, 29.54 ], [ 80.343, 29.54 ], [ 80.344, 29.54 ], [ 80.344, 29.54 ], [ 80.345, 29.54 ], [ 80.345, 29.54 ], [ 80.347, 29.541 ], [ 80.347, 29.541 ], [ 80.347, 29.541 ], [ 80.347, 29.541 ], [ 80.348, 29.541 ], [ 80.349, 29.54 ], [ 80.349, 29.54 ], [ 80.349, 29.54 ], [ 80.35, 29.54 ], [ 80.35, 29.539 ], [ 80.351, 29.539 ], [ 80.351, 29.538 ], [ 80.351, 29.537 ], [ 80.352, 29.537 ], [ 80.352, 29.537 ], [ 80.352, 29.536 ], [ 80.352, 29.536 ], [ 80.353, 29.536 ], [ 80.353, 29.536 ], [ 80.354, 29.535 ], [ 80.354, 29.535 ], [ 80.354, 29.535 ], [ 80.355, 29.535 ], [ 80.355, 29.535 ], [ 80.355, 29.535 ], [ 80.356, 29.535 ], [ 80.356, 29.535 ], [ 80.357, 29.534 ], [ 80.357, 29.534 ], [ 80.358, 29.533 ], [ 80.358, 29.533 ], [ 80.358, 29.533 ], [ 80.358, 29.532 ], [ 80.358, 29.532 ], [ 80.358, 29.532 ], [ 80.358, 29.531 ], [ 80.358, 29.531 ], [ 80.357, 29.531 ], [ 80.357, 29.531 ], [ 80.357, 29.53 ], [ 80.357, 29.53 ], [ 80.357, 29.53 ], [ 80.357, 29.53 ], [ 80.357, 29.53 ], [ 80.356, 29.529 ], [ 80.356, 29.528 ], [ 80.356, 29.528 ], [ 80.355, 29.528 ], [ 80.355, 29.527 ], [ 80.354, 29.527 ], [ 80.353, 29.526 ], [ 80.352, 29.526 ], [ 80.351, 29.526 ], [ 80.351, 29.526 ], [ 80.351, 29.526 ], [ 80.35, 29.526 ], [ 80.349, 29.525 ], [ 80.349, 29.525 ], [ 80.349, 29.524 ], [ 80.349, 29.524 ], [ 80.349, 29.523 ], [ 80.349, 29.523 ], [ 80.349, 29.522 ], [ 80.349, 29.522 ], [ 80.349, 29.521 ], [ 80.35, 29.521 ], [ 80.35, 29.52 ], [ 80.35, 29.52 ], [ 80.35, 29.519 ], [ 80.35, 29.519 ], [ 80.349, 29.519 ], [ 80.349, 29.519 ], [ 80.349, 29.518 ], [ 80.348, 29.517 ], [ 80.347, 29.516 ], [ 80.346, 29.515 ], [ 80.345, 29.514 ], [ 80.345, 29.513 ], [ 80.345, 29.513 ], [ 80.344, 29.513 ], [ 80.344, 29.512 ], [ 80.342, 29.511 ], [ 80.342, 29.51 ], [ 80.341, 29.51 ], [ 80.341, 29.51 ], [ 80.341, 29.51 ], [ 80.341, 29.51 ], [ 80.34, 29.51 ], [ 80.34, 29.51 ], [ 80.339, 29.51 ], [ 80.339, 29.51 ], [ 80.339, 29.511 ], [ 80.338, 29.511 ], [ 80.338, 29.511 ], [ 80.337, 29.512 ], [ 80.337, 29.512 ], [ 80.336, 29.512 ], [ 80.336, 29.513 ], [ 80.336, 29.513 ], [ 80.335, 29.513 ], [ 80.335, 29.513 ], [ 80.334, 29.513 ], [ 80.334, 29.513 ], [ 80.333, 29.513 ], [ 80.332, 29.513 ], [ 80.332, 29.513 ], [ 80.332, 29.513 ], [ 80.332, 29.513 ], [ 80.332, 29.512 ], [ 80.332, 29.512 ], [ 80.331, 29.512 ], [ 80.331, 29.511 ], [ 80.331, 29.511 ], [ 80.331, 29.51 ], [ 80.331, 29.51 ], [ 80.331, 29.51 ], [ 80.331, 29.509 ], [ 80.331, 29.509 ], [ 80.331, 29.508 ], [ 80.331, 29.508 ], [ 80.331, 29.508 ], [ 80.33, 29.507 ], [ 80.33, 29.506 ], [ 80.329, 29.506 ], [ 80.329, 29.506 ], [ 80.329, 29.505 ], [ 80.328, 29.505 ], [ 80.327, 29.505 ], [ 80.326, 29.505 ], [ 80.326, 29.504 ], [ 80.324, 29.504 ], [ 80.323, 29.504 ], [ 80.323, 29.503 ], [ 80.323, 29.503 ], [ 80.321, 29.503 ], [ 80.321, 29.502 ], [ 80.32, 29.502 ], [ 80.319, 29.502 ], [ 80.318, 29.502 ], [ 80.317, 29.501 ], [ 80.316, 29.501 ], [ 80.316, 29.5 ], [ 80.315, 29.5 ], [ 80.315, 29.5 ], [ 80.314, 29.499 ], [ 80.314, 29.499 ], [ 80.314, 29.499 ], [ 80.313, 29.498 ], [ 80.313, 29.498 ], [ 80.313, 29.497 ], [ 80.313, 29.497 ], [ 80.313, 29.497 ], [ 80.313, 29.496 ], [ 80.313, 29.496 ], [ 80.313, 29.496 ], [ 80.313, 29.495 ], [ 80.313, 29.495 ], [ 80.314, 29.494 ], [ 80.314, 29.494 ], [ 80.314, 29.494 ], [ 80.314, 29.493 ], [ 80.314, 29.493 ], [ 80.315, 29.492 ], [ 80.315, 29.492 ], [ 80.315, 29.49 ], [ 80.315, 29.49 ], [ 80.314, 29.489 ], [ 80.314, 29.488 ], [ 80.314, 29.487 ], [ 80.314, 29.487 ], [ 80.314, 29.486 ], [ 80.314, 29.486 ], [ 80.313, 29.485 ], [ 80.313, 29.485 ], [ 80.313, 29.485 ], [ 80.313, 29.485 ], [ 80.313, 29.485 ], [ 80.313, 29.485 ], [ 80.312, 29.485 ], [ 80.312, 29.485 ], [ 80.311, 29.485 ], [ 80.31, 29.485 ], [ 80.31, 29.485 ], [ 80.31, 29.485 ], [ 80.309, 29.485 ], [ 80.309, 29.485 ], [ 80.308, 29.485 ], [ 80.308, 29.486 ], [ 80.307, 29.486 ], [ 80.306, 29.486 ], [ 80.305, 29.486 ], [ 80.304, 29.486 ], [ 80.304, 29.487 ], [ 80.304, 29.487 ], [ 80.303, 29.487 ], [ 80.303, 29.488 ], [ 80.302, 29.489 ], [ 80.302, 29.49 ], [ 80.301, 29.49 ], [ 80.301, 29.491 ], [ 80.3, 29.491 ], [ 80.299, 29.491 ], [ 80.299, 29.491 ], [ 80.299, 29.491 ], [ 80.298, 29.49 ], [ 80.298, 29.49 ], [ 80.297, 29.489 ], [ 80.297, 29.489 ], [ 80.296, 29.488 ], [ 80.296, 29.488 ], [ 80.296, 29.488 ], [ 80.296, 29.488 ], [ 80.296, 29.487 ], [ 80.297, 29.487 ], [ 80.297, 29.487 ], [ 80.297, 29.486 ], [ 80.297, 29.485 ], [ 80.296, 29.484 ], [ 80.296, 29.484 ], [ 80.296, 29.483 ], [ 80.296, 29.483 ], [ 80.295, 29.483 ], [ 80.295, 29.483 ], [ 80.295, 29.483 ], [ 80.295, 29.482 ], [ 80.295, 29.482 ], [ 80.295, 29.482 ], [ 80.295, 29.482 ], [ 80.294, 29.481 ], [ 80.294, 29.48 ], [ 80.294, 29.48 ], [ 80.294, 29.48 ], [ 80.294, 29.48 ], [ 80.294, 29.48 ], [ 80.293, 29.479 ], [ 80.292, 29.479 ], [ 80.292, 29.479 ], [ 80.291, 29.478 ], [ 80.29, 29.478 ], [ 80.289, 29.478 ], [ 80.289, 29.478 ], [ 80.288, 29.478 ], [ 80.288, 29.478 ], [ 80.287, 29.477 ], [ 80.287, 29.477 ], [ 80.287, 29.477 ], [ 80.287, 29.477 ], [ 80.287, 29.476 ], [ 80.287, 29.476 ], [ 80.287, 29.476 ], [ 80.287, 29.475 ], [ 80.287, 29.474 ], [ 80.287, 29.474 ], [ 80.288, 29.473 ], [ 80.288, 29.473 ], [ 80.288, 29.472 ], [ 80.288, 29.472 ], [ 80.289, 29.472 ], [ 80.289, 29.471 ], [ 80.29, 29.471 ], [ 80.29, 29.471 ], [ 80.29, 29.471 ], [ 80.29, 29.471 ], [ 80.29, 29.47 ], [ 80.291, 29.47 ], [ 80.291, 29.469 ], [ 80.291, 29.469 ], [ 80.291, 29.469 ], [ 80.291, 29.469 ], [ 80.291, 29.468 ], [ 80.291, 29.468 ], [ 80.292, 29.468 ], [ 80.292, 29.467 ], [ 80.292, 29.467 ], [ 80.292, 29.467 ], [ 80.292, 29.467 ], [ 80.293, 29.466 ], [ 80.293, 29.465 ], [ 80.294, 29.465 ], [ 80.295, 29.464 ], [ 80.295, 29.463 ], [ 80.295, 29.463 ], [ 80.296, 29.462 ], [ 80.296, 29.462 ], [ 80.297, 29.461 ], [ 80.297, 29.461 ], [ 80.298, 29.46 ], [ 80.298, 29.46 ], [ 80.298, 29.459 ], [ 80.299, 29.459 ], [ 80.299, 29.458 ], [ 80.3, 29.458 ], [ 80.3, 29.458 ], [ 80.301, 29.457 ], [ 80.301, 29.457 ], [ 80.302, 29.456 ], [ 80.302, 29.456 ], [ 80.302, 29.455 ], [ 80.303, 29.454 ], [ 80.303, 29.454 ], [ 80.303, 29.454 ], [ 80.303, 29.454 ], [ 80.302, 29.453 ], [ 80.302, 29.453 ], [ 80.302, 29.453 ], [ 80.302, 29.453 ], [ 80.301, 29.452 ], [ 80.301, 29.452 ], [ 80.301, 29.452 ], [ 80.301, 29.452 ], [ 80.3, 29.452 ], [ 80.3, 29.452 ], [ 80.299, 29.452 ], [ 80.298, 29.452 ], [ 80.298, 29.452 ], [ 80.298, 29.452 ], [ 80.297, 29.452 ], [ 80.297, 29.452 ], [ 80.297, 29.452 ], [ 80.297, 29.453 ], [ 80.297, 29.453 ], [ 80.296, 29.453 ], [ 80.296, 29.453 ], [ 80.295, 29.454 ], [ 80.295, 29.454 ], [ 80.295, 29.454 ], [ 80.294, 29.454 ], [ 80.294, 29.454 ], [ 80.294, 29.454 ], [ 80.293, 29.454 ], [ 80.293, 29.453 ], [ 80.292, 29.453 ], [ 80.292, 29.453 ], [ 80.292, 29.453 ], [ 80.291, 29.453 ], [ 80.291, 29.452 ], [ 80.29, 29.452 ], [ 80.289, 29.452 ], [ 80.289, 29.452 ], [ 80.289, 29.451 ], [ 80.288, 29.451 ], [ 80.288, 29.451 ], [ 80.288, 29.451 ], [ 80.287, 29.452 ], [ 80.287, 29.452 ], [ 80.287, 29.452 ], [ 80.286, 29.452 ], [ 80.286, 29.452 ], [ 80.285, 29.452 ], [ 80.285, 29.452 ], [ 80.285, 29.452 ], [ 80.285, 29.452 ], [ 80.284, 29.452 ], [ 80.284, 29.452 ], [ 80.284, 29.452 ], [ 80.283, 29.452 ], [ 80.283, 29.452 ], [ 80.282, 29.452 ], [ 80.282, 29.451 ], [ 80.282, 29.451 ], [ 80.281, 29.451 ], [ 80.281, 29.452 ], [ 80.28, 29.452 ], [ 80.28, 29.452 ], [ 80.279, 29.453 ], [ 80.279, 29.453 ], [ 80.279, 29.453 ], [ 80.279, 29.454 ], [ 80.279, 29.454 ], [ 80.279, 29.454 ], [ 80.279, 29.454 ], [ 80.279, 29.455 ], [ 80.279, 29.455 ], [ 80.28, 29.455 ], [ 80.28, 29.455 ], [ 80.28, 29.455 ], [ 80.28, 29.456 ], [ 80.28, 29.456 ], [ 80.28, 29.456 ], [ 80.28, 29.457 ], [ 80.28, 29.457 ], [ 80.28, 29.457 ], [ 80.279, 29.458 ], [ 80.279, 29.458 ], [ 80.279, 29.459 ], [ 80.278, 29.459 ], [ 80.278, 29.459 ], [ 80.278, 29.459 ], [ 80.277, 29.459 ], [ 80.277, 29.459 ], [ 80.276, 29.459 ], [ 80.276, 29.459 ], [ 80.275, 29.458 ], [ 80.275, 29.458 ], [ 80.274, 29.458 ], [ 80.274, 29.458 ], [ 80.274, 29.458 ], [ 80.273, 29.458 ], [ 80.273, 29.458 ], [ 80.272, 29.458 ], [ 80.272, 29.457 ], [ 80.271, 29.457 ], [ 80.271, 29.457 ], [ 80.271, 29.457 ], [ 80.27, 29.457 ], [ 80.269, 29.456 ], [ 80.269, 29.456 ], [ 80.269, 29.456 ], [ 80.269, 29.456 ], [ 80.269, 29.455 ], [ 80.269, 29.455 ], [ 80.269, 29.455 ], [ 80.269, 29.455 ], [ 80.269, 29.454 ], [ 80.269, 29.454 ], [ 80.269, 29.454 ], [ 80.27, 29.454 ], [ 80.27, 29.454 ], [ 80.27, 29.454 ], [ 80.271, 29.454 ], [ 80.271, 29.454 ], [ 80.272, 29.454 ], [ 80.272, 29.454 ], [ 80.273, 29.453 ], [ 80.274, 29.453 ], [ 80.275, 29.452 ], [ 80.275, 29.452 ], [ 80.275, 29.451 ], [ 80.275, 29.451 ], [ 80.275, 29.451 ], [ 80.275, 29.451 ], [ 80.275, 29.45 ], [ 80.274, 29.45 ], [ 80.274, 29.45 ], [ 80.273, 29.45 ], [ 80.273, 29.45 ], [ 80.273, 29.45 ], [ 80.273, 29.45 ], [ 80.272, 29.45 ], [ 80.272, 29.45 ], [ 80.272, 29.45 ], [ 80.271, 29.45 ], [ 80.271, 29.45 ], [ 80.27, 29.45 ], [ 80.27, 29.45 ], [ 80.269, 29.45 ], [ 80.269, 29.45 ], [ 80.269, 29.45 ], [ 80.269, 29.45 ], [ 80.269, 29.45 ], [ 80.268, 29.45 ], [ 80.268, 29.449 ], [ 80.267, 29.449 ], [ 80.267, 29.449 ], [ 80.267, 29.449 ], [ 80.266, 29.449 ], [ 80.265, 29.449 ], [ 80.264, 29.45 ], [ 80.264, 29.45 ], [ 80.264, 29.45 ], [ 80.263, 29.45 ], [ 80.263, 29.45 ], [ 80.262, 29.45 ], [ 80.262, 29.45 ], [ 80.261, 29.451 ], [ 80.261, 29.451 ], [ 80.26, 29.451 ], [ 80.259, 29.452 ], [ 80.259, 29.452 ], [ 80.258, 29.452 ], [ 80.257, 29.452 ], [ 80.257, 29.451 ], [ 80.257, 29.451 ], [ 80.257, 29.451 ], [ 80.256, 29.45 ], [ 80.256, 29.45 ], [ 80.256, 29.45 ], [ 80.256, 29.449 ], [ 80.256, 29.449 ], [ 80.255, 29.448 ], [ 80.255, 29.448 ], [ 80.255, 29.448 ], [ 80.255, 29.448 ], [ 80.254, 29.448 ], [ 80.254, 29.448 ], [ 80.253, 29.448 ], [ 80.253, 29.448 ], [ 80.252, 29.448 ], [ 80.251, 29.447 ], [ 80.251, 29.447 ], [ 80.25, 29.447 ], [ 80.25, 29.447 ], [ 80.249, 29.447 ], [ 80.249, 29.447 ], [ 80.248, 29.447 ], [ 80.248, 29.447 ], [ 80.247, 29.447 ], [ 80.246, 29.447 ], [ 80.246, 29.447 ], [ 80.245, 29.447 ], [ 80.245, 29.446 ], [ 80.244, 29.446 ], [ 80.244, 29.446 ], [ 80.243, 29.445 ], [ 80.243, 29.445 ], [ 80.243, 29.445 ], [ 80.243, 29.445 ], [ 80.243, 29.445 ], [ 80.243, 29.444 ], [ 80.243, 29.444 ], [ 80.242, 29.444 ], [ 80.242, 29.444 ], [ 80.242, 29.443 ], [ 80.242, 29.443 ], [ 80.242, 29.443 ], [ 80.242, 29.442 ], [ 80.243, 29.442 ], [ 80.243, 29.442 ], [ 80.243, 29.441 ], [ 80.243, 29.441 ], [ 80.244, 29.441 ], [ 80.244, 29.441 ], [ 80.244, 29.441 ], [ 80.245, 29.44 ], [ 80.246, 29.439 ], [ 80.246, 29.439 ], [ 80.246, 29.439 ], [ 80.246, 29.438 ], [ 80.247, 29.438 ], [ 80.247, 29.437 ], [ 80.247, 29.437 ], [ 80.247, 29.437 ], [ 80.247, 29.437 ], [ 80.247, 29.437 ], [ 80.247, 29.437 ], [ 80.247, 29.437 ], [ 80.247, 29.437 ], [ 80.248, 29.436 ], [ 80.248, 29.436 ], [ 80.248, 29.436 ], [ 80.248, 29.435 ], [ 80.248, 29.435 ], [ 80.248, 29.434 ], [ 80.248, 29.434 ], [ 80.248, 29.434 ], [ 80.248, 29.434 ], [ 80.247, 29.433 ], [ 80.247, 29.433 ], [ 80.247, 29.433 ], [ 80.247, 29.432 ], [ 80.247, 29.432 ], [ 80.247, 29.432 ], [ 80.247, 29.432 ], [ 80.247, 29.432 ], [ 80.247, 29.432 ], [ 80.247, 29.432 ], [ 80.247, 29.431 ], [ 80.247, 29.431 ], [ 80.247, 29.431 ], [ 80.247, 29.43 ], [ 80.247, 29.43 ], [ 80.246, 29.429 ], [ 80.246, 29.429 ], [ 80.246, 29.428 ], [ 80.245, 29.427 ], [ 80.245, 29.426 ], [ 80.245, 29.426 ], [ 80.244, 29.425 ], [ 80.244, 29.425 ], [ 80.244, 29.425 ], [ 80.244, 29.424 ], [ 80.244, 29.424 ], [ 80.244, 29.424 ], [ 80.244, 29.423 ], [ 80.244, 29.422 ], [ 80.244, 29.422 ], [ 80.244, 29.421 ], [ 80.244, 29.421 ], [ 80.244, 29.421 ], [ 80.244, 29.42 ], [ 80.244, 29.42 ], [ 80.244, 29.42 ], [ 80.244, 29.42 ], [ 80.245, 29.419 ], [ 80.245, 29.419 ], [ 80.245, 29.419 ], [ 80.245, 29.419 ], [ 80.245, 29.418 ], [ 80.245, 29.418 ], [ 80.246, 29.418 ], [ 80.246, 29.417 ], [ 80.246, 29.417 ], [ 80.246, 29.416 ], [ 80.246, 29.416 ], [ 80.246, 29.416 ], [ 80.246, 29.415 ], [ 80.245, 29.415 ], [ 80.245, 29.414 ], [ 80.244, 29.414 ], [ 80.244, 29.414 ], [ 80.243, 29.413 ], [ 80.243, 29.413 ], [ 80.243, 29.413 ], [ 80.242, 29.412 ], [ 80.242, 29.412 ], [ 80.242, 29.412 ], [ 80.242, 29.412 ], [ 80.242, 29.411 ], [ 80.242, 29.411 ], [ 80.243, 29.411 ], [ 80.243, 29.411 ], [ 80.243, 29.411 ], [ 80.243, 29.41 ], [ 80.244, 29.41 ], [ 80.244, 29.409 ], [ 80.245, 29.408 ], [ 80.245, 29.408 ], [ 80.246, 29.408 ], [ 80.246, 29.408 ], [ 80.247, 29.407 ], [ 80.247, 29.407 ], [ 80.248, 29.406 ], [ 80.248, 29.406 ], [ 80.249, 29.406 ], [ 80.249, 29.406 ], [ 80.249, 29.406 ], [ 80.249, 29.406 ], [ 80.249, 29.406 ], [ 80.25, 29.406 ], [ 80.251, 29.405 ], [ 80.252, 29.405 ], [ 80.252, 29.405 ], [ 80.253, 29.405 ], [ 80.253, 29.404 ], [ 80.253, 29.404 ], [ 80.254, 29.404 ], [ 80.254, 29.404 ], [ 80.255, 29.404 ], [ 80.256, 29.403 ], [ 80.256, 29.402 ], [ 80.257, 29.402 ], [ 80.257, 29.402 ], [ 80.257, 29.402 ], [ 80.258, 29.401 ], [ 80.258, 29.401 ], [ 80.259, 29.401 ], [ 80.26, 29.4 ], [ 80.26, 29.4 ], [ 80.26, 29.4 ], [ 80.261, 29.399 ], [ 80.262, 29.399 ], [ 80.262, 29.399 ], [ 80.263, 29.398 ], [ 80.263, 29.398 ], [ 80.264, 29.397 ], [ 80.265, 29.397 ], [ 80.265, 29.397 ], [ 80.266, 29.397 ], [ 80.267, 29.396 ], [ 80.267, 29.396 ], [ 80.267, 29.396 ], [ 80.268, 29.396 ], [ 80.269, 29.396 ], [ 80.269, 29.396 ], [ 80.269, 29.396 ], [ 80.27, 29.396 ], [ 80.27, 29.396 ], [ 80.271, 29.395 ], [ 80.272, 29.395 ], [ 80.272, 29.395 ], [ 80.272, 29.395 ], [ 80.273, 29.394 ], [ 80.274, 29.394 ], [ 80.275, 29.393 ], [ 80.275, 29.393 ], [ 80.276, 29.392 ], [ 80.276, 29.392 ], [ 80.276, 29.392 ], [ 80.276, 29.391 ], [ 80.276, 29.391 ], [ 80.276, 29.391 ], [ 80.275, 29.39 ], [ 80.275, 29.39 ], [ 80.275, 29.389 ], [ 80.274, 29.389 ], [ 80.273, 29.388 ], [ 80.273, 29.387 ], [ 80.273, 29.387 ], [ 80.273, 29.387 ], [ 80.273, 29.386 ], [ 80.273, 29.386 ], [ 80.273, 29.386 ], [ 80.273, 29.385 ], [ 80.274, 29.385 ], [ 80.274, 29.385 ], [ 80.274, 29.384 ], [ 80.274, 29.384 ], [ 80.274, 29.384 ], [ 80.275, 29.384 ], [ 80.275, 29.383 ], [ 80.275, 29.383 ], [ 80.275, 29.383 ], [ 80.275, 29.383 ], [ 80.276, 29.382 ], [ 80.276, 29.382 ], [ 80.277, 29.382 ], [ 80.277, 29.381 ], [ 80.278, 29.381 ], [ 80.279, 29.38 ], [ 80.279, 29.38 ], [ 80.279, 29.38 ], [ 80.279, 29.379 ], [ 80.279, 29.379 ], [ 80.279, 29.379 ], [ 80.279, 29.378 ], [ 80.279, 29.378 ], [ 80.279, 29.378 ], [ 80.278, 29.378 ], [ 80.278, 29.378 ], [ 80.277, 29.378 ], [ 80.277, 29.377 ], [ 80.276, 29.377 ], [ 80.275, 29.377 ], [ 80.275, 29.376 ], [ 80.274, 29.376 ], [ 80.274, 29.376 ], [ 80.273, 29.375 ], [ 80.273, 29.375 ], [ 80.272, 29.375 ], [ 80.272, 29.374 ], [ 80.272, 29.374 ], [ 80.272, 29.374 ], [ 80.271, 29.374 ], [ 80.271, 29.373 ], [ 80.271, 29.373 ], [ 80.271, 29.372 ], [ 80.271, 29.372 ], [ 80.271, 29.371 ], [ 80.272, 29.371 ], [ 80.272, 29.371 ], [ 80.272, 29.37 ], [ 80.272, 29.37 ], [ 80.272, 29.37 ], [ 80.272, 29.369 ], [ 80.272, 29.369 ], [ 80.272, 29.369 ], [ 80.272, 29.368 ], [ 80.272, 29.368 ], [ 80.272, 29.368 ], [ 80.272, 29.368 ], [ 80.272, 29.368 ], [ 80.272, 29.368 ], [ 80.272, 29.367 ], [ 80.272, 29.367 ], [ 80.272, 29.366 ], [ 80.271, 29.366 ], [ 80.271, 29.365 ], [ 80.271, 29.364 ], [ 80.271, 29.364 ], [ 80.272, 29.364 ], [ 80.272, 29.364 ], [ 80.272, 29.364 ], [ 80.272, 29.363 ], [ 80.272, 29.363 ], [ 80.273, 29.362 ], [ 80.273, 29.362 ], [ 80.274, 29.362 ], [ 80.274, 29.362 ], [ 80.274, 29.362 ], [ 80.275, 29.362 ], [ 80.275, 29.362 ], [ 80.276, 29.361 ], [ 80.277, 29.361 ], [ 80.278, 29.36 ], [ 80.279, 29.36 ], [ 80.279, 29.36 ], [ 80.28, 29.36 ], [ 80.28, 29.359 ], [ 80.28, 29.359 ], [ 80.28, 29.359 ], [ 80.28, 29.359 ], [ 80.28, 29.358 ], [ 80.28, 29.357 ], [ 80.28, 29.357 ], [ 80.28, 29.356 ], [ 80.28, 29.356 ], [ 80.28, 29.355 ], [ 80.28, 29.355 ], [ 80.28, 29.354 ], [ 80.28, 29.354 ], [ 80.28, 29.353 ], [ 80.28, 29.353 ], [ 80.28, 29.353 ], [ 80.28, 29.352 ], [ 80.28, 29.351 ], [ 80.28, 29.351 ], [ 80.28, 29.351 ], [ 80.28, 29.35 ], [ 80.28, 29.35 ], [ 80.28, 29.349 ], [ 80.28, 29.349 ], [ 80.28, 29.348 ], [ 80.28, 29.348 ], [ 80.28, 29.347 ], [ 80.28, 29.347 ], [ 80.28, 29.347 ], [ 80.28, 29.346 ], [ 80.281, 29.346 ], [ 80.281, 29.346 ], [ 80.281, 29.346 ], [ 80.281, 29.345 ], [ 80.281, 29.345 ], [ 80.282, 29.344 ], [ 80.282, 29.344 ], [ 80.282, 29.344 ], [ 80.282, 29.343 ], [ 80.283, 29.343 ], [ 80.283, 29.342 ], [ 80.283, 29.342 ], [ 80.284, 29.342 ], [ 80.284, 29.341 ], [ 80.284, 29.341 ], [ 80.284, 29.341 ], [ 80.284, 29.341 ], [ 80.285, 29.341 ], [ 80.285, 29.34 ], [ 80.285, 29.34 ], [ 80.286, 29.34 ], [ 80.286, 29.339 ], [ 80.287, 29.339 ], [ 80.287, 29.339 ], [ 80.287, 29.339 ], [ 80.287, 29.339 ], [ 80.288, 29.339 ], [ 80.288, 29.338 ], [ 80.289, 29.338 ], [ 80.29, 29.337 ], [ 80.29, 29.337 ], [ 80.291, 29.337 ], [ 80.291, 29.337 ], [ 80.291, 29.336 ], [ 80.291, 29.336 ], [ 80.291, 29.336 ], [ 80.291, 29.336 ], [ 80.291, 29.335 ], [ 80.291, 29.335 ], [ 80.291, 29.334 ], [ 80.291, 29.334 ], [ 80.291, 29.334 ], [ 80.291, 29.334 ], [ 80.291, 29.333 ], [ 80.291, 29.333 ], [ 80.291, 29.333 ], [ 80.291, 29.332 ], [ 80.291, 29.331 ], [ 80.291, 29.331 ], [ 80.291, 29.331 ], [ 80.292, 29.33 ], [ 80.292, 29.33 ], [ 80.292, 29.329 ], [ 80.293, 29.328 ], [ 80.294, 29.327 ], [ 80.294, 29.327 ], [ 80.294, 29.327 ], [ 80.294, 29.327 ], [ 80.295, 29.326 ], [ 80.295, 29.326 ], [ 80.295, 29.325 ], [ 80.295, 29.325 ], [ 80.296, 29.325 ], [ 80.296, 29.325 ], [ 80.296, 29.324 ], [ 80.297, 29.324 ], [ 80.297, 29.324 ], [ 80.298, 29.324 ], [ 80.298, 29.324 ], [ 80.299, 29.324 ], [ 80.3, 29.324 ], [ 80.3, 29.324 ], [ 80.301, 29.324 ], [ 80.301, 29.324 ], [ 80.302, 29.324 ], [ 80.302, 29.323 ], [ 80.303, 29.323 ], [ 80.303, 29.323 ], [ 80.304, 29.323 ], [ 80.305, 29.323 ], [ 80.305, 29.323 ], [ 80.306, 29.323 ], [ 80.307, 29.323 ], [ 80.307, 29.323 ], [ 80.308, 29.323 ], [ 80.309, 29.323 ], [ 80.309, 29.323 ], [ 80.31, 29.322 ], [ 80.31, 29.322 ], [ 80.31, 29.322 ], [ 80.311, 29.321 ], [ 80.311, 29.321 ], [ 80.311, 29.321 ], [ 80.311, 29.321 ], [ 80.312, 29.32 ], [ 80.312, 29.32 ], [ 80.312, 29.32 ], [ 80.312, 29.32 ], [ 80.312, 29.319 ], [ 80.313, 29.319 ], [ 80.313, 29.318 ], [ 80.313, 29.318 ], [ 80.314, 29.318 ], [ 80.314, 29.317 ], [ 80.315, 29.317 ], [ 80.316, 29.316 ], [ 80.316, 29.316 ], [ 80.317, 29.315 ], [ 80.317, 29.315 ], [ 80.317, 29.315 ], [ 80.317, 29.314 ], [ 80.317, 29.314 ], [ 80.317, 29.314 ], [ 80.317, 29.313 ], [ 80.317, 29.313 ], [ 80.317, 29.312 ], [ 80.317, 29.311 ], [ 80.316, 29.311 ], [ 80.316, 29.31 ], [ 80.316, 29.31 ], [ 80.316, 29.31 ], [ 80.316, 29.31 ], [ 80.316, 29.31 ], [ 80.316, 29.31 ], [ 80.316, 29.31 ], [ 80.316, 29.31 ], [ 80.316, 29.31 ], [ 80.316, 29.309 ], [ 80.316, 29.309 ], [ 80.316, 29.309 ], [ 80.316, 29.308 ], [ 80.316, 29.308 ], [ 80.316, 29.308 ], [ 80.316, 29.308 ], [ 80.317, 29.307 ], [ 80.317, 29.307 ], [ 80.317, 29.306 ], [ 80.317, 29.306 ], [ 80.317, 29.306 ], [ 80.318, 29.305 ], [ 80.318, 29.305 ], [ 80.318, 29.305 ], [ 80.318, 29.304 ], [ 80.318, 29.304 ], [ 80.319, 29.304 ], [ 80.319, 29.303 ], [ 80.318, 29.302 ], [ 80.318, 29.302 ], [ 80.318, 29.302 ], [ 80.318, 29.302 ], [ 80.317, 29.301 ], [ 80.317, 29.301 ], [ 80.317, 29.3 ], [ 80.316, 29.3 ], [ 80.316, 29.299 ], [ 80.316, 29.299 ], [ 80.316, 29.299 ], [ 80.316, 29.298 ], [ 80.316, 29.298 ], [ 80.315, 29.298 ], [ 80.315, 29.297 ], [ 80.315, 29.297 ], [ 80.315, 29.297 ], [ 80.315, 29.297 ], [ 80.315, 29.296 ], [ 80.315, 29.296 ], [ 80.315, 29.296 ], [ 80.314, 29.296 ], [ 80.314, 29.295 ], [ 80.314, 29.295 ], [ 80.314, 29.295 ], [ 80.313, 29.294 ], [ 80.313, 29.294 ], [ 80.313, 29.293 ], [ 80.312, 29.293 ], [ 80.312, 29.292 ], [ 80.312, 29.292 ], [ 80.311, 29.292 ], [ 80.311, 29.291 ], [ 80.311, 29.291 ], [ 80.31, 29.291 ], [ 80.31, 29.29 ], [ 80.31, 29.29 ], [ 80.309, 29.29 ], [ 80.309, 29.29 ], [ 80.309, 29.29 ], [ 80.308, 29.29 ], [ 80.308, 29.29 ], [ 80.308, 29.29 ], [ 80.308, 29.29 ], [ 80.307, 29.29 ], [ 80.307, 29.29 ], [ 80.307, 29.289 ], [ 80.307, 29.289 ], [ 80.307, 29.289 ], [ 80.306, 29.289 ], [ 80.306, 29.289 ], [ 80.306, 29.288 ], [ 80.305, 29.288 ], [ 80.305, 29.287 ], [ 80.305, 29.287 ], [ 80.305, 29.286 ], [ 80.305, 29.286 ], [ 80.305, 29.286 ], [ 80.305, 29.286 ], [ 80.305, 29.286 ], [ 80.304, 29.285 ], [ 80.304, 29.285 ], [ 80.304, 29.285 ], [ 80.304, 29.284 ], [ 80.304, 29.284 ], [ 80.304, 29.283 ], [ 80.304, 29.281 ], [ 80.304, 29.281 ], [ 80.304, 29.28 ], [ 80.305, 29.278 ], [ 80.305, 29.276 ], [ 80.305, 29.276 ], [ 80.305, 29.275 ], [ 80.305, 29.275 ], [ 80.304, 29.274 ], [ 80.304, 29.274 ], [ 80.304, 29.273 ], [ 80.304, 29.272 ], [ 80.304, 29.272 ], [ 80.303, 29.271 ], [ 80.303, 29.271 ], [ 80.303, 29.27 ], [ 80.303, 29.27 ], [ 80.303, 29.269 ], [ 80.303, 29.269 ], [ 80.303, 29.269 ], [ 80.303, 29.268 ], [ 80.303, 29.268 ], [ 80.303, 29.267 ], [ 80.303, 29.267 ], [ 80.302, 29.266 ], [ 80.302, 29.266 ], [ 80.302, 29.266 ], [ 80.302, 29.265 ], [ 80.302, 29.265 ], [ 80.301, 29.265 ], [ 80.301, 29.265 ], [ 80.301, 29.264 ], [ 80.3, 29.264 ], [ 80.3, 29.263 ], [ 80.3, 29.263 ], [ 80.3, 29.262 ], [ 80.299, 29.262 ], [ 80.299, 29.261 ], [ 80.299, 29.261 ], [ 80.299, 29.26 ], [ 80.299, 29.26 ], [ 80.299, 29.26 ], [ 80.299, 29.259 ], [ 80.299, 29.259 ], [ 80.299, 29.259 ], [ 80.299, 29.258 ], [ 80.299, 29.258 ], [ 80.3, 29.258 ], [ 80.3, 29.258 ], [ 80.3, 29.257 ], [ 80.3, 29.257 ], [ 80.3, 29.257 ], [ 80.3, 29.256 ], [ 80.3, 29.256 ], [ 80.3, 29.255 ], [ 80.3, 29.255 ], [ 80.3, 29.254 ], [ 80.3, 29.254 ], [ 80.3, 29.253 ], [ 80.299, 29.253 ], [ 80.299, 29.253 ], [ 80.299, 29.252 ], [ 80.299, 29.252 ], [ 80.299, 29.252 ], [ 80.299, 29.251 ], [ 80.298, 29.251 ], [ 80.299, 29.251 ], [ 80.299, 29.25 ], [ 80.299, 29.25 ], [ 80.299, 29.25 ], [ 80.299, 29.249 ], [ 80.299, 29.249 ], [ 80.299, 29.249 ], [ 80.299, 29.249 ], [ 80.299, 29.249 ], [ 80.299, 29.249 ], [ 80.299, 29.248 ], [ 80.3, 29.247 ], [ 80.3, 29.246 ], [ 80.3, 29.245 ], [ 80.3, 29.244 ], [ 80.3, 29.243 ], [ 80.3, 29.242 ], [ 80.3, 29.242 ], [ 80.3, 29.242 ], [ 80.3, 29.241 ], [ 80.3, 29.241 ], [ 80.299, 29.24 ], [ 80.299, 29.24 ], [ 80.299, 29.24 ], [ 80.299, 29.24 ], [ 80.298, 29.239 ], [ 80.298, 29.239 ], [ 80.297, 29.239 ], [ 80.297, 29.239 ], [ 80.296, 29.239 ], [ 80.296, 29.239 ], [ 80.296, 29.238 ], [ 80.295, 29.238 ], [ 80.295, 29.237 ], [ 80.294, 29.236 ], [ 80.294, 29.236 ], [ 80.294, 29.235 ], [ 80.293, 29.235 ], [ 80.293, 29.234 ], [ 80.293, 29.234 ], [ 80.292, 29.233 ], [ 80.291, 29.232 ], [ 80.291, 29.232 ], [ 80.291, 29.232 ], [ 80.291, 29.232 ], [ 80.291, 29.232 ], [ 80.291, 29.232 ], [ 80.291, 29.231 ], [ 80.291, 29.231 ], [ 80.291, 29.231 ], [ 80.291, 29.23 ], [ 80.291, 29.23 ], [ 80.291, 29.229 ], [ 80.292, 29.228 ], [ 80.292, 29.228 ], [ 80.292, 29.227 ], [ 80.293, 29.227 ], [ 80.293, 29.226 ], [ 80.294, 29.226 ], [ 80.294, 29.225 ], [ 80.294, 29.224 ], [ 80.295, 29.224 ], [ 80.295, 29.224 ], [ 80.295, 29.224 ], [ 80.295, 29.224 ], [ 80.295, 29.223 ], [ 80.295, 29.223 ], [ 80.295, 29.223 ], [ 80.296, 29.222 ], [ 80.296, 29.222 ], [ 80.296, 29.222 ], [ 80.296, 29.222 ], [ 80.296, 29.221 ], [ 80.296, 29.221 ], [ 80.296, 29.221 ], [ 80.296, 29.22 ], [ 80.296, 29.219 ], [ 80.296, 29.219 ], [ 80.296, 29.218 ], [ 80.295, 29.218 ], [ 80.295, 29.218 ], [ 80.295, 29.217 ], [ 80.295, 29.217 ], [ 80.295, 29.217 ], [ 80.295, 29.216 ], [ 80.295, 29.216 ], [ 80.295, 29.215 ], [ 80.294, 29.214 ], [ 80.294, 29.213 ], [ 80.294, 29.213 ], [ 80.294, 29.212 ], [ 80.294, 29.212 ], [ 80.294, 29.211 ], [ 80.294, 29.21 ], [ 80.294, 29.21 ], [ 80.295, 29.21 ], [ 80.295, 29.21 ], [ 80.295, 29.21 ], [ 80.295, 29.209 ], [ 80.295, 29.209 ], [ 80.296, 29.209 ], [ 80.296, 29.209 ], [ 80.296, 29.208 ], [ 80.296, 29.208 ], [ 80.297, 29.208 ], [ 80.297, 29.207 ], [ 80.297, 29.207 ], [ 80.297, 29.207 ], [ 80.297, 29.206 ], [ 80.297, 29.206 ], [ 80.297, 29.205 ], [ 80.297, 29.205 ], [ 80.297, 29.205 ], [ 80.297, 29.204 ], [ 80.297, 29.204 ], [ 80.297, 29.204 ], [ 80.296, 29.203 ], [ 80.296, 29.203 ], [ 80.296, 29.203 ], [ 80.296, 29.203 ], [ 80.296, 29.203 ], [ 80.296, 29.203 ], [ 80.296, 29.202 ], [ 80.296, 29.202 ], [ 80.295, 29.201 ], [ 80.295, 29.201 ], [ 80.295, 29.2 ], [ 80.294, 29.198 ], [ 80.294, 29.198 ], [ 80.293, 29.197 ], [ 80.293, 29.197 ], [ 80.292, 29.196 ], [ 80.292, 29.196 ], [ 80.291, 29.196 ], [ 80.291, 29.196 ], [ 80.291, 29.196 ], [ 80.29, 29.196 ], [ 80.29, 29.195 ], [ 80.289, 29.195 ], [ 80.289, 29.195 ], [ 80.288, 29.195 ], [ 80.288, 29.195 ], [ 80.287, 29.195 ], [ 80.287, 29.196 ], [ 80.286, 29.196 ], [ 80.285, 29.196 ], [ 80.285, 29.196 ], [ 80.285, 29.197 ], [ 80.284, 29.197 ], [ 80.284, 29.198 ], [ 80.283, 29.199 ], [ 80.283, 29.2 ], [ 80.282, 29.2 ], [ 80.282, 29.201 ], [ 80.282, 29.201 ], [ 80.281, 29.202 ], [ 80.281, 29.202 ], [ 80.281, 29.203 ], [ 80.281, 29.203 ], [ 80.28, 29.203 ], [ 80.279, 29.204 ], [ 80.279, 29.204 ], [ 80.278, 29.205 ], [ 80.278, 29.205 ], [ 80.277, 29.206 ], [ 80.276, 29.207 ], [ 80.275, 29.207 ], [ 80.275, 29.207 ], [ 80.275, 29.207 ], [ 80.274, 29.207 ], [ 80.273, 29.207 ], [ 80.272, 29.207 ], [ 80.272, 29.207 ], [ 80.272, 29.207 ], [ 80.272, 29.207 ], [ 80.272, 29.207 ], [ 80.271, 29.207 ], [ 80.27, 29.207 ], [ 80.27, 29.207 ], [ 80.269, 29.207 ], [ 80.269, 29.207 ], [ 80.268, 29.207 ], [ 80.268, 29.206 ], [ 80.268, 29.206 ], [ 80.268, 29.206 ], [ 80.266, 29.206 ], [ 80.266, 29.206 ], [ 80.266, 29.206 ], [ 80.265, 29.206 ], [ 80.264, 29.206 ], [ 80.263, 29.206 ], [ 80.263, 29.206 ], [ 80.262, 29.206 ], [ 80.262, 29.206 ], [ 80.261, 29.207 ], [ 80.261, 29.207 ], [ 80.26, 29.207 ], [ 80.26, 29.207 ], [ 80.26, 29.207 ], [ 80.26, 29.207 ], [ 80.259, 29.208 ], [ 80.259, 29.208 ], [ 80.259, 29.208 ], [ 80.259, 29.209 ], [ 80.259, 29.209 ], [ 80.258, 29.21 ], [ 80.258, 29.21 ], [ 80.258, 29.21 ], [ 80.258, 29.211 ], [ 80.258, 29.211 ], [ 80.258, 29.212 ], [ 80.258, 29.213 ], [ 80.258, 29.213 ], [ 80.257, 29.214 ], [ 80.257, 29.215 ], [ 80.257, 29.215 ], [ 80.257, 29.216 ], [ 80.257, 29.216 ], [ 80.258, 29.217 ], [ 80.258, 29.217 ], [ 80.257, 29.218 ], [ 80.257, 29.218 ], [ 80.257, 29.218 ], [ 80.257, 29.218 ], [ 80.257, 29.219 ], [ 80.257, 29.219 ], [ 80.256, 29.219 ], [ 80.256, 29.219 ], [ 80.256, 29.219 ], [ 80.256, 29.22 ], [ 80.256, 29.22 ], [ 80.255, 29.22 ], [ 80.255, 29.22 ], [ 80.254, 29.221 ], [ 80.254, 29.221 ], [ 80.254, 29.221 ], [ 80.254, 29.221 ], [ 80.253, 29.221 ], [ 80.253, 29.221 ], [ 80.253, 29.221 ], [ 80.253, 29.221 ], [ 80.252, 29.221 ], [ 80.252, 29.221 ], [ 80.251, 29.222 ], [ 80.251, 29.221 ], [ 80.25, 29.222 ], [ 80.25, 29.222 ], [ 80.25, 29.221 ], [ 80.249, 29.221 ], [ 80.249, 29.221 ], [ 80.249, 29.221 ], [ 80.249, 29.221 ], [ 80.248, 29.221 ], [ 80.248, 29.221 ], [ 80.248, 29.22 ], [ 80.248, 29.22 ], [ 80.248, 29.22 ], [ 80.247, 29.22 ], [ 80.247, 29.219 ], [ 80.247, 29.219 ], [ 80.247, 29.218 ], [ 80.247, 29.218 ], [ 80.248, 29.217 ], [ 80.248, 29.217 ], [ 80.248, 29.217 ], [ 80.248, 29.217 ], [ 80.248, 29.216 ], [ 80.248, 29.216 ], [ 80.248, 29.216 ], [ 80.248, 29.216 ], [ 80.247, 29.216 ], [ 80.247, 29.215 ], [ 80.246, 29.215 ], [ 80.246, 29.215 ], [ 80.246, 29.214 ], [ 80.246, 29.214 ], [ 80.245, 29.214 ], [ 80.245, 29.213 ], [ 80.245, 29.213 ], [ 80.245, 29.213 ], [ 80.244, 29.212 ], [ 80.244, 29.212 ], [ 80.244, 29.212 ], [ 80.244, 29.211 ], [ 80.244, 29.211 ], [ 80.244, 29.21 ], [ 80.244, 29.21 ], [ 80.244, 29.209 ], [ 80.244, 29.209 ], [ 80.244, 29.209 ], [ 80.243, 29.208 ], [ 80.243, 29.208 ], [ 80.243, 29.208 ], [ 80.243, 29.207 ], [ 80.242, 29.207 ], [ 80.242, 29.206 ], [ 80.242, 29.205 ], [ 80.241, 29.205 ], [ 80.241, 29.204 ], [ 80.241, 29.204 ], [ 80.241, 29.204 ], [ 80.241, 29.204 ], [ 80.241, 29.204 ], [ 80.241, 29.203 ], [ 80.241, 29.203 ], [ 80.241, 29.203 ], [ 80.241, 29.202 ], [ 80.241, 29.202 ], [ 80.241, 29.202 ], [ 80.241, 29.201 ], [ 80.241, 29.201 ], [ 80.241, 29.201 ], [ 80.241, 29.201 ], [ 80.242, 29.201 ], [ 80.242, 29.201 ], [ 80.242, 29.201 ], [ 80.243, 29.2 ], [ 80.243, 29.2 ], [ 80.244, 29.199 ], [ 80.245, 29.199 ], [ 80.245, 29.199 ], [ 80.245, 29.199 ], [ 80.246, 29.198 ], [ 80.247, 29.198 ], [ 80.248, 29.197 ], [ 80.248, 29.197 ], [ 80.248, 29.197 ], [ 80.249, 29.196 ], [ 80.249, 29.196 ], [ 80.25, 29.196 ], [ 80.25, 29.195 ], [ 80.25, 29.195 ], [ 80.25, 29.195 ], [ 80.251, 29.195 ], [ 80.251, 29.195 ], [ 80.251, 29.195 ], [ 80.251, 29.194 ], [ 80.252, 29.194 ], [ 80.252, 29.194 ], [ 80.252, 29.193 ], [ 80.252, 29.193 ], [ 80.253, 29.192 ], [ 80.253, 29.192 ], [ 80.253, 29.192 ], [ 80.253, 29.191 ], [ 80.254, 29.191 ], [ 80.254, 29.191 ], [ 80.254, 29.191 ], [ 80.254, 29.191 ], [ 80.254, 29.191 ], [ 80.254, 29.19 ], [ 80.254, 29.19 ], [ 80.255, 29.19 ], [ 80.255, 29.19 ], [ 80.255, 29.19 ], [ 80.255, 29.19 ], [ 80.255, 29.19 ], [ 80.256, 29.19 ], [ 80.256, 29.189 ], [ 80.256, 29.189 ], [ 80.256, 29.189 ], [ 80.257, 29.189 ], [ 80.257, 29.189 ], [ 80.257, 29.188 ], [ 80.258, 29.188 ], [ 80.258, 29.188 ], [ 80.259, 29.187 ], [ 80.259, 29.187 ], [ 80.259, 29.187 ], [ 80.259, 29.187 ], [ 80.259, 29.186 ], [ 80.259, 29.186 ], [ 80.259, 29.186 ], [ 80.259, 29.185 ], [ 80.259, 29.185 ], [ 80.258, 29.185 ], [ 80.258, 29.185 ], [ 80.258, 29.185 ], [ 80.258, 29.185 ], [ 80.258, 29.185 ], [ 80.258, 29.184 ], [ 80.258, 29.184 ], [ 80.258, 29.184 ], [ 80.258, 29.183 ], [ 80.258, 29.183 ], [ 80.259, 29.183 ], [ 80.259, 29.182 ], [ 80.259, 29.181 ], [ 80.259, 29.181 ], [ 80.26, 29.18 ], [ 80.26, 29.18 ], [ 80.26, 29.179 ], [ 80.26, 29.179 ], [ 80.26, 29.179 ], [ 80.26, 29.178 ], [ 80.26, 29.178 ], [ 80.26, 29.178 ], [ 80.26, 29.177 ], [ 80.26, 29.177 ], [ 80.26, 29.176 ], [ 80.26, 29.176 ], [ 80.26, 29.176 ], [ 80.26, 29.176 ], [ 80.26, 29.175 ], [ 80.26, 29.175 ], [ 80.26, 29.174 ], [ 80.26, 29.173 ], [ 80.26, 29.173 ], [ 80.26, 29.172 ], [ 80.259, 29.171 ], [ 80.259, 29.171 ], [ 80.258, 29.171 ], [ 80.258, 29.171 ], [ 80.258, 29.17 ], [ 80.258, 29.17 ], [ 80.258, 29.17 ], [ 80.258, 29.169 ], [ 80.258, 29.169 ], [ 80.258, 29.169 ], [ 80.258, 29.169 ], [ 80.258, 29.169 ], [ 80.258, 29.168 ], [ 80.258, 29.168 ], [ 80.258, 29.168 ], [ 80.258, 29.168 ], [ 80.258, 29.168 ], [ 80.258, 29.167 ], [ 80.258, 29.167 ], [ 80.258, 29.167 ], [ 80.258, 29.166 ], [ 80.258, 29.166 ], [ 80.258, 29.165 ], [ 80.258, 29.165 ], [ 80.259, 29.164 ], [ 80.259, 29.164 ], [ 80.259, 29.163 ], [ 80.259, 29.163 ], [ 80.26, 29.161 ], [ 80.261, 29.161 ], [ 80.261, 29.159 ], [ 80.262, 29.159 ], [ 80.262, 29.158 ], [ 80.263, 29.158 ], [ 80.264, 29.156 ], [ 80.264, 29.156 ], [ 80.265, 29.154 ], [ 80.265, 29.154 ], [ 80.265, 29.154 ], [ 80.266, 29.153 ], [ 80.266, 29.152 ], [ 80.267, 29.152 ], [ 80.267, 29.151 ], [ 80.268, 29.151 ], [ 80.268, 29.15 ], [ 80.268, 29.15 ], [ 80.268, 29.15 ], [ 80.269, 29.149 ], [ 80.269, 29.149 ], [ 80.27, 29.149 ], [ 80.271, 29.148 ], [ 80.271, 29.148 ], [ 80.271, 29.148 ], [ 80.272, 29.147 ], [ 80.272, 29.146 ], [ 80.273, 29.145 ], [ 80.273, 29.144 ], [ 80.273, 29.143 ], [ 80.273, 29.142 ], [ 80.272, 29.142 ], [ 80.272, 29.141 ], [ 80.272, 29.141 ], [ 80.272, 29.141 ], [ 80.271, 29.141 ], [ 80.271, 29.141 ], [ 80.269, 29.141 ], [ 80.268, 29.14 ], [ 80.268, 29.14 ], [ 80.267, 29.14 ], [ 80.267, 29.14 ], [ 80.266, 29.14 ], [ 80.266, 29.14 ], [ 80.265, 29.14 ], [ 80.265, 29.14 ], [ 80.265, 29.14 ], [ 80.264, 29.14 ], [ 80.264, 29.14 ], [ 80.264, 29.14 ], [ 80.263, 29.14 ], [ 80.262, 29.14 ], [ 80.262, 29.14 ], [ 80.261, 29.14 ], [ 80.26, 29.14 ], [ 80.26, 29.14 ], [ 80.259, 29.139 ], [ 80.259, 29.139 ], [ 80.259, 29.139 ], [ 80.259, 29.139 ], [ 80.258, 29.139 ], [ 80.258, 29.139 ], [ 80.257, 29.138 ], [ 80.257, 29.138 ], [ 80.256, 29.138 ], [ 80.255, 29.137 ], [ 80.254, 29.137 ], [ 80.253, 29.136 ], [ 80.253, 29.136 ], [ 80.252, 29.135 ], [ 80.252, 29.135 ], [ 80.252, 29.134 ], [ 80.252, 29.134 ], [ 80.251, 29.134 ], [ 80.251, 29.133 ], [ 80.25, 29.132 ], [ 80.25, 29.132 ], [ 80.25, 29.131 ], [ 80.249, 29.13 ], [ 80.249, 29.129 ], [ 80.249, 29.129 ], [ 80.249, 29.128 ], [ 80.248, 29.128 ], [ 80.248, 29.128 ], [ 80.247, 29.127 ], [ 80.247, 29.127 ], [ 80.246, 29.127 ], [ 80.246, 29.127 ], [ 80.246, 29.127 ], [ 80.246, 29.127 ], [ 80.244, 29.127 ], [ 80.244, 29.127 ], [ 80.243, 29.127 ], [ 80.243, 29.126 ], [ 80.243, 29.126 ], [ 80.242, 29.126 ], [ 80.242, 29.125 ], [ 80.241, 29.125 ], [ 80.241, 29.124 ], [ 80.24, 29.123 ], [ 80.24, 29.122 ], [ 80.239, 29.122 ], [ 80.239, 29.122 ], [ 80.239, 29.121 ], [ 80.238, 29.121 ], [ 80.237, 29.12 ], [ 80.236, 29.12 ], [ 80.236, 29.12 ], [ 80.235, 29.119 ], [ 80.235, 29.119 ], [ 80.235, 29.119 ], [ 80.234, 29.119 ], [ 80.234, 29.119 ], [ 80.233, 29.118 ], [ 80.233, 29.118 ], [ 80.232, 29.119 ], [ 80.231, 29.119 ], [ 80.231, 29.119 ], [ 80.229, 29.119 ], [ 80.229, 29.119 ], [ 80.227, 29.119 ], [ 80.227, 29.119 ], [ 80.226, 29.119 ], [ 80.226, 29.119 ], [ 80.226, 29.119 ], [ 80.225, 29.12 ], [ 80.224, 29.12 ], [ 80.224, 29.12 ], [ 80.223, 29.12 ], [ 80.223, 29.12 ], [ 80.222, 29.12 ], [ 80.222, 29.12 ], [ 80.221, 29.12 ], [ 80.221, 29.12 ], [ 80.221, 29.12 ], [ 80.22, 29.12 ], [ 80.22, 29.12 ], [ 80.22, 29.12 ], [ 80.22, 29.121 ], [ 80.219, 29.121 ], [ 80.218, 29.121 ], [ 80.217, 29.121 ], [ 80.217, 29.121 ], [ 80.217, 29.121 ], [ 80.216, 29.121 ], [ 80.216, 29.121 ], [ 80.215, 29.121 ], [ 80.215, 29.122 ], [ 80.214, 29.122 ], [ 80.214, 29.122 ], [ 80.213, 29.122 ], [ 80.213, 29.122 ], [ 80.212, 29.122 ], [ 80.212, 29.122 ], [ 80.211, 29.122 ], [ 80.211, 29.122 ], [ 80.211, 29.122 ], [ 80.21, 29.122 ], [ 80.209, 29.122 ], [ 80.209, 29.122 ], [ 80.208, 29.123 ], [ 80.208, 29.123 ], [ 80.207, 29.124 ], [ 80.207, 29.124 ], [ 80.207, 29.124 ], [ 80.206, 29.125 ], [ 80.206, 29.125 ], [ 80.205, 29.126 ], [ 80.205, 29.126 ], [ 80.205, 29.126 ], [ 80.205, 29.126 ], [ 80.205, 29.127 ], [ 80.205, 29.127 ], [ 80.205, 29.128 ], [ 80.204, 29.129 ], [ 80.204, 29.129 ], [ 80.204, 29.129 ], [ 80.203, 29.13 ], [ 80.203, 29.13 ], [ 80.202, 29.13 ], [ 80.202, 29.13 ], [ 80.201, 29.13 ], [ 80.201, 29.13 ], [ 80.201, 29.13 ], [ 80.2, 29.13 ], [ 80.2, 29.13 ], [ 80.199, 29.131 ], [ 80.199, 29.131 ], [ 80.198, 29.131 ], [ 80.197, 29.131 ], [ 80.196, 29.131 ], [ 80.196, 29.131 ], [ 80.195, 29.131 ], [ 80.195, 29.132 ], [ 80.194, 29.132 ], [ 80.194, 29.132 ], [ 80.193, 29.132 ], [ 80.193, 29.132 ], [ 80.192, 29.133 ], [ 80.192, 29.133 ], [ 80.191, 29.133 ], [ 80.191, 29.134 ], [ 80.19, 29.134 ], [ 80.19, 29.134 ], [ 80.189, 29.135 ], [ 80.189, 29.135 ], [ 80.188, 29.135 ], [ 80.188, 29.135 ], [ 80.188, 29.136 ], [ 80.187, 29.136 ], [ 80.187, 29.137 ], [ 80.186, 29.137 ], [ 80.186, 29.137 ], [ 80.185, 29.137 ], [ 80.184, 29.137 ], [ 80.183, 29.137 ], [ 80.183, 29.137 ], [ 80.182, 29.136 ], [ 80.181, 29.136 ], [ 80.181, 29.135 ], [ 80.18, 29.134 ], [ 80.18, 29.134 ], [ 80.18, 29.134 ], [ 80.18, 29.133 ], [ 80.18, 29.132 ], [ 80.18, 29.132 ], [ 80.179, 29.131 ], [ 80.179, 29.13 ], [ 80.179, 29.13 ], [ 80.178, 29.129 ], [ 80.178, 29.129 ], [ 80.177, 29.128 ], [ 80.176, 29.128 ], [ 80.176, 29.127 ], [ 80.175, 29.127 ], [ 80.174, 29.127 ], [ 80.173, 29.127 ], [ 80.172, 29.127 ], [ 80.172, 29.127 ], [ 80.171, 29.127 ], [ 80.171, 29.127 ], [ 80.17, 29.127 ], [ 80.17, 29.127 ], [ 80.169, 29.127 ], [ 80.169, 29.127 ], [ 80.169, 29.126 ], [ 80.168, 29.126 ], [ 80.167, 29.126 ], [ 80.167, 29.125 ], [ 80.166, 29.125 ], [ 80.166, 29.124 ], [ 80.166, 29.124 ], [ 80.166, 29.124 ], [ 80.166, 29.121 ], [ 80.166, 29.121 ], [ 80.166, 29.12 ], [ 80.166, 29.12 ], [ 80.166, 29.12 ], [ 80.165, 29.119 ], [ 80.165, 29.119 ], [ 80.165, 29.118 ], [ 80.165, 29.118 ], [ 80.164, 29.118 ], [ 80.164, 29.118 ], [ 80.164, 29.117 ], [ 80.164, 29.117 ], [ 80.164, 29.117 ], [ 80.164, 29.117 ], [ 80.163, 29.116 ], [ 80.162, 29.116 ], [ 80.161, 29.115 ], [ 80.16, 29.114 ], [ 80.158, 29.113 ], [ 80.156, 29.111 ], [ 80.156, 29.111 ], [ 80.155, 29.111 ], [ 80.155, 29.11 ], [ 80.155, 29.11 ], [ 80.154, 29.11 ], [ 80.153, 29.109 ], [ 80.153, 29.109 ], [ 80.151, 29.107 ], [ 80.15, 29.107 ], [ 80.15, 29.106 ], [ 80.149, 29.106 ], [ 80.149, 29.105 ], [ 80.148, 29.105 ], [ 80.148, 29.105 ], [ 80.147, 29.104 ], [ 80.147, 29.104 ], [ 80.147, 29.104 ], [ 80.147, 29.104 ], [ 80.146, 29.104 ], [ 80.145, 29.103 ], [ 80.145, 29.103 ], [ 80.145, 29.103 ], [ 80.145, 29.102 ], [ 80.145, 29.102 ], [ 80.144, 29.101 ], [ 80.144, 29.101 ], [ 80.144, 29.101 ], [ 80.143, 29.1 ], [ 80.143, 29.099 ], [ 80.143, 29.099 ], [ 80.143, 29.099 ], [ 80.143, 29.099 ], [ 80.143, 29.099 ], [ 80.143, 29.098 ], [ 80.143, 29.097 ], [ 80.142, 29.097 ], [ 80.141, 29.094 ], [ 80.141, 29.093 ], [ 80.141, 29.093 ], [ 80.14, 29.091 ], [ 80.14, 29.091 ], [ 80.14, 29.09 ], [ 80.138, 29.086 ], [ 80.138, 29.086 ], [ 80.138, 29.084 ], [ 80.137, 29.083 ], [ 80.136, 29.081 ], [ 80.136, 29.08 ], [ 80.136, 29.08 ], [ 80.135, 29.078 ], [ 80.135, 29.077 ], [ 80.134, 29.075 ], [ 80.133, 29.073 ], [ 80.133, 29.071 ], [ 80.132, 29.07 ], [ 80.132, 29.069 ], [ 80.131, 29.068 ], [ 80.131, 29.066 ], [ 80.13, 29.064 ], [ 80.129, 29.063 ], [ 80.13, 29.063 ], [ 80.131, 29.062 ], [ 80.134, 29.061 ], [ 80.134, 29.061 ], [ 80.136, 29.061 ], [ 80.137, 29.061 ], [ 80.137, 29.06 ], [ 80.137, 29.06 ], [ 80.137, 29.059 ], [ 80.136, 29.058 ], [ 80.136, 29.057 ], [ 80.135, 29.056 ], [ 80.135, 29.055 ], [ 80.135, 29.054 ], [ 80.134, 29.052 ], [ 80.134, 29.051 ], [ 80.133, 29.05 ], [ 80.133, 29.048 ], [ 80.132, 29.047 ], [ 80.13, 29.041 ], [ 80.129, 29.039 ], [ 80.127, 29.034 ], [ 80.126, 29.032 ], [ 80.131, 29.03 ], [ 80.131, 29.03 ], [ 80.13, 29.026 ], [ 80.129, 29.024 ], [ 80.127, 29.019 ], [ 80.126, 29.017 ], [ 80.125, 29.015 ], [ 80.125, 29.013 ], [ 80.125, 29.013 ], [ 80.125, 29.013 ], [ 80.127, 29.012 ], [ 80.129, 29.012 ], [ 80.13, 29.011 ], [ 80.132, 29.011 ], [ 80.133, 29.01 ], [ 80.135, 29.01 ], [ 80.136, 29.01 ], [ 80.136, 29.008 ], [ 80.136, 29.008 ], [ 80.135, 29.007 ], [ 80.134, 29.007 ], [ 80.132, 29.007 ], [ 80.131, 29.007 ], [ 80.129, 29.006 ], [ 80.127, 29.006 ], [ 80.125, 29.003 ], [ 80.125, 29.001 ], [ 80.125, 29.001 ], [ 80.125, 29.0 ], [ 80.123, 28.996 ], [ 80.122, 28.994 ], [ 80.122, 28.992 ], [ 80.121, 28.991 ], [ 80.12, 28.988 ], [ 80.118, 28.982 ], [ 80.118, 28.982 ], [ 80.114, 28.983 ], [ 80.109, 28.984 ], [ 80.109, 28.984 ], [ 80.106, 28.985 ], [ 80.106, 28.985 ], [ 80.104, 28.986 ], [ 80.104, 28.986 ], [ 80.102, 28.986 ], [ 80.102, 28.986 ], [ 80.102, 28.987 ], [ 80.101, 28.987 ], [ 80.099, 28.984 ], [ 80.098, 28.98 ], [ 80.098, 28.98 ], [ 80.096, 28.976 ], [ 80.092, 28.969 ], [ 80.088, 28.963 ], [ 80.085, 28.958 ], [ 80.083, 28.954 ], [ 80.08, 28.95 ], [ 80.077, 28.946 ], [ 80.077, 28.945 ], [ 80.075, 28.942 ], [ 80.075, 28.942 ], [ 80.073, 28.939 ], [ 80.072, 28.938 ], [ 80.07, 28.935 ], [ 80.07, 28.934 ], [ 80.067, 28.93 ], [ 80.064, 28.925 ], [ 80.062, 28.922 ], [ 80.061, 28.921 ], [ 80.06, 28.918 ], [ 80.058, 28.917 ], [ 80.059, 28.911 ], [ 80.059, 28.905 ], [ 80.059, 28.905 ], [ 80.06, 28.9 ], [ 80.06, 28.898 ], [ 80.06, 28.894 ], [ 80.061, 28.889 ], [ 80.061, 28.887 ], [ 80.061, 28.884 ], [ 80.062, 28.878 ], [ 80.062, 28.878 ], [ 80.062, 28.874 ], [ 80.062, 28.874 ], [ 80.062, 28.869 ], [ 80.062, 28.867 ], [ 80.063, 28.865 ], [ 80.063, 28.861 ], [ 80.063, 28.86 ], [ 80.063, 28.856 ], [ 80.063, 28.855 ], [ 80.064, 28.851 ], [ 80.064, 28.847 ], [ 80.064, 28.847 ], [ 80.064, 28.842 ], [ 80.065, 28.838 ], [ 80.065, 28.837 ], [ 80.065, 28.837 ], [ 80.065, 28.837 ], [ 80.065, 28.837 ], [ 80.065, 28.837 ], [ 80.065, 28.837 ], [ 80.065, 28.837 ], [ 80.065, 28.837 ], [ 80.065, 28.837 ], [ 80.065, 28.836 ], [ 80.064, 28.836 ], [ 80.063, 28.835 ], [ 80.063, 28.835 ], [ 80.062, 28.833 ], [ 80.062, 28.832 ], [ 80.062, 28.83 ], [ 80.062, 28.829 ], [ 80.061, 28.829 ], [ 80.061, 28.829 ], [ 80.061, 28.828 ], [ 80.061, 28.828 ], [ 80.061, 28.827 ], [ 80.06, 28.826 ], [ 80.06, 28.826 ], [ 80.06, 28.825 ], [ 80.059, 28.824 ], [ 80.058, 28.824 ], [ 80.057, 28.823 ], [ 80.056, 28.822 ], [ 80.054, 28.821 ], [ 80.053, 28.821 ], [ 80.053, 28.821 ], [ 80.052, 28.82 ], [ 80.052, 28.82 ], [ 80.053, 28.82 ], [ 80.053, 28.819 ], [ 80.054, 28.819 ], [ 80.055, 28.818 ], [ 80.056, 28.818 ], [ 80.057, 28.818 ], [ 80.057, 28.818 ], [ 80.057, 28.818 ], [ 80.057, 28.817 ], [ 80.057, 28.817 ], [ 80.058, 28.817 ], [ 80.059, 28.817 ], [ 80.059, 28.817 ], [ 80.06, 28.816 ], [ 80.06, 28.816 ], [ 80.06, 28.815 ], [ 80.06, 28.814 ], [ 80.06, 28.814 ], [ 80.062, 28.813 ], [ 80.063, 28.811 ], [ 80.064, 28.81 ], [ 80.064, 28.809 ], [ 80.065, 28.808 ], [ 80.065, 28.808 ], [ 80.066, 28.807 ], [ 80.066, 28.806 ], [ 80.066, 28.806 ], [ 80.067, 28.805 ], [ 80.067, 28.805 ], [ 80.067, 28.804 ], [ 80.068, 28.804 ], [ 80.068, 28.803 ], [ 80.068, 28.803 ], [ 80.068, 28.803 ], [ 80.068, 28.803 ], [ 80.068, 28.802 ], [ 80.068, 28.801 ], [ 80.068, 28.801 ], [ 80.067, 28.801 ], [ 80.067, 28.8 ], [ 80.066, 28.8 ], [ 80.066, 28.8 ], [ 80.066, 28.8 ], [ 80.066, 28.799 ], [ 80.067, 28.798 ], [ 80.066, 28.798 ], [ 80.066, 28.797 ], [ 80.066, 28.797 ], [ 80.065, 28.797 ], [ 80.065, 28.796 ], [ 80.065, 28.795 ], [ 80.065, 28.794 ], [ 80.065, 28.794 ], [ 80.064, 28.794 ], [ 80.063, 28.794 ], [ 80.063, 28.793 ], [ 80.062, 28.792 ], [ 80.062, 28.791 ], [ 80.061, 28.79 ], [ 80.06, 28.79 ], [ 80.059, 28.789 ], [ 80.059, 28.789 ], [ 80.059, 28.788 ], [ 80.059, 28.788 ], [ 80.059, 28.788 ], [ 80.059, 28.787 ], [ 80.06, 28.786 ], [ 80.061, 28.785 ], [ 80.062, 28.784 ], [ 80.062, 28.784 ], [ 80.062, 28.783 ], [ 80.061, 28.783 ], [ 80.06, 28.782 ], [ 80.059, 28.782 ], [ 80.059, 28.782 ], [ 80.056, 28.781 ], [ 80.055, 28.781 ], [ 80.055, 28.781 ], [ 80.054, 28.78 ], [ 80.052, 28.778 ], [ 80.051, 28.777 ], [ 80.05, 28.776 ], [ 80.049, 28.774 ], [ 80.047, 28.772 ], [ 80.046, 28.77 ], [ 80.046, 28.77 ], [ 80.045, 28.768 ], [ 80.045, 28.768 ], [ 80.044, 28.767 ], [ 80.043, 28.765 ], [ 80.041, 28.763 ], [ 80.04, 28.761 ], [ 80.038, 28.759 ], [ 80.036, 28.757 ], [ 80.035, 28.755 ], [ 80.033, 28.752 ], [ 80.031, 28.75 ], [ 80.031, 28.75 ], [ 80.03, 28.749 ], [ 80.029, 28.748 ], [ 80.025, 28.746 ], [ 80.021, 28.745 ], [ 80.021, 28.745 ], [ 80.013, 28.742 ], [ 80.005, 28.74 ], [ 79.998, 28.738 ], [ 79.998, 28.738 ], [ 79.998, 28.738 ], [ 79.993, 28.736 ], [ 79.971, 28.729 ], [ 79.957, 28.724 ], [ 79.955, 28.723 ], [ 79.954, 28.723 ], [ 79.954, 28.723 ], [ 79.954, 28.723 ], [ 79.954, 28.723 ], [ 79.953, 28.724 ], [ 79.953, 28.725 ], [ 79.952, 28.725 ], [ 79.952, 28.726 ], [ 79.95, 28.726 ], [ 79.948, 28.728 ], [ 79.947, 28.729 ], [ 79.946, 28.729 ], [ 79.946, 28.73 ], [ 79.945, 28.731 ], [ 79.945, 28.732 ], [ 79.944, 28.733 ], [ 79.944, 28.734 ], [ 79.944, 28.734 ], [ 79.944, 28.735 ], [ 79.944, 28.735 ], [ 79.944, 28.735 ], [ 79.944, 28.736 ], [ 79.945, 28.737 ], [ 79.945, 28.738 ], [ 79.946, 28.74 ], [ 79.946, 28.742 ], [ 79.947, 28.742 ], [ 79.946, 28.742 ], [ 79.946, 28.744 ], [ 79.945, 28.746 ], [ 79.944, 28.748 ], [ 79.944, 28.748 ], [ 79.944, 28.749 ], [ 79.943, 28.749 ], [ 79.942, 28.749 ], [ 79.942, 28.75 ], [ 79.941, 28.75 ], [ 79.94, 28.75 ], [ 79.939, 28.75 ], [ 79.939, 28.75 ], [ 79.939, 28.751 ], [ 79.939, 28.751 ], [ 79.939, 28.751 ], [ 79.939, 28.752 ], [ 79.939, 28.753 ], [ 79.939, 28.753 ], [ 79.94, 28.754 ], [ 79.941, 28.755 ], [ 79.942, 28.756 ], [ 79.942, 28.757 ], [ 79.943, 28.758 ], [ 79.943, 28.758 ], [ 79.943, 28.759 ], [ 79.943, 28.759 ], [ 79.943, 28.76 ], [ 79.943, 28.76 ], [ 79.943, 28.76 ], [ 79.942, 28.76 ], [ 79.942, 28.76 ], [ 79.941, 28.761 ], [ 79.941, 28.761 ], [ 79.94, 28.761 ], [ 79.939, 28.761 ], [ 79.938, 28.761 ], [ 79.937, 28.761 ], [ 79.936, 28.762 ], [ 79.935, 28.762 ], [ 79.934, 28.762 ], [ 79.934, 28.762 ], [ 79.933, 28.763 ], [ 79.933, 28.764 ], [ 79.933, 28.764 ], [ 79.933, 28.764 ], [ 79.932, 28.764 ], [ 79.932, 28.765 ], [ 79.932, 28.765 ], [ 79.932, 28.765 ], [ 79.931, 28.766 ], [ 79.931, 28.766 ], [ 79.931, 28.767 ], [ 79.93, 28.767 ], [ 79.931, 28.768 ], [ 79.931, 28.768 ], [ 79.93, 28.768 ], [ 79.93, 28.768 ], [ 79.929, 28.768 ], [ 79.929, 28.768 ], [ 79.929, 28.768 ], [ 79.928, 28.768 ], [ 79.928, 28.768 ], [ 79.927, 28.769 ], [ 79.927, 28.77 ], [ 79.927, 28.77 ], [ 79.927, 28.771 ], [ 79.927, 28.771 ], [ 79.926, 28.772 ], [ 79.925, 28.772 ], [ 79.925, 28.772 ], [ 79.924, 28.773 ], [ 79.924, 28.773 ], [ 79.924, 28.773 ], [ 79.924, 28.774 ], [ 79.924, 28.775 ], [ 79.925, 28.775 ], [ 79.925, 28.776 ], [ 79.927, 28.777 ], [ 79.927, 28.777 ], [ 79.928, 28.778 ], [ 79.929, 28.779 ], [ 79.93, 28.78 ], [ 79.931, 28.781 ], [ 79.932, 28.782 ], [ 79.933, 28.782 ], [ 79.933, 28.783 ], [ 79.934, 28.783 ], [ 79.935, 28.784 ], [ 79.936, 28.784 ], [ 79.937, 28.784 ], [ 79.937, 28.785 ], [ 79.938, 28.786 ], [ 79.939, 28.787 ], [ 79.94, 28.787 ], [ 79.94, 28.788 ], [ 79.94, 28.788 ], [ 79.939, 28.788 ], [ 79.939, 28.788 ], [ 79.938, 28.788 ], [ 79.937, 28.788 ], [ 79.936, 28.788 ], [ 79.936, 28.788 ], [ 79.935, 28.789 ], [ 79.935, 28.789 ], [ 79.934, 28.789 ], [ 79.933, 28.789 ], [ 79.932, 28.789 ], [ 79.931, 28.789 ], [ 79.93, 28.789 ], [ 79.929, 28.79 ], [ 79.929, 28.79 ], [ 79.927, 28.79 ], [ 79.927, 28.79 ], [ 79.926, 28.79 ], [ 79.926, 28.788 ], [ 79.925, 28.788 ], [ 79.924, 28.787 ], [ 79.924, 28.787 ], [ 79.923, 28.787 ], [ 79.922, 28.787 ], [ 79.92, 28.787 ], [ 79.919, 28.787 ], [ 79.919, 28.787 ], [ 79.919, 28.787 ], [ 79.919, 28.786 ], [ 79.919, 28.786 ], [ 79.919, 28.786 ], [ 79.919, 28.785 ], [ 79.919, 28.785 ], [ 79.919, 28.784 ], [ 79.919, 28.784 ], [ 79.919, 28.783 ], [ 79.918, 28.783 ], [ 79.918, 28.782 ], [ 79.917, 28.782 ], [ 79.916, 28.782 ], [ 79.915, 28.783 ], [ 79.914, 28.783 ], [ 79.913, 28.783 ], [ 79.913, 28.784 ], [ 79.912, 28.784 ], [ 79.91, 28.785 ], [ 79.91, 28.785 ], [ 79.91, 28.785 ], [ 79.91, 28.785 ], [ 79.91, 28.785 ], [ 79.909, 28.785 ], [ 79.909, 28.785 ], [ 79.909, 28.785 ], [ 79.909, 28.785 ], [ 79.909, 28.785 ], [ 79.909, 28.785 ], [ 79.909, 28.785 ], [ 79.909, 28.785 ], [ 79.909, 28.784 ], [ 79.909, 28.784 ], [ 79.909, 28.784 ], [ 79.909, 28.784 ], [ 79.909, 28.784 ], [ 79.909, 28.784 ], [ 79.908, 28.784 ], [ 79.908, 28.783 ], [ 79.908, 28.783 ], [ 79.908, 28.783 ], [ 79.908, 28.783 ], [ 79.907, 28.783 ], [ 79.907, 28.783 ], [ 79.907, 28.782 ], [ 79.907, 28.782 ], [ 79.907, 28.782 ], [ 79.906, 28.782 ], [ 79.906, 28.782 ], [ 79.906, 28.782 ], [ 79.906, 28.782 ], [ 79.906, 28.782 ], [ 79.905, 28.782 ], [ 79.905, 28.782 ], [ 79.905, 28.782 ], [ 79.905, 28.782 ], [ 79.905, 28.782 ], [ 79.904, 28.782 ], [ 79.904, 28.782 ], [ 79.904, 28.782 ], [ 79.903, 28.783 ], [ 79.903, 28.783 ], [ 79.902, 28.782 ], [ 79.902, 28.782 ], [ 79.902, 28.782 ], [ 79.901, 28.782 ], [ 79.901, 28.782 ], [ 79.901, 28.783 ], [ 79.901, 28.783 ], [ 79.901, 28.784 ], [ 79.901, 28.784 ], [ 79.9, 28.784 ], [ 79.899, 28.785 ], [ 79.898, 28.785 ], [ 79.898, 28.786 ], [ 79.897, 28.786 ], [ 79.897, 28.786 ], [ 79.896, 28.787 ], [ 79.894, 28.787 ], [ 79.893, 28.788 ], [ 79.892, 28.788 ], [ 79.891, 28.788 ], [ 79.89, 28.788 ], [ 79.889, 28.788 ], [ 79.889, 28.788 ], [ 79.889, 28.788 ], [ 79.889, 28.788 ], [ 79.888, 28.788 ], [ 79.888, 28.789 ], [ 79.887, 28.789 ], [ 79.887, 28.789 ], [ 79.886, 28.789 ], [ 79.886, 28.789 ], [ 79.885, 28.79 ], [ 79.884, 28.79 ], [ 79.884, 28.79 ], [ 79.884, 28.79 ], [ 79.884, 28.791 ], [ 79.884, 28.791 ], [ 79.884, 28.791 ], [ 79.884, 28.792 ], [ 79.883, 28.792 ], [ 79.883, 28.792 ], [ 79.883, 28.792 ], [ 79.883, 28.792 ], [ 79.883, 28.793 ], [ 79.883, 28.793 ], [ 79.883, 28.793 ], [ 79.883, 28.793 ], [ 79.883, 28.794 ], [ 79.883, 28.794 ], [ 79.883, 28.794 ], [ 79.883, 28.794 ], [ 79.883, 28.795 ], [ 79.883, 28.795 ], [ 79.883, 28.795 ], [ 79.882, 28.795 ], [ 79.881, 28.795 ], [ 79.881, 28.795 ], [ 79.881, 28.795 ], [ 79.881, 28.795 ], [ 79.88, 28.795 ], [ 79.879, 28.796 ], [ 79.879, 28.796 ], [ 79.878, 28.796 ], [ 79.878, 28.796 ], [ 79.878, 28.796 ], [ 79.877, 28.796 ], [ 79.877, 28.796 ], [ 79.877, 28.796 ], [ 79.877, 28.795 ], [ 79.876, 28.796 ], [ 79.876, 28.796 ], [ 79.875, 28.796 ], [ 79.875, 28.796 ], [ 79.875, 28.796 ], [ 79.875, 28.796 ], [ 79.875, 28.796 ], [ 79.874, 28.796 ], [ 79.874, 28.796 ], [ 79.874, 28.797 ], [ 79.873, 28.797 ], [ 79.873, 28.797 ], [ 79.873, 28.797 ], [ 79.873, 28.797 ], [ 79.873, 28.797 ], [ 79.873, 28.797 ], [ 79.873, 28.797 ], [ 79.873, 28.797 ], [ 79.873, 28.797 ], [ 79.873, 28.797 ], [ 79.873, 28.798 ], [ 79.873, 28.799 ], [ 79.872, 28.799 ], [ 79.873, 28.8 ], [ 79.873, 28.801 ], [ 79.873, 28.801 ], [ 79.874, 28.802 ], [ 79.874, 28.802 ], [ 79.875, 28.802 ], [ 79.875, 28.802 ], [ 79.874, 28.803 ], [ 79.873, 28.803 ], [ 79.873, 28.803 ], [ 79.873, 28.804 ], [ 79.872, 28.804 ], [ 79.871, 28.805 ], [ 79.871, 28.805 ], [ 79.87, 28.806 ], [ 79.87, 28.806 ], [ 79.87, 28.808 ], [ 79.87, 28.808 ], [ 79.871, 28.809 ], [ 79.872, 28.809 ], [ 79.873, 28.809 ], [ 79.873, 28.809 ], [ 79.873, 28.809 ], [ 79.873, 28.809 ], [ 79.873, 28.809 ], [ 79.874, 28.81 ], [ 79.874, 28.81 ], [ 79.875, 28.811 ], [ 79.875, 28.811 ], [ 79.876, 28.812 ], [ 79.877, 28.812 ], [ 79.877, 28.812 ], [ 79.877, 28.813 ], [ 79.878, 28.813 ], [ 79.878, 28.814 ], [ 79.878, 28.814 ], [ 79.878, 28.815 ], [ 79.879, 28.815 ], [ 79.879, 28.815 ], [ 79.879, 28.815 ], [ 79.88, 28.814 ], [ 79.881, 28.814 ], [ 79.882, 28.814 ], [ 79.882, 28.813 ], [ 79.882, 28.813 ], [ 79.883, 28.813 ], [ 79.884, 28.813 ], [ 79.884, 28.812 ], [ 79.885, 28.812 ], [ 79.886, 28.812 ], [ 79.887, 28.811 ], [ 79.888, 28.811 ], [ 79.888, 28.811 ], [ 79.889, 28.811 ], [ 79.891, 28.81 ], [ 79.892, 28.81 ], [ 79.893, 28.809 ], [ 79.893, 28.809 ], [ 79.894, 28.809 ], [ 79.895, 28.808 ], [ 79.896, 28.808 ], [ 79.896, 28.807 ], [ 79.896, 28.807 ], [ 79.897, 28.806 ], [ 79.897, 28.806 ], [ 79.898, 28.805 ], [ 79.898, 28.805 ], [ 79.899, 28.805 ], [ 79.9, 28.805 ], [ 79.9, 28.805 ], [ 79.901, 28.805 ], [ 79.902, 28.805 ], [ 79.902, 28.805 ], [ 79.903, 28.804 ], [ 79.903, 28.804 ], [ 79.904, 28.804 ], [ 79.904, 28.803 ], [ 79.906, 28.803 ], [ 79.906, 28.803 ], [ 79.906, 28.803 ], [ 79.907, 28.803 ], [ 79.908, 28.803 ], [ 79.909, 28.803 ], [ 79.91, 28.803 ], [ 79.91, 28.803 ], [ 79.911, 28.803 ], [ 79.912, 28.803 ], [ 79.913, 28.804 ], [ 79.914, 28.804 ], [ 79.915, 28.804 ], [ 79.916, 28.804 ], [ 79.915, 28.805 ], [ 79.915, 28.805 ], [ 79.914, 28.805 ], [ 79.914, 28.806 ], [ 79.914, 28.806 ], [ 79.913, 28.807 ], [ 79.913, 28.807 ], [ 79.913, 28.807 ], [ 79.912, 28.807 ], [ 79.912, 28.808 ], [ 79.912, 28.808 ], [ 79.912, 28.808 ], [ 79.912, 28.808 ], [ 79.911, 28.809 ], [ 79.911, 28.809 ], [ 79.911, 28.809 ], [ 79.911, 28.81 ], [ 79.911, 28.81 ], [ 79.911, 28.81 ], [ 79.911, 28.81 ], [ 79.911, 28.81 ], [ 79.911, 28.811 ], [ 79.911, 28.811 ], [ 79.911, 28.811 ], [ 79.911, 28.812 ], [ 79.911, 28.812 ], [ 79.911, 28.813 ], [ 79.911, 28.814 ], [ 79.912, 28.814 ], [ 79.912, 28.815 ], [ 79.913, 28.815 ], [ 79.913, 28.817 ], [ 79.914, 28.817 ], [ 79.914, 28.818 ], [ 79.915, 28.818 ], [ 79.913, 28.819 ], [ 79.912, 28.819 ], [ 79.912, 28.819 ], [ 79.911, 28.819 ], [ 79.91, 28.819 ], [ 79.91, 28.819 ], [ 79.909, 28.819 ], [ 79.908, 28.819 ], [ 79.907, 28.819 ], [ 79.906, 28.819 ], [ 79.904, 28.819 ], [ 79.903, 28.819 ], [ 79.902, 28.819 ], [ 79.901, 28.819 ], [ 79.9, 28.82 ], [ 79.899, 28.82 ], [ 79.898, 28.82 ], [ 79.898, 28.82 ], [ 79.897, 28.82 ], [ 79.896, 28.82 ], [ 79.895, 28.82 ], [ 79.895, 28.82 ], [ 79.894, 28.82 ], [ 79.894, 28.821 ], [ 79.894, 28.821 ], [ 79.894, 28.823 ], [ 79.894, 28.823 ], [ 79.894, 28.824 ], [ 79.894, 28.824 ], [ 79.893, 28.825 ], [ 79.892, 28.826 ], [ 79.892, 28.826 ], [ 79.892, 28.826 ], [ 79.893, 28.827 ], [ 79.893, 28.828 ], [ 79.893, 28.828 ], [ 79.893, 28.829 ], [ 79.893, 28.83 ], [ 79.894, 28.831 ], [ 79.894, 28.831 ], [ 79.893, 28.832 ], [ 79.893, 28.832 ], [ 79.892, 28.832 ], [ 79.891, 28.833 ], [ 79.89, 28.833 ], [ 79.89, 28.833 ], [ 79.89, 28.834 ], [ 79.889, 28.834 ], [ 79.889, 28.835 ], [ 79.889, 28.835 ], [ 79.889, 28.836 ], [ 79.889, 28.836 ], [ 79.888, 28.836 ], [ 79.888, 28.836 ], [ 79.888, 28.836 ], [ 79.888, 28.836 ], [ 79.888, 28.836 ], [ 79.888, 28.837 ], [ 79.888, 28.837 ], [ 79.888, 28.837 ], [ 79.887, 28.837 ], [ 79.887, 28.837 ], [ 79.886, 28.837 ], [ 79.886, 28.837 ], [ 79.885, 28.837 ], [ 79.884, 28.837 ], [ 79.884, 28.837 ], [ 79.883, 28.837 ], [ 79.882, 28.837 ], [ 79.882, 28.837 ], [ 79.882, 28.837 ], [ 79.882, 28.836 ], [ 79.882, 28.836 ], [ 79.882, 28.835 ], [ 79.882, 28.835 ], [ 79.882, 28.835 ], [ 79.883, 28.835 ], [ 79.883, 28.835 ], [ 79.883, 28.835 ], [ 79.883, 28.835 ], [ 79.883, 28.835 ], [ 79.883, 28.835 ], [ 79.883, 28.835 ], [ 79.883, 28.834 ], [ 79.883, 28.834 ], [ 79.883, 28.834 ], [ 79.883, 28.834 ], [ 79.883, 28.834 ], [ 79.883, 28.834 ], [ 79.882, 28.834 ], [ 79.882, 28.834 ], [ 79.882, 28.834 ], [ 79.881, 28.834 ], [ 79.881, 28.834 ], [ 79.881, 28.834 ], [ 79.88, 28.834 ], [ 79.88, 28.834 ], [ 79.879, 28.834 ], [ 79.879, 28.834 ], [ 79.879, 28.833 ], [ 79.879, 28.833 ], [ 79.879, 28.833 ], [ 79.879, 28.833 ], [ 79.879, 28.833 ], [ 79.88, 28.832 ], [ 79.88, 28.832 ], [ 79.88, 28.832 ], [ 79.879, 28.832 ], [ 79.879, 28.832 ], [ 79.878, 28.832 ], [ 79.878, 28.832 ], [ 79.878, 28.831 ], [ 79.879, 28.831 ], [ 79.879, 28.831 ], [ 79.879, 28.831 ], [ 79.879, 28.831 ], [ 79.879, 28.83 ], [ 79.879, 28.83 ], [ 79.878, 28.83 ], [ 79.878, 28.83 ], [ 79.878, 28.831 ], [ 79.878, 28.831 ], [ 79.878, 28.831 ], [ 79.878, 28.832 ], [ 79.878, 28.832 ], [ 79.877, 28.832 ], [ 79.877, 28.833 ], [ 79.876, 28.833 ], [ 79.876, 28.833 ], [ 79.875, 28.833 ], [ 79.875, 28.833 ], [ 79.875, 28.833 ], [ 79.874, 28.833 ], [ 79.874, 28.833 ], [ 79.874, 28.833 ], [ 79.873, 28.832 ], [ 79.873, 28.832 ], [ 79.873, 28.832 ], [ 79.873, 28.831 ], [ 79.873, 28.832 ], [ 79.873, 28.832 ], [ 79.872, 28.832 ], [ 79.872, 28.832 ], [ 79.873, 28.833 ], [ 79.873, 28.833 ], [ 79.873, 28.833 ], [ 79.874, 28.833 ], [ 79.874, 28.834 ], [ 79.874, 28.834 ], [ 79.874, 28.834 ], [ 79.874, 28.834 ], [ 79.874, 28.835 ], [ 79.874, 28.835 ], [ 79.873, 28.835 ], [ 79.873, 28.835 ], [ 79.873, 28.836 ], [ 79.873, 28.836 ], [ 79.873, 28.836 ], [ 79.873, 28.836 ], [ 79.874, 28.836 ], [ 79.874, 28.836 ], [ 79.874, 28.836 ], [ 79.875, 28.836 ], [ 79.875, 28.837 ], [ 79.874, 28.837 ], [ 79.874, 28.838 ], [ 79.874, 28.839 ], [ 79.873, 28.839 ], [ 79.872, 28.838 ], [ 79.872, 28.839 ], [ 79.872, 28.839 ], [ 79.872, 28.839 ], [ 79.872, 28.839 ], [ 79.872, 28.84 ], [ 79.872, 28.84 ], [ 79.872, 28.84 ], [ 79.871, 28.84 ], [ 79.871, 28.84 ], [ 79.871, 28.84 ], [ 79.871, 28.84 ], [ 79.87, 28.84 ], [ 79.871, 28.839 ], [ 79.87, 28.839 ], [ 79.87, 28.839 ], [ 79.87, 28.838 ], [ 79.87, 28.838 ], [ 79.869, 28.838 ], [ 79.869, 28.838 ], [ 79.868, 28.838 ], [ 79.868, 28.839 ], [ 79.868, 28.839 ], [ 79.867, 28.84 ], [ 79.867, 28.84 ], [ 79.866, 28.839 ], [ 79.866, 28.839 ], [ 79.866, 28.839 ], [ 79.865, 28.838 ], [ 79.865, 28.838 ], [ 79.865, 28.838 ], [ 79.865, 28.838 ], [ 79.864, 28.838 ], [ 79.864, 28.838 ], [ 79.864, 28.838 ], [ 79.864, 28.839 ], [ 79.864, 28.839 ], [ 79.864, 28.84 ], [ 79.864, 28.84 ], [ 79.864, 28.84 ], [ 79.864, 28.84 ], [ 79.864, 28.84 ], [ 79.863, 28.84 ], [ 79.863, 28.84 ], [ 79.863, 28.84 ], [ 79.863, 28.84 ], [ 79.863, 28.839 ], [ 79.863, 28.838 ], [ 79.863, 28.838 ], [ 79.863, 28.838 ], [ 79.863, 28.837 ], [ 79.862, 28.837 ], [ 79.861, 28.836 ], [ 79.861, 28.836 ], [ 79.861, 28.835 ], [ 79.86, 28.835 ], [ 79.859, 28.834 ], [ 79.859, 28.834 ], [ 79.859, 28.834 ], [ 79.859, 28.834 ], [ 79.859, 28.834 ], [ 79.859, 28.834 ], [ 79.86, 28.834 ], [ 79.86, 28.833 ], [ 79.861, 28.833 ], [ 79.861, 28.833 ], [ 79.861, 28.833 ], [ 79.86, 28.833 ], [ 79.86, 28.833 ], [ 79.86, 28.833 ], [ 79.859, 28.833 ], [ 79.859, 28.832 ], [ 79.859, 28.832 ], [ 79.859, 28.832 ], [ 79.859, 28.832 ], [ 79.86, 28.831 ], [ 79.86, 28.831 ], [ 79.86, 28.831 ], [ 79.861, 28.831 ], [ 79.861, 28.831 ], [ 79.861, 28.831 ], [ 79.861, 28.831 ], [ 79.861, 28.831 ], [ 79.861, 28.83 ], [ 79.861, 28.83 ], [ 79.86, 28.83 ], [ 79.86, 28.83 ], [ 79.859, 28.831 ], [ 79.858, 28.831 ], [ 79.858, 28.831 ], [ 79.858, 28.83 ], [ 79.857, 28.83 ], [ 79.857, 28.829 ], [ 79.857, 28.829 ], [ 79.856, 28.829 ], [ 79.856, 28.828 ], [ 79.855, 28.828 ], [ 79.855, 28.827 ], [ 79.854, 28.827 ], [ 79.854, 28.827 ], [ 79.853, 28.827 ], [ 79.853, 28.827 ], [ 79.853, 28.827 ], [ 79.853, 28.828 ], [ 79.852, 28.828 ], [ 79.852, 28.828 ], [ 79.852, 28.829 ], [ 79.851, 28.829 ], [ 79.851, 28.829 ], [ 79.851, 28.828 ], [ 79.851, 28.828 ], [ 79.851, 28.827 ], [ 79.851, 28.827 ], [ 79.851, 28.827 ], [ 79.852, 28.826 ], [ 79.852, 28.826 ], [ 79.852, 28.826 ], [ 79.853, 28.826 ], [ 79.853, 28.826 ], [ 79.854, 28.826 ], [ 79.854, 28.826 ], [ 79.854, 28.826 ], [ 79.854, 28.825 ], [ 79.854, 28.825 ], [ 79.854, 28.824 ], [ 79.854, 28.824 ], [ 79.854, 28.824 ], [ 79.854, 28.824 ], [ 79.853, 28.824 ], [ 79.853, 28.824 ], [ 79.852, 28.824 ], [ 79.852, 28.824 ], [ 79.851, 28.824 ], [ 79.85, 28.824 ], [ 79.85, 28.824 ], [ 79.85, 28.824 ], [ 79.849, 28.825 ], [ 79.849, 28.825 ], [ 79.849, 28.825 ], [ 79.849, 28.825 ], [ 79.848, 28.824 ], [ 79.848, 28.824 ], [ 79.847, 28.824 ], [ 79.847, 28.824 ], [ 79.847, 28.824 ], [ 79.846, 28.823 ], [ 79.846, 28.823 ], [ 79.846, 28.822 ], [ 79.847, 28.822 ], [ 79.847, 28.821 ], [ 79.848, 28.82 ], [ 79.848, 28.82 ], [ 79.848, 28.82 ], [ 79.848, 28.819 ], [ 79.847, 28.819 ], [ 79.847, 28.818 ], [ 79.846, 28.818 ], [ 79.847, 28.817 ], [ 79.847, 28.817 ], [ 79.848, 28.817 ], [ 79.848, 28.817 ], [ 79.849, 28.817 ], [ 79.849, 28.817 ], [ 79.849, 28.817 ], [ 79.85, 28.817 ], [ 79.85, 28.817 ], [ 79.85, 28.816 ], [ 79.85, 28.816 ], [ 79.85, 28.815 ], [ 79.85, 28.815 ], [ 79.85, 28.815 ], [ 79.851, 28.816 ], [ 79.852, 28.816 ], [ 79.852, 28.816 ], [ 79.852, 28.816 ], [ 79.852, 28.816 ], [ 79.852, 28.815 ], [ 79.852, 28.815 ], [ 79.852, 28.815 ], [ 79.853, 28.814 ], [ 79.853, 28.814 ], [ 79.853, 28.814 ], [ 79.853, 28.813 ], [ 79.853, 28.813 ], [ 79.852, 28.813 ], [ 79.852, 28.813 ], [ 79.851, 28.813 ], [ 79.85, 28.813 ], [ 79.85, 28.812 ], [ 79.849, 28.812 ], [ 79.849, 28.812 ], [ 79.848, 28.812 ], [ 79.848, 28.811 ], [ 79.847, 28.811 ], [ 79.847, 28.81 ], [ 79.847, 28.81 ], [ 79.847, 28.81 ], [ 79.847, 28.81 ], [ 79.847, 28.81 ], [ 79.847, 28.81 ], [ 79.848, 28.81 ], [ 79.848, 28.81 ], [ 79.848, 28.81 ], [ 79.848, 28.81 ], [ 79.849, 28.809 ], [ 79.849, 28.81 ], [ 79.849, 28.81 ], [ 79.85, 28.81 ], [ 79.85, 28.81 ], [ 79.85, 28.81 ], [ 79.851, 28.81 ], [ 79.851, 28.81 ], [ 79.851, 28.81 ], [ 79.851, 28.81 ], [ 79.852, 28.809 ], [ 79.852, 28.809 ], [ 79.852, 28.808 ], [ 79.851, 28.808 ], [ 79.851, 28.807 ], [ 79.85, 28.806 ], [ 79.85, 28.806 ], [ 79.85, 28.806 ], [ 79.851, 28.806 ], [ 79.851, 28.806 ], [ 79.851, 28.806 ], [ 79.852, 28.806 ], [ 79.852, 28.807 ], [ 79.852, 28.806 ], [ 79.853, 28.806 ], [ 79.853, 28.806 ], [ 79.853, 28.806 ], [ 79.853, 28.806 ], [ 79.853, 28.805 ], [ 79.852, 28.805 ], [ 79.852, 28.804 ], [ 79.851, 28.804 ], [ 79.851, 28.804 ], [ 79.851, 28.803 ], [ 79.851, 28.803 ], [ 79.851, 28.803 ], [ 79.852, 28.803 ], [ 79.852, 28.802 ], [ 79.852, 28.802 ], [ 79.852, 28.802 ], [ 79.852, 28.802 ], [ 79.852, 28.802 ], [ 79.852, 28.802 ], [ 79.851, 28.802 ], [ 79.851, 28.801 ], [ 79.85, 28.801 ], [ 79.85, 28.801 ], [ 79.85, 28.8 ], [ 79.849, 28.8 ], [ 79.849, 28.8 ], [ 79.849, 28.8 ], [ 79.848, 28.8 ], [ 79.848, 28.8 ], [ 79.848, 28.8 ], [ 79.848, 28.8 ], [ 79.847, 28.8 ], [ 79.847, 28.8 ], [ 79.846, 28.8 ], [ 79.846, 28.801 ], [ 79.845, 28.801 ], [ 79.845, 28.801 ], [ 79.846, 28.801 ], [ 79.846, 28.802 ], [ 79.846, 28.802 ], [ 79.846, 28.802 ], [ 79.846, 28.803 ], [ 79.846, 28.803 ], [ 79.846, 28.804 ], [ 79.846, 28.804 ], [ 79.846, 28.805 ], [ 79.846, 28.805 ], [ 79.846, 28.805 ], [ 79.845, 28.805 ], [ 79.845, 28.805 ], [ 79.845, 28.804 ], [ 79.844, 28.804 ], [ 79.844, 28.804 ], [ 79.844, 28.804 ], [ 79.843, 28.804 ], [ 79.843, 28.804 ], [ 79.843, 28.804 ], [ 79.842, 28.804 ], [ 79.842, 28.804 ], [ 79.842, 28.804 ], [ 79.842, 28.804 ], [ 79.841, 28.804 ], [ 79.841, 28.804 ], [ 79.841, 28.804 ], [ 79.841, 28.803 ], [ 79.841, 28.803 ], [ 79.841, 28.803 ], [ 79.841, 28.803 ], [ 79.84, 28.803 ], [ 79.84, 28.803 ], [ 79.84, 28.803 ], [ 79.84, 28.803 ], [ 79.839, 28.803 ], [ 79.839, 28.803 ], [ 79.839, 28.803 ], [ 79.84, 28.802 ], [ 79.84, 28.802 ], [ 79.84, 28.802 ], [ 79.84, 28.802 ], [ 79.84, 28.802 ], [ 79.84, 28.802 ], [ 79.839, 28.802 ], [ 79.839, 28.802 ], [ 79.839, 28.801 ], [ 79.838, 28.801 ], [ 79.838, 28.801 ], [ 79.838, 28.801 ], [ 79.839, 28.801 ], [ 79.839, 28.801 ], [ 79.84, 28.8 ], [ 79.84, 28.8 ], [ 79.84, 28.8 ], [ 79.84, 28.8 ], [ 79.84, 28.8 ], [ 79.839, 28.8 ], [ 79.839, 28.799 ], [ 79.839, 28.799 ], [ 79.839, 28.798 ], [ 79.838, 28.798 ], [ 79.838, 28.798 ], [ 79.838, 28.797 ], [ 79.838, 28.797 ], [ 79.837, 28.798 ], [ 79.837, 28.798 ], [ 79.837, 28.798 ], [ 79.836, 28.798 ], [ 79.836, 28.798 ], [ 79.835, 28.798 ], [ 79.835, 28.798 ], [ 79.835, 28.798 ], [ 79.835, 28.799 ], [ 79.834, 28.799 ], [ 79.834, 28.798 ], [ 79.834, 28.798 ], [ 79.834, 28.797 ], [ 79.833, 28.797 ], [ 79.833, 28.797 ], [ 79.833, 28.797 ], [ 79.833, 28.797 ], [ 79.832, 28.797 ], [ 79.832, 28.798 ], [ 79.831, 28.798 ], [ 79.831, 28.798 ], [ 79.831, 28.798 ], [ 79.83, 28.797 ], [ 79.83, 28.796 ], [ 79.83, 28.796 ], [ 79.83, 28.796 ], [ 79.829, 28.796 ], [ 79.829, 28.796 ], [ 79.828, 28.796 ], [ 79.828, 28.796 ], [ 79.827, 28.795 ], [ 79.827, 28.795 ], [ 79.827, 28.795 ], [ 79.826, 28.795 ], [ 79.826, 28.796 ], [ 79.826, 28.796 ], [ 79.826, 28.797 ], [ 79.826, 28.797 ], [ 79.825, 28.797 ], [ 79.825, 28.798 ], [ 79.825, 28.798 ], [ 79.824, 28.798 ], [ 79.824, 28.798 ], [ 79.824, 28.798 ], [ 79.824, 28.798 ], [ 79.824, 28.798 ], [ 79.824, 28.797 ], [ 79.824, 28.797 ], [ 79.824, 28.797 ], [ 79.824, 28.796 ], [ 79.823, 28.796 ], [ 79.823, 28.796 ], [ 79.822, 28.795 ], [ 79.822, 28.796 ], [ 79.821, 28.796 ], [ 79.82, 28.796 ], [ 79.819, 28.797 ], [ 79.818, 28.798 ], [ 79.817, 28.798 ], [ 79.817, 28.799 ], [ 79.816, 28.8 ], [ 79.816, 28.801 ], [ 79.815, 28.802 ], [ 79.815, 28.802 ], [ 79.815, 28.802 ], [ 79.815, 28.803 ], [ 79.814, 28.803 ], [ 79.814, 28.803 ], [ 79.813, 28.803 ], [ 79.813, 28.802 ], [ 79.813, 28.802 ], [ 79.813, 28.801 ], [ 79.813, 28.801 ], [ 79.813, 28.8 ], [ 79.814, 28.8 ], [ 79.814, 28.799 ], [ 79.815, 28.799 ], [ 79.815, 28.798 ], [ 79.815, 28.798 ], [ 79.814, 28.797 ], [ 79.814, 28.797 ], [ 79.814, 28.797 ], [ 79.813, 28.797 ], [ 79.813, 28.797 ], [ 79.812, 28.798 ], [ 79.812, 28.798 ], [ 79.811, 28.798 ], [ 79.811, 28.798 ], [ 79.81, 28.798 ], [ 79.81, 28.799 ], [ 79.81, 28.799 ], [ 79.809, 28.8 ], [ 79.808, 28.801 ], [ 79.807, 28.802 ], [ 79.807, 28.803 ], [ 79.807, 28.803 ], [ 79.807, 28.803 ], [ 79.807, 28.804 ], [ 79.807, 28.805 ], [ 79.807, 28.806 ], [ 79.808, 28.806 ], [ 79.809, 28.808 ], [ 79.809, 28.808 ], [ 79.81, 28.809 ], [ 79.811, 28.809 ], [ 79.811, 28.81 ], [ 79.812, 28.81 ], [ 79.812, 28.81 ], [ 79.812, 28.811 ], [ 79.813, 28.811 ], [ 79.813, 28.812 ], [ 79.813, 28.812 ], [ 79.813, 28.813 ], [ 79.813, 28.813 ], [ 79.814, 28.814 ], [ 79.814, 28.815 ], [ 79.815, 28.816 ], [ 79.815, 28.816 ], [ 79.816, 28.817 ], [ 79.816, 28.817 ], [ 79.817, 28.817 ], [ 79.817, 28.817 ], [ 79.818, 28.816 ], [ 79.818, 28.816 ], [ 79.818, 28.816 ], [ 79.818, 28.815 ], [ 79.818, 28.814 ], [ 79.819, 28.813 ], [ 79.819, 28.813 ], [ 79.819, 28.813 ], [ 79.82, 28.812 ], [ 79.82, 28.812 ], [ 79.82, 28.812 ], [ 79.82, 28.811 ], [ 79.819, 28.811 ], [ 79.819, 28.81 ], [ 79.819, 28.809 ], [ 79.819, 28.809 ], [ 79.82, 28.808 ], [ 79.82, 28.807 ], [ 79.82, 28.806 ], [ 79.82, 28.806 ], [ 79.819, 28.806 ], [ 79.819, 28.805 ], [ 79.819, 28.805 ], [ 79.82, 28.805 ], [ 79.82, 28.805 ], [ 79.821, 28.805 ], [ 79.822, 28.805 ], [ 79.822, 28.806 ], [ 79.823, 28.806 ], [ 79.824, 28.807 ], [ 79.824, 28.807 ], [ 79.825, 28.808 ], [ 79.825, 28.809 ], [ 79.825, 28.81 ], [ 79.825, 28.81 ], [ 79.825, 28.812 ], [ 79.825, 28.813 ], [ 79.826, 28.813 ], [ 79.826, 28.814 ], [ 79.826, 28.815 ], [ 79.826, 28.815 ], [ 79.827, 28.816 ], [ 79.828, 28.817 ], [ 79.829, 28.817 ], [ 79.829, 28.818 ], [ 79.83, 28.819 ], [ 79.83, 28.819 ], [ 79.83, 28.82 ], [ 79.829, 28.821 ], [ 79.829, 28.821 ], [ 79.829, 28.821 ], [ 79.829, 28.822 ], [ 79.83, 28.822 ], [ 79.83, 28.822 ], [ 79.831, 28.822 ], [ 79.831, 28.823 ], [ 79.832, 28.823 ], [ 79.832, 28.823 ], [ 79.832, 28.824 ], [ 79.833, 28.824 ], [ 79.833, 28.825 ], [ 79.833, 28.825 ], [ 79.833, 28.825 ], [ 79.833, 28.826 ], [ 79.834, 28.826 ], [ 79.834, 28.827 ], [ 79.835, 28.827 ], [ 79.835, 28.828 ], [ 79.835, 28.829 ], [ 79.835, 28.829 ], [ 79.835, 28.83 ], [ 79.836, 28.831 ], [ 79.837, 28.832 ], [ 79.837, 28.832 ], [ 79.837, 28.833 ], [ 79.837, 28.833 ], [ 79.837, 28.833 ], [ 79.837, 28.833 ], [ 79.836, 28.833 ], [ 79.836, 28.833 ], [ 79.835, 28.832 ], [ 79.834, 28.832 ], [ 79.833, 28.831 ], [ 79.833, 28.831 ], [ 79.832, 28.831 ], [ 79.831, 28.831 ], [ 79.831, 28.831 ], [ 79.83, 28.832 ], [ 79.829, 28.833 ], [ 79.829, 28.833 ], [ 79.829, 28.834 ], [ 79.829, 28.835 ], [ 79.829, 28.836 ], [ 79.828, 28.836 ], [ 79.828, 28.837 ], [ 79.827, 28.837 ], [ 79.826, 28.838 ], [ 79.825, 28.838 ], [ 79.825, 28.838 ], [ 79.824, 28.838 ], [ 79.824, 28.839 ], [ 79.824, 28.839 ], [ 79.824, 28.839 ], [ 79.824, 28.84 ], [ 79.824, 28.84 ], [ 79.825, 28.84 ], [ 79.825, 28.84 ], [ 79.826, 28.841 ], [ 79.826, 28.841 ], [ 79.827, 28.842 ], [ 79.827, 28.842 ], [ 79.828, 28.842 ], [ 79.829, 28.841 ], [ 79.829, 28.841 ], [ 79.829, 28.841 ], [ 79.83, 28.84 ], [ 79.83, 28.839 ], [ 79.83, 28.839 ], [ 79.83, 28.838 ], [ 79.83, 28.838 ], [ 79.831, 28.838 ], [ 79.831, 28.838 ], [ 79.832, 28.838 ], [ 79.833, 28.838 ], [ 79.834, 28.838 ], [ 79.835, 28.839 ], [ 79.836, 28.839 ], [ 79.836, 28.839 ], [ 79.837, 28.84 ], [ 79.837, 28.84 ], [ 79.837, 28.841 ], [ 79.837, 28.841 ], [ 79.837, 28.842 ], [ 79.837, 28.842 ], [ 79.836, 28.843 ], [ 79.836, 28.843 ], [ 79.836, 28.844 ], [ 79.835, 28.844 ], [ 79.834, 28.844 ], [ 79.833, 28.845 ], [ 79.833, 28.845 ], [ 79.832, 28.846 ], [ 79.832, 28.846 ], [ 79.832, 28.847 ], [ 79.832, 28.848 ], [ 79.832, 28.848 ], [ 79.832, 28.849 ], [ 79.832, 28.85 ], [ 79.831, 28.851 ], [ 79.831, 28.852 ], [ 79.83, 28.853 ], [ 79.83, 28.853 ], [ 79.83, 28.853 ], [ 79.83, 28.854 ], [ 79.831, 28.855 ], [ 79.831, 28.856 ], [ 79.832, 28.856 ], [ 79.832, 28.856 ], [ 79.833, 28.855 ], [ 79.834, 28.855 ], [ 79.834, 28.854 ], [ 79.835, 28.853 ], [ 79.836, 28.852 ], [ 79.836, 28.852 ], [ 79.836, 28.852 ], [ 79.836, 28.851 ], [ 79.836, 28.851 ], [ 79.837, 28.85 ], [ 79.837, 28.849 ], [ 79.838, 28.848 ], [ 79.839, 28.848 ], [ 79.84, 28.848 ], [ 79.841, 28.848 ], [ 79.841, 28.848 ], [ 79.841, 28.848 ], [ 79.842, 28.849 ], [ 79.843, 28.849 ], [ 79.844, 28.85 ], [ 79.845, 28.851 ], [ 79.845, 28.851 ], [ 79.845, 28.852 ], [ 79.845, 28.852 ], [ 79.845, 28.852 ], [ 79.845, 28.853 ], [ 79.845, 28.853 ], [ 79.845, 28.854 ], [ 79.845, 28.855 ], [ 79.845, 28.855 ], [ 79.846, 28.856 ], [ 79.846, 28.857 ], [ 79.847, 28.857 ], [ 79.848, 28.857 ], [ 79.849, 28.858 ], [ 79.849, 28.859 ], [ 79.85, 28.859 ], [ 79.85, 28.86 ], [ 79.85, 28.86 ], [ 79.849, 28.861 ], [ 79.849, 28.861 ], [ 79.848, 28.862 ], [ 79.847, 28.862 ], [ 79.846, 28.863 ], [ 79.846, 28.863 ], [ 79.846, 28.864 ], [ 79.846, 28.864 ], [ 79.846, 28.864 ], [ 79.846, 28.865 ], [ 79.846, 28.866 ], [ 79.846, 28.866 ], [ 79.846, 28.867 ], [ 79.846, 28.867 ], [ 79.846, 28.867 ], [ 79.847, 28.868 ], [ 79.847, 28.869 ], [ 79.847, 28.869 ], [ 79.847, 28.869 ], [ 79.846, 28.869 ], [ 79.846, 28.87 ], [ 79.846, 28.871 ], [ 79.846, 28.871 ], [ 79.846, 28.872 ], [ 79.846, 28.872 ], [ 79.846, 28.873 ], [ 79.846, 28.874 ], [ 79.845, 28.874 ], [ 79.845, 28.875 ], [ 79.845, 28.875 ], [ 79.844, 28.876 ], [ 79.843, 28.876 ], [ 79.842, 28.876 ], [ 79.841, 28.876 ], [ 79.84, 28.876 ], [ 79.839, 28.876 ], [ 79.838, 28.875 ], [ 79.838, 28.875 ], [ 79.838, 28.875 ], [ 79.838, 28.875 ], [ 79.838, 28.875 ], [ 79.837, 28.875 ], [ 79.836, 28.875 ], [ 79.836, 28.875 ], [ 79.835, 28.875 ], [ 79.835, 28.875 ], [ 79.835, 28.874 ], [ 79.835, 28.873 ], [ 79.835, 28.873 ], [ 79.835, 28.873 ], [ 79.835, 28.873 ], [ 79.836, 28.872 ], [ 79.836, 28.872 ], [ 79.836, 28.871 ], [ 79.835, 28.871 ], [ 79.835, 28.871 ], [ 79.834, 28.871 ], [ 79.834, 28.871 ], [ 79.833, 28.871 ], [ 79.833, 28.871 ], [ 79.833, 28.871 ], [ 79.832, 28.871 ], [ 79.832, 28.872 ], [ 79.832, 28.872 ], [ 79.832, 28.873 ], [ 79.832, 28.873 ], [ 79.832, 28.874 ], [ 79.831, 28.874 ], [ 79.831, 28.875 ], [ 79.831, 28.875 ], [ 79.831, 28.875 ], [ 79.831, 28.875 ], [ 79.831, 28.875 ], [ 79.831, 28.875 ], [ 79.831, 28.875 ], [ 79.83, 28.875 ], [ 79.83, 28.876 ], [ 79.829, 28.876 ], [ 79.829, 28.877 ], [ 79.828, 28.878 ], [ 79.828, 28.878 ], [ 79.828, 28.879 ], [ 79.829, 28.88 ], [ 79.829, 28.881 ], [ 79.829, 28.881 ], [ 79.829, 28.882 ], [ 79.829, 28.882 ], [ 79.829, 28.883 ], [ 79.829, 28.884 ], [ 79.829, 28.884 ], [ 79.828, 28.885 ], [ 79.828, 28.885 ], [ 79.828, 28.884 ], [ 79.826, 28.885 ], [ 79.824, 28.886 ], [ 79.823, 28.886 ], [ 79.821, 28.887 ], [ 79.82, 28.887 ], [ 79.818, 28.888 ], [ 79.817, 28.888 ], [ 79.816, 28.887 ], [ 79.815, 28.887 ], [ 79.815, 28.887 ], [ 79.814, 28.887 ], [ 79.814, 28.886 ], [ 79.814, 28.886 ], [ 79.814, 28.886 ], [ 79.814, 28.885 ], [ 79.815, 28.885 ], [ 79.815, 28.884 ], [ 79.815, 28.884 ], [ 79.813, 28.884 ], [ 79.812, 28.884 ], [ 79.81, 28.885 ], [ 79.809, 28.885 ], [ 79.808, 28.886 ], [ 79.807, 28.886 ], [ 79.806, 28.886 ], [ 79.805, 28.886 ], [ 79.804, 28.886 ], [ 79.802, 28.887 ], [ 79.801, 28.887 ], [ 79.8, 28.887 ], [ 79.799, 28.887 ], [ 79.798, 28.887 ], [ 79.797, 28.886 ], [ 79.796, 28.886 ], [ 79.795, 28.885 ], [ 79.794, 28.884 ], [ 79.794, 28.883 ], [ 79.793, 28.883 ], [ 79.793, 28.883 ], [ 79.793, 28.882 ], [ 79.792, 28.881 ], [ 79.792, 28.88 ], [ 79.792, 28.879 ], [ 79.791, 28.878 ], [ 79.791, 28.878 ], [ 79.79, 28.876 ], [ 79.79, 28.875 ], [ 79.79, 28.875 ], [ 79.789, 28.873 ], [ 79.789, 28.873 ], [ 79.788, 28.873 ], [ 79.788, 28.873 ], [ 79.786, 28.873 ], [ 79.786, 28.873 ], [ 79.785, 28.873 ], [ 79.785, 28.872 ], [ 79.784, 28.872 ], [ 79.784, 28.872 ], [ 79.784, 28.872 ], [ 79.784, 28.871 ], [ 79.783, 28.871 ], [ 79.783, 28.871 ], [ 79.781, 28.871 ], [ 79.78, 28.872 ], [ 79.78, 28.872 ], [ 79.779, 28.872 ], [ 79.778, 28.872 ], [ 79.777, 28.872 ], [ 79.776, 28.873 ], [ 79.775, 28.873 ], [ 79.774, 28.873 ], [ 79.772, 28.874 ], [ 79.77, 28.874 ], [ 79.768, 28.875 ], [ 79.767, 28.875 ], [ 79.766, 28.875 ], [ 79.766, 28.874 ], [ 79.766, 28.874 ], [ 79.765, 28.874 ], [ 79.764, 28.874 ], [ 79.762, 28.873 ], [ 79.761, 28.872 ], [ 79.76, 28.872 ], [ 79.76, 28.872 ], [ 79.76, 28.871 ], [ 79.759, 28.871 ], [ 79.759, 28.871 ], [ 79.759, 28.871 ], [ 79.759, 28.871 ], [ 79.757, 28.871 ], [ 79.757, 28.872 ], [ 79.756, 28.872 ], [ 79.755, 28.872 ], [ 79.754, 28.872 ], [ 79.752, 28.872 ], [ 79.749, 28.872 ], [ 79.749, 28.871 ], [ 79.749, 28.87 ], [ 79.749, 28.87 ], [ 79.749, 28.87 ], [ 79.749, 28.87 ], [ 79.748, 28.87 ], [ 79.748, 28.87 ], [ 79.748, 28.869 ], [ 79.747, 28.869 ], [ 79.748, 28.868 ], [ 79.748, 28.868 ], [ 79.748, 28.868 ], [ 79.748, 28.866 ], [ 79.747, 28.865 ], [ 79.747, 28.864 ], [ 79.746, 28.862 ], [ 79.746, 28.861 ], [ 79.746, 28.86 ], [ 79.745, 28.86 ], [ 79.744, 28.86 ], [ 79.743, 28.86 ], [ 79.743, 28.86 ], [ 79.743, 28.859 ], [ 79.743, 28.859 ], [ 79.743, 28.859 ], [ 79.742, 28.859 ], [ 79.742, 28.859 ], [ 79.741, 28.859 ], [ 79.741, 28.859 ], [ 79.741, 28.858 ], [ 79.74, 28.858 ], [ 79.74, 28.858 ], [ 79.738, 28.859 ], [ 79.738, 28.859 ], [ 79.738, 28.859 ], [ 79.737, 28.858 ], [ 79.737, 28.856 ], [ 79.737, 28.856 ], [ 79.736, 28.857 ], [ 79.735, 28.858 ], [ 79.734, 28.858 ], [ 79.732, 28.859 ], [ 79.731, 28.859 ], [ 79.729, 28.86 ], [ 79.727, 28.861 ], [ 79.726, 28.861 ], [ 79.726, 28.86 ], [ 79.725, 28.86 ], [ 79.725, 28.859 ], [ 79.724, 28.858 ], [ 79.724, 28.857 ], [ 79.724, 28.857 ], [ 79.724, 28.856 ], [ 79.724, 28.856 ], [ 79.723, 28.856 ], [ 79.723, 28.855 ], [ 79.723, 28.855 ], [ 79.723, 28.854 ], [ 79.723, 28.854 ], [ 79.723, 28.854 ], [ 79.723, 28.853 ], [ 79.723, 28.852 ], [ 79.723, 28.852 ], [ 79.722, 28.852 ], [ 79.722, 28.851 ], [ 79.722, 28.851 ], [ 79.721, 28.851 ], [ 79.721, 28.851 ], [ 79.721, 28.85 ], [ 79.721, 28.85 ], [ 79.721, 28.85 ], [ 79.721, 28.849 ], [ 79.721, 28.848 ], [ 79.72, 28.847 ], [ 79.72, 28.846 ], [ 79.72, 28.846 ], [ 79.72, 28.846 ], [ 79.72, 28.846 ], [ 79.72, 28.846 ], [ 79.719, 28.846 ], [ 79.719, 28.846 ], [ 79.719, 28.847 ], [ 79.719, 28.848 ], [ 79.719, 28.848 ], [ 79.719, 28.849 ], [ 79.718, 28.849 ], [ 79.717, 28.849 ], [ 79.717, 28.849 ], [ 79.717, 28.849 ], [ 79.716, 28.849 ], [ 79.715, 28.849 ], [ 79.715, 28.85 ], [ 79.713, 28.85 ], [ 79.712, 28.851 ], [ 79.711, 28.851 ], [ 79.711, 28.851 ], [ 79.71, 28.851 ], [ 79.71, 28.851 ], [ 79.71, 28.851 ], [ 79.71, 28.851 ], [ 79.709, 28.851 ], [ 79.709, 28.85 ], [ 79.708, 28.849 ], [ 79.708, 28.847 ], [ 79.707, 28.846 ], [ 79.706, 28.844 ], [ 79.707, 28.844 ], [ 79.708, 28.844 ], [ 79.707, 28.843 ], [ 79.707, 28.842 ], [ 79.707, 28.841 ], [ 79.706, 28.841 ], [ 79.703, 28.842 ], [ 79.702, 28.843 ], [ 79.7, 28.843 ], [ 79.699, 28.843 ], [ 79.697, 28.844 ], [ 79.695, 28.845 ], [ 79.693, 28.846 ], [ 79.693, 28.845 ], [ 79.692, 28.846 ], [ 79.692, 28.845 ], [ 79.691, 28.845 ], [ 79.69, 28.845 ], [ 79.69, 28.845 ], [ 79.691, 28.846 ], [ 79.692, 28.847 ], [ 79.692, 28.847 ], [ 79.692, 28.848 ], [ 79.692, 28.848 ], [ 79.691, 28.848 ], [ 79.69, 28.848 ], [ 79.689, 28.848 ], [ 79.688, 28.849 ], [ 79.687, 28.849 ], [ 79.686, 28.85 ], [ 79.685, 28.85 ], [ 79.684, 28.85 ], [ 79.683, 28.85 ], [ 79.683, 28.85 ], [ 79.683, 28.851 ], [ 79.683, 28.851 ], [ 79.683, 28.852 ], [ 79.683, 28.852 ], [ 79.683, 28.853 ], [ 79.683, 28.853 ], [ 79.683, 28.853 ], [ 79.682, 28.853 ], [ 79.683, 28.854 ], [ 79.683, 28.854 ], [ 79.683, 28.855 ], [ 79.683, 28.855 ], [ 79.684, 28.855 ], [ 79.683, 28.856 ], [ 79.682, 28.857 ], [ 79.681, 28.858 ], [ 79.68, 28.858 ], [ 79.679, 28.858 ], [ 79.679, 28.859 ], [ 79.677, 28.859 ], [ 79.677, 28.858 ], [ 79.676, 28.858 ], [ 79.675, 28.859 ], [ 79.674, 28.859 ], [ 79.673, 28.858 ], [ 79.672, 28.858 ], [ 79.672, 28.858 ], [ 79.671, 28.858 ], [ 79.67, 28.859 ], [ 79.669, 28.859 ], [ 79.668, 28.86 ], [ 79.668, 28.859 ], [ 79.668, 28.86 ], [ 79.667, 28.86 ], [ 79.666, 28.861 ], [ 79.665, 28.861 ], [ 79.664, 28.861 ], [ 79.663, 28.862 ], [ 79.663, 28.862 ], [ 79.664, 28.864 ], [ 79.665, 28.865 ], [ 79.666, 28.866 ], [ 79.665, 28.866 ], [ 79.664, 28.866 ], [ 79.663, 28.867 ], [ 79.663, 28.867 ], [ 79.663, 28.867 ], [ 79.662, 28.867 ], [ 79.661, 28.868 ], [ 79.661, 28.868 ], [ 79.66, 28.868 ], [ 79.66, 28.868 ], [ 79.66, 28.869 ], [ 79.658, 28.869 ], [ 79.657, 28.87 ], [ 79.656, 28.87 ], [ 79.656, 28.868 ], [ 79.655, 28.869 ], [ 79.653, 28.869 ], [ 79.653, 28.868 ], [ 79.652, 28.868 ], [ 79.651, 28.869 ], [ 79.651, 28.868 ], [ 79.65, 28.868 ], [ 79.65, 28.868 ], [ 79.649, 28.868 ], [ 79.649, 28.866 ], [ 79.648, 28.867 ], [ 79.647, 28.867 ], [ 79.647, 28.867 ], [ 79.646, 28.865 ], [ 79.646, 28.865 ], [ 79.646, 28.864 ], [ 79.645, 28.864 ], [ 79.645, 28.863 ], [ 79.644, 28.863 ], [ 79.643, 28.864 ], [ 79.641, 28.865 ], [ 79.64, 28.866 ], [ 79.64, 28.866 ], [ 79.638, 28.865 ], [ 79.638, 28.866 ], [ 79.637, 28.866 ], [ 79.636, 28.867 ], [ 79.635, 28.866 ], [ 79.634, 28.865 ], [ 79.633, 28.864 ], [ 79.633, 28.864 ], [ 79.633, 28.863 ], [ 79.632, 28.863 ], [ 79.631, 28.862 ], [ 79.631, 28.861 ], [ 79.63, 28.861 ], [ 79.63, 28.861 ], [ 79.629, 28.862 ], [ 79.629, 28.862 ], [ 79.629, 28.862 ], [ 79.628, 28.863 ], [ 79.628, 28.863 ], [ 79.628, 28.863 ], [ 79.628, 28.864 ], [ 79.628, 28.864 ], [ 79.628, 28.865 ], [ 79.627, 28.866 ], [ 79.627, 28.866 ], [ 79.627, 28.867 ], [ 79.626, 28.867 ], [ 79.626, 28.867 ], [ 79.626, 28.866 ], [ 79.626, 28.866 ], [ 79.626, 28.866 ], [ 79.625, 28.866 ], [ 79.625, 28.866 ], [ 79.624, 28.866 ], [ 79.624, 28.865 ], [ 79.624, 28.865 ], [ 79.623, 28.865 ], [ 79.623, 28.865 ], [ 79.622, 28.865 ], [ 79.622, 28.865 ], [ 79.621, 28.864 ], [ 79.621, 28.863 ], [ 79.62, 28.863 ], [ 79.619, 28.862 ], [ 79.618, 28.86 ], [ 79.617, 28.858 ], [ 79.616, 28.857 ], [ 79.615, 28.856 ], [ 79.615, 28.855 ], [ 79.614, 28.854 ], [ 79.614, 28.853 ], [ 79.613, 28.853 ], [ 79.613, 28.853 ], [ 79.612, 28.853 ], [ 79.61, 28.854 ], [ 79.61, 28.854 ], [ 79.609, 28.855 ], [ 79.608, 28.855 ], [ 79.608, 28.855 ], [ 79.608, 28.855 ], [ 79.607, 28.855 ], [ 79.606, 28.856 ], [ 79.606, 28.856 ], [ 79.605, 28.856 ], [ 79.604, 28.857 ], [ 79.604, 28.857 ], [ 79.604, 28.857 ], [ 79.604, 28.857 ], [ 79.603, 28.856 ], [ 79.603, 28.856 ], [ 79.603, 28.856 ], [ 79.603, 28.855 ], [ 79.603, 28.855 ], [ 79.603, 28.855 ], [ 79.602, 28.855 ], [ 79.602, 28.855 ], [ 79.601, 28.855 ], [ 79.6, 28.854 ], [ 79.6, 28.853 ], [ 79.599, 28.853 ], [ 79.598, 28.852 ], [ 79.597, 28.851 ], [ 79.597, 28.851 ], [ 79.596, 28.852 ], [ 79.595, 28.852 ], [ 79.594, 28.852 ], [ 79.594, 28.852 ], [ 79.593, 28.852 ], [ 79.592, 28.851 ], [ 79.592, 28.851 ], [ 79.591, 28.85 ], [ 79.592, 28.85 ], [ 79.592, 28.85 ], [ 79.592, 28.849 ], [ 79.591, 28.849 ], [ 79.591, 28.849 ], [ 79.59, 28.85 ], [ 79.59, 28.85 ], [ 79.589, 28.85 ], [ 79.589, 28.849 ], [ 79.588, 28.85 ], [ 79.588, 28.85 ], [ 79.587, 28.849 ], [ 79.586, 28.849 ], [ 79.586, 28.848 ], [ 79.586, 28.848 ], [ 79.585, 28.848 ], [ 79.585, 28.847 ], [ 79.584, 28.846 ], [ 79.583, 28.847 ], [ 79.583, 28.847 ], [ 79.582, 28.847 ], [ 79.582, 28.848 ], [ 79.581, 28.848 ], [ 79.579, 28.849 ], [ 79.579, 28.849 ], [ 79.577, 28.85 ], [ 79.576, 28.85 ], [ 79.576, 28.851 ], [ 79.576, 28.851 ], [ 79.575, 28.852 ], [ 79.574, 28.852 ], [ 79.574, 28.853 ], [ 79.574, 28.854 ], [ 79.573, 28.855 ], [ 79.574, 28.855 ], [ 79.574, 28.855 ], [ 79.574, 28.856 ], [ 79.575, 28.856 ], [ 79.575, 28.856 ], [ 79.575, 28.857 ], [ 79.575, 28.857 ], [ 79.575, 28.858 ], [ 79.575, 28.858 ], [ 79.575, 28.859 ], [ 79.576, 28.86 ], [ 79.577, 28.86 ], [ 79.577, 28.861 ], [ 79.577, 28.861 ], [ 79.578, 28.862 ], [ 79.578, 28.863 ], [ 79.578, 28.863 ], [ 79.579, 28.864 ], [ 79.579, 28.865 ], [ 79.58, 28.865 ], [ 79.581, 28.866 ], [ 79.581, 28.866 ], [ 79.581, 28.867 ], [ 79.58, 28.867 ], [ 79.58, 28.868 ], [ 79.58, 28.868 ], [ 79.58, 28.869 ], [ 79.58, 28.869 ], [ 79.58, 28.87 ], [ 79.58, 28.871 ], [ 79.58, 28.871 ], [ 79.58, 28.871 ], [ 79.581, 28.872 ], [ 79.581, 28.872 ], [ 79.581, 28.872 ], [ 79.581, 28.873 ], [ 79.581, 28.873 ], [ 79.581, 28.874 ], [ 79.582, 28.874 ], [ 79.582, 28.875 ], [ 79.582, 28.875 ], [ 79.582, 28.875 ], [ 79.583, 28.876 ], [ 79.583, 28.877 ], [ 79.584, 28.878 ], [ 79.584, 28.879 ], [ 79.584, 28.879 ], [ 79.583, 28.88 ], [ 79.582, 28.881 ], [ 79.582, 28.881 ], [ 79.582, 28.881 ], [ 79.582, 28.882 ], [ 79.582, 28.882 ], [ 79.581, 28.883 ], [ 79.579, 28.883 ], [ 79.578, 28.883 ], [ 79.579, 28.884 ], [ 79.579, 28.884 ], [ 79.579, 28.885 ], [ 79.579, 28.885 ], [ 79.579, 28.886 ], [ 79.579, 28.887 ], [ 79.579, 28.887 ], [ 79.578, 28.887 ], [ 79.578, 28.888 ], [ 79.578, 28.888 ], [ 79.578, 28.889 ], [ 79.577, 28.889 ], [ 79.577, 28.889 ], [ 79.576, 28.889 ], [ 79.576, 28.889 ], [ 79.575, 28.889 ], [ 79.575, 28.888 ], [ 79.575, 28.888 ], [ 79.575, 28.888 ], [ 79.574, 28.888 ], [ 79.574, 28.888 ], [ 79.573, 28.887 ], [ 79.573, 28.887 ], [ 79.573, 28.887 ], [ 79.572, 28.887 ], [ 79.572, 28.887 ], [ 79.572, 28.886 ], [ 79.572, 28.886 ], [ 79.571, 28.886 ], [ 79.571, 28.887 ], [ 79.571, 28.887 ], [ 79.57, 28.887 ], [ 79.57, 28.887 ], [ 79.57, 28.888 ], [ 79.57, 28.888 ], [ 79.57, 28.888 ], [ 79.57, 28.889 ], [ 79.57, 28.889 ], [ 79.57, 28.889 ], [ 79.57, 28.89 ], [ 79.57, 28.89 ], [ 79.57, 28.89 ], [ 79.57, 28.891 ], [ 79.571, 28.891 ], [ 79.571, 28.891 ], [ 79.571, 28.891 ], [ 79.571, 28.891 ], [ 79.571, 28.892 ], [ 79.571, 28.892 ], [ 79.571, 28.893 ], [ 79.569, 28.893 ], [ 79.568, 28.894 ], [ 79.566, 28.894 ], [ 79.565, 28.895 ], [ 79.564, 28.895 ], [ 79.563, 28.895 ], [ 79.562, 28.896 ], [ 79.561, 28.896 ], [ 79.561, 28.896 ], [ 79.56, 28.897 ], [ 79.559, 28.897 ], [ 79.558, 28.898 ], [ 79.557, 28.899 ], [ 79.556, 28.899 ], [ 79.556, 28.899 ], [ 79.556, 28.899 ], [ 79.556, 28.898 ], [ 79.555, 28.898 ], [ 79.555, 28.898 ], [ 79.554, 28.898 ], [ 79.554, 28.898 ], [ 79.554, 28.897 ], [ 79.553, 28.897 ], [ 79.553, 28.897 ], [ 79.553, 28.897 ], [ 79.553, 28.896 ], [ 79.553, 28.896 ], [ 79.553, 28.896 ], [ 79.553, 28.895 ], [ 79.554, 28.895 ], [ 79.554, 28.895 ], [ 79.555, 28.894 ], [ 79.555, 28.894 ], [ 79.554, 28.894 ], [ 79.554, 28.893 ], [ 79.554, 28.893 ], [ 79.554, 28.893 ], [ 79.553, 28.893 ], [ 79.553, 28.892 ], [ 79.552, 28.892 ], [ 79.552, 28.892 ], [ 79.552, 28.892 ], [ 79.551, 28.891 ], [ 79.55, 28.89 ], [ 79.549, 28.89 ], [ 79.548, 28.891 ], [ 79.547, 28.89 ], [ 79.547, 28.889 ], [ 79.547, 28.888 ], [ 79.548, 28.888 ], [ 79.547, 28.887 ], [ 79.547, 28.887 ], [ 79.546, 28.886 ], [ 79.545, 28.885 ], [ 79.545, 28.885 ], [ 79.544, 28.885 ], [ 79.543, 28.886 ], [ 79.543, 28.885 ], [ 79.542, 28.885 ], [ 79.542, 28.884 ], [ 79.541, 28.883 ], [ 79.541, 28.882 ], [ 79.54, 28.882 ], [ 79.541, 28.882 ], [ 79.541, 28.881 ], [ 79.541, 28.881 ], [ 79.542, 28.881 ], [ 79.542, 28.88 ], [ 79.541, 28.88 ], [ 79.54, 28.879 ], [ 79.54, 28.879 ], [ 79.539, 28.878 ], [ 79.538, 28.877 ], [ 79.537, 28.877 ], [ 79.537, 28.876 ], [ 79.536, 28.876 ], [ 79.536, 28.875 ], [ 79.536, 28.875 ], [ 79.536, 28.875 ], [ 79.537, 28.874 ], [ 79.537, 28.874 ], [ 79.537, 28.874 ], [ 79.536, 28.873 ], [ 79.535, 28.872 ], [ 79.534, 28.872 ], [ 79.534, 28.871 ], [ 79.534, 28.871 ], [ 79.533, 28.87 ], [ 79.533, 28.87 ], [ 79.532, 28.87 ], [ 79.532, 28.869 ], [ 79.531, 28.869 ], [ 79.53, 28.869 ], [ 79.53, 28.869 ], [ 79.53, 28.869 ], [ 79.53, 28.869 ], [ 79.53, 28.869 ], [ 79.529, 28.869 ], [ 79.529, 28.868 ], [ 79.528, 28.868 ], [ 79.527, 28.868 ], [ 79.527, 28.868 ], [ 79.527, 28.868 ], [ 79.527, 28.868 ], [ 79.526, 28.868 ], [ 79.525, 28.867 ], [ 79.524, 28.867 ], [ 79.524, 28.867 ], [ 79.523, 28.867 ], [ 79.523, 28.866 ], [ 79.522, 28.866 ], [ 79.522, 28.865 ], [ 79.522, 28.865 ], [ 79.522, 28.865 ], [ 79.522, 28.865 ], [ 79.521, 28.865 ], [ 79.52, 28.866 ], [ 79.519, 28.866 ], [ 79.518, 28.866 ], [ 79.518, 28.866 ], [ 79.518, 28.867 ], [ 79.517, 28.867 ], [ 79.517, 28.867 ], [ 79.517, 28.866 ], [ 79.517, 28.866 ], [ 79.516, 28.866 ], [ 79.516, 28.866 ], [ 79.515, 28.867 ], [ 79.514, 28.867 ], [ 79.514, 28.867 ], [ 79.513, 28.867 ], [ 79.513, 28.867 ], [ 79.513, 28.867 ], [ 79.513, 28.867 ], [ 79.512, 28.867 ], [ 79.511, 28.867 ], [ 79.511, 28.867 ], [ 79.511, 28.866 ], [ 79.511, 28.866 ], [ 79.51, 28.865 ], [ 79.51, 28.865 ], [ 79.509, 28.865 ], [ 79.509, 28.865 ], [ 79.509, 28.866 ], [ 79.508, 28.867 ], [ 79.507, 28.867 ], [ 79.506, 28.868 ], [ 79.505, 28.869 ], [ 79.504, 28.869 ], [ 79.503, 28.87 ], [ 79.503, 28.871 ], [ 79.502, 28.871 ], [ 79.501, 28.871 ], [ 79.5, 28.871 ], [ 79.5, 28.871 ], [ 79.499, 28.871 ], [ 79.498, 28.872 ], [ 79.498, 28.872 ], [ 79.498, 28.872 ], [ 79.498, 28.873 ], [ 79.497, 28.873 ], [ 79.497, 28.873 ], [ 79.497, 28.873 ], [ 79.497, 28.873 ], [ 79.496, 28.872 ], [ 79.496, 28.872 ], [ 79.495, 28.872 ], [ 79.495, 28.872 ], [ 79.495, 28.872 ], [ 79.495, 28.872 ], [ 79.494, 28.872 ], [ 79.494, 28.873 ], [ 79.493, 28.873 ], [ 79.493, 28.873 ], [ 79.492, 28.873 ], [ 79.492, 28.872 ], [ 79.491, 28.872 ], [ 79.49, 28.872 ], [ 79.49, 28.872 ], [ 79.489, 28.872 ], [ 79.488, 28.872 ], [ 79.487, 28.872 ], [ 79.486, 28.872 ], [ 79.486, 28.872 ], [ 79.485, 28.872 ], [ 79.485, 28.872 ], [ 79.484, 28.872 ], [ 79.483, 28.872 ], [ 79.483, 28.872 ], [ 79.482, 28.872 ], [ 79.482, 28.872 ], [ 79.482, 28.872 ], [ 79.481, 28.871 ], [ 79.481, 28.871 ], [ 79.481, 28.87 ], [ 79.48, 28.87 ], [ 79.48, 28.871 ], [ 79.48, 28.871 ], [ 79.479, 28.871 ], [ 79.479, 28.871 ], [ 79.479, 28.871 ], [ 79.479, 28.871 ], [ 79.479, 28.871 ], [ 79.479, 28.871 ], [ 79.478, 28.871 ], [ 79.478, 28.87 ], [ 79.479, 28.87 ], [ 79.479, 28.87 ], [ 79.479, 28.869 ], [ 79.479, 28.869 ], [ 79.479, 28.869 ], [ 79.479, 28.869 ], [ 79.479, 28.869 ], [ 79.478, 28.868 ], [ 79.478, 28.868 ], [ 79.478, 28.868 ], [ 79.478, 28.868 ], [ 79.479, 28.868 ], [ 79.479, 28.868 ], [ 79.479, 28.867 ], [ 79.479, 28.867 ], [ 79.479, 28.867 ], [ 79.479, 28.867 ], [ 79.479, 28.867 ], [ 79.479, 28.867 ], [ 79.478, 28.866 ], [ 79.478, 28.866 ], [ 79.478, 28.866 ], [ 79.478, 28.866 ], [ 79.478, 28.866 ], [ 79.478, 28.866 ], [ 79.478, 28.865 ], [ 79.478, 28.865 ], [ 79.477, 28.865 ], [ 79.477, 28.865 ], [ 79.477, 28.865 ], [ 79.477, 28.865 ], [ 79.476, 28.865 ], [ 79.475, 28.865 ], [ 79.474, 28.865 ], [ 79.472, 28.865 ], [ 79.471, 28.865 ], [ 79.469, 28.866 ], [ 79.468, 28.867 ], [ 79.467, 28.867 ], [ 79.467, 28.867 ], [ 79.467, 28.868 ], [ 79.466, 28.868 ], [ 79.466, 28.868 ], [ 79.465, 28.868 ], [ 79.465, 28.867 ], [ 79.465, 28.867 ], [ 79.464, 28.867 ], [ 79.463, 28.867 ], [ 79.463, 28.867 ], [ 79.462, 28.867 ], [ 79.462, 28.867 ], [ 79.461, 28.867 ], [ 79.46, 28.868 ], [ 79.459, 28.868 ], [ 79.457, 28.869 ], [ 79.455, 28.87 ], [ 79.454, 28.87 ], [ 79.453, 28.871 ], [ 79.452, 28.871 ], [ 79.452, 28.872 ], [ 79.452, 28.872 ], [ 79.452, 28.871 ], [ 79.452, 28.871 ], [ 79.451, 28.871 ], [ 79.451, 28.871 ], [ 79.451, 28.871 ], [ 79.451, 28.871 ], [ 79.45, 28.871 ], [ 79.45, 28.871 ], [ 79.45, 28.871 ], [ 79.45, 28.871 ], [ 79.45, 28.871 ], [ 79.45, 28.87 ], [ 79.45, 28.87 ], [ 79.45, 28.87 ], [ 79.45, 28.869 ], [ 79.45, 28.869 ], [ 79.45, 28.868 ], [ 79.45, 28.868 ], [ 79.45, 28.868 ], [ 79.45, 28.868 ], [ 79.45, 28.868 ], [ 79.45, 28.867 ], [ 79.449, 28.867 ], [ 79.449, 28.867 ], [ 79.448, 28.867 ], [ 79.448, 28.867 ], [ 79.447, 28.867 ], [ 79.447, 28.867 ], [ 79.447, 28.868 ], [ 79.447, 28.868 ], [ 79.446, 28.868 ], [ 79.446, 28.868 ], [ 79.446, 28.867 ], [ 79.445, 28.867 ], [ 79.445, 28.867 ], [ 79.445, 28.866 ], [ 79.445, 28.866 ], [ 79.445, 28.865 ], [ 79.445, 28.865 ], [ 79.445, 28.864 ], [ 79.445, 28.864 ], [ 79.445, 28.864 ], [ 79.445, 28.864 ], [ 79.444, 28.864 ], [ 79.444, 28.864 ], [ 79.443, 28.863 ], [ 79.443, 28.863 ], [ 79.443, 28.863 ], [ 79.443, 28.863 ], [ 79.443, 28.863 ], [ 79.442, 28.863 ], [ 79.442, 28.863 ], [ 79.442, 28.862 ], [ 79.442, 28.862 ], [ 79.442, 28.862 ], [ 79.441, 28.862 ], [ 79.44, 28.862 ], [ 79.439, 28.862 ], [ 79.438, 28.863 ], [ 79.437, 28.863 ], [ 79.436, 28.863 ], [ 79.435, 28.864 ], [ 79.434, 28.864 ], [ 79.431, 28.865 ], [ 79.431, 28.865 ], [ 79.43, 28.865 ], [ 79.429, 28.866 ], [ 79.428, 28.866 ], [ 79.427, 28.867 ], [ 79.426, 28.867 ], [ 79.426, 28.866 ], [ 79.426, 28.866 ], [ 79.425, 28.867 ], [ 79.425, 28.867 ], [ 79.425, 28.867 ], [ 79.425, 28.867 ], [ 79.425, 28.867 ], [ 79.425, 28.868 ], [ 79.425, 28.868 ], [ 79.425, 28.868 ], [ 79.425, 28.868 ], [ 79.425, 28.869 ], [ 79.425, 28.869 ], [ 79.425, 28.869 ], [ 79.425, 28.869 ], [ 79.425, 28.869 ], [ 79.425, 28.87 ], [ 79.425, 28.87 ], [ 79.425, 28.87 ], [ 79.425, 28.87 ], [ 79.425, 28.87 ], [ 79.425, 28.871 ], [ 79.425, 28.871 ], [ 79.425, 28.871 ], [ 79.425, 28.872 ], [ 79.425, 28.872 ], [ 79.425, 28.872 ], [ 79.425, 28.873 ], [ 79.425, 28.874 ], [ 79.425, 28.874 ], [ 79.426, 28.874 ], [ 79.426, 28.874 ], [ 79.426, 28.875 ], [ 79.426, 28.876 ], [ 79.427, 28.876 ], [ 79.427, 28.877 ], [ 79.427, 28.877 ], [ 79.427, 28.877 ], [ 79.427, 28.877 ], [ 79.428, 28.877 ], [ 79.428, 28.877 ], [ 79.428, 28.878 ], [ 79.428, 28.879 ], [ 79.428, 28.879 ], [ 79.429, 28.88 ], [ 79.429, 28.882 ], [ 79.43, 28.883 ], [ 79.43, 28.884 ], [ 79.43, 28.885 ], [ 79.431, 28.885 ], [ 79.431, 28.885 ], [ 79.431, 28.886 ], [ 79.431, 28.886 ], [ 79.431, 28.886 ], [ 79.431, 28.886 ], [ 79.431, 28.887 ], [ 79.431, 28.887 ], [ 79.431, 28.887 ], [ 79.431, 28.887 ], [ 79.431, 28.887 ], [ 79.431, 28.887 ], [ 79.431, 28.888 ], [ 79.43, 28.888 ], [ 79.43, 28.888 ], [ 79.43, 28.888 ], [ 79.43, 28.889 ], [ 79.43, 28.889 ], [ 79.43, 28.889 ], [ 79.43, 28.89 ], [ 79.43, 28.89 ], [ 79.43, 28.89 ], [ 79.429, 28.891 ], [ 79.428, 28.891 ], [ 79.428, 28.891 ], [ 79.428, 28.892 ], [ 79.428, 28.893 ], [ 79.428, 28.893 ], [ 79.427, 28.893 ], [ 79.427, 28.893 ], [ 79.426, 28.893 ], [ 79.426, 28.892 ], [ 79.426, 28.892 ], [ 79.425, 28.892 ], [ 79.425, 28.893 ], [ 79.425, 28.893 ], [ 79.425, 28.894 ], [ 79.424, 28.894 ], [ 79.424, 28.894 ], [ 79.424, 28.893 ], [ 79.424, 28.893 ], [ 79.423, 28.893 ], [ 79.423, 28.893 ], [ 79.423, 28.893 ], [ 79.423, 28.894 ], [ 79.423, 28.894 ], [ 79.424, 28.894 ], [ 79.424, 28.894 ], [ 79.424, 28.895 ], [ 79.424, 28.895 ], [ 79.424, 28.896 ], [ 79.424, 28.896 ], [ 79.424, 28.896 ], [ 79.424, 28.897 ], [ 79.424, 28.897 ], [ 79.424, 28.897 ], [ 79.425, 28.897 ], [ 79.425, 28.897 ], [ 79.425, 28.898 ], [ 79.425, 28.898 ], [ 79.424, 28.898 ], [ 79.424, 28.898 ], [ 79.424, 28.898 ], [ 79.424, 28.899 ], [ 79.424, 28.899 ], [ 79.424, 28.899 ], [ 79.423, 28.899 ], [ 79.423, 28.899 ], [ 79.423, 28.899 ], [ 79.422, 28.9 ], [ 79.423, 28.9 ], [ 79.422, 28.9 ], [ 79.422, 28.9 ], [ 79.422, 28.9 ], [ 79.422, 28.9 ], [ 79.422, 28.9 ], [ 79.422, 28.901 ], [ 79.423, 28.901 ], [ 79.422, 28.901 ], [ 79.422, 28.901 ], [ 79.422, 28.901 ], [ 79.422, 28.901 ], [ 79.422, 28.902 ], [ 79.423, 28.902 ], [ 79.423, 28.902 ], [ 79.423, 28.902 ], [ 79.423, 28.902 ], [ 79.423, 28.902 ], [ 79.423, 28.902 ], [ 79.423, 28.902 ], [ 79.423, 28.902 ], [ 79.423, 28.903 ], [ 79.423, 28.903 ], [ 79.423, 28.903 ], [ 79.423, 28.903 ], [ 79.423, 28.903 ], [ 79.423, 28.903 ], [ 79.423, 28.903 ], [ 79.423, 28.903 ], [ 79.424, 28.903 ], [ 79.424, 28.904 ], [ 79.424, 28.904 ], [ 79.424, 28.904 ], [ 79.424, 28.904 ], [ 79.425, 28.904 ], [ 79.425, 28.904 ], [ 79.425, 28.904 ], [ 79.425, 28.905 ], [ 79.425, 28.905 ], [ 79.425, 28.905 ], [ 79.425, 28.905 ], [ 79.425, 28.906 ], [ 79.425, 28.906 ], [ 79.425, 28.906 ], [ 79.425, 28.906 ], [ 79.425, 28.906 ], [ 79.425, 28.906 ], [ 79.425, 28.906 ], [ 79.425, 28.907 ], [ 79.425, 28.907 ], [ 79.425, 28.907 ], [ 79.425, 28.907 ], [ 79.425, 28.907 ], [ 79.424, 28.908 ], [ 79.424, 28.908 ], [ 79.424, 28.908 ], [ 79.424, 28.909 ], [ 79.425, 28.909 ], [ 79.425, 28.909 ], [ 79.425, 28.909 ], [ 79.425, 28.909 ], [ 79.426, 28.91 ], [ 79.426, 28.91 ], [ 79.426, 28.91 ], [ 79.426, 28.91 ], [ 79.426, 28.91 ], [ 79.426, 28.911 ], [ 79.426, 28.911 ], [ 79.427, 28.911 ], [ 79.427, 28.911 ], [ 79.427, 28.911 ], [ 79.427, 28.911 ], [ 79.427, 28.911 ], [ 79.426, 28.911 ], [ 79.426, 28.911 ], [ 79.426, 28.911 ], [ 79.426, 28.912 ], [ 79.426, 28.912 ], [ 79.425, 28.912 ], [ 79.425, 28.912 ], [ 79.425, 28.912 ], [ 79.425, 28.912 ], [ 79.425, 28.912 ], [ 79.425, 28.912 ], [ 79.426, 28.912 ], [ 79.426, 28.912 ], [ 79.426, 28.912 ], [ 79.426, 28.912 ], [ 79.427, 28.912 ], [ 79.427, 28.912 ], [ 79.427, 28.913 ], [ 79.427, 28.913 ], [ 79.427, 28.913 ], [ 79.428, 28.913 ], [ 79.428, 28.913 ], [ 79.427, 28.913 ], [ 79.427, 28.913 ], [ 79.427, 28.913 ], [ 79.426, 28.913 ], [ 79.426, 28.913 ], [ 79.426, 28.913 ], [ 79.426, 28.913 ], [ 79.425, 28.913 ], [ 79.425, 28.913 ], [ 79.425, 28.914 ], [ 79.425, 28.914 ], [ 79.425, 28.914 ], [ 79.425, 28.914 ], [ 79.425, 28.914 ], [ 79.425, 28.914 ], [ 79.425, 28.914 ], [ 79.425, 28.914 ], [ 79.425, 28.914 ], [ 79.425, 28.914 ], [ 79.426, 28.914 ], [ 79.426, 28.914 ], [ 79.426, 28.914 ], [ 79.426, 28.914 ], [ 79.427, 28.914 ], [ 79.427, 28.914 ], [ 79.427, 28.914 ], [ 79.427, 28.914 ], [ 79.427, 28.914 ], [ 79.427, 28.915 ], [ 79.427, 28.915 ], [ 79.427, 28.915 ], [ 79.426, 28.915 ], [ 79.426, 28.915 ], [ 79.426, 28.915 ], [ 79.426, 28.915 ], [ 79.426, 28.915 ], [ 79.425, 28.915 ], [ 79.425, 28.915 ], [ 79.425, 28.915 ], [ 79.425, 28.915 ], [ 79.425, 28.915 ], [ 79.425, 28.915 ], [ 79.425, 28.916 ], [ 79.425, 28.916 ], [ 79.425, 28.916 ], [ 79.426, 28.915 ], [ 79.426, 28.915 ], [ 79.426, 28.915 ], [ 79.426, 28.915 ], [ 79.426, 28.915 ], [ 79.426, 28.915 ], [ 79.426, 28.915 ], [ 79.426, 28.915 ], [ 79.427, 28.915 ], [ 79.427, 28.915 ], [ 79.427, 28.915 ], [ 79.427, 28.915 ], [ 79.427, 28.915 ], [ 79.427, 28.915 ], [ 79.427, 28.915 ], [ 79.427, 28.916 ], [ 79.426, 28.916 ], [ 79.426, 28.916 ], [ 79.426, 28.916 ], [ 79.426, 28.916 ], [ 79.426, 28.916 ], [ 79.425, 28.916 ], [ 79.425, 28.917 ], [ 79.425, 28.917 ], [ 79.425, 28.917 ], [ 79.425, 28.917 ], [ 79.425, 28.917 ], [ 79.425, 28.917 ], [ 79.425, 28.917 ], [ 79.426, 28.917 ], [ 79.426, 28.917 ], [ 79.426, 28.917 ], [ 79.426, 28.917 ], [ 79.426, 28.917 ], [ 79.427, 28.917 ], [ 79.426, 28.917 ], [ 79.426, 28.916 ], [ 79.427, 28.916 ], [ 79.427, 28.916 ], [ 79.427, 28.916 ], [ 79.427, 28.916 ], [ 79.427, 28.917 ], [ 79.427, 28.917 ], [ 79.427, 28.917 ], [ 79.427, 28.917 ], [ 79.427, 28.917 ], [ 79.427, 28.917 ], [ 79.427, 28.918 ], [ 79.427, 28.918 ], [ 79.427, 28.918 ], [ 79.427, 28.918 ], [ 79.428, 28.918 ], [ 79.428, 28.918 ], [ 79.428, 28.918 ], [ 79.428, 28.918 ], [ 79.428, 28.918 ], [ 79.427, 28.918 ], [ 79.427, 28.919 ], [ 79.427, 28.919 ], [ 79.428, 28.919 ], [ 79.428, 28.919 ], [ 79.428, 28.92 ], [ 79.428, 28.92 ], [ 79.428, 28.92 ], [ 79.427, 28.92 ], [ 79.427, 28.92 ], [ 79.427, 28.92 ], [ 79.427, 28.92 ], [ 79.427, 28.921 ], [ 79.427, 28.921 ], [ 79.427, 28.921 ], [ 79.427, 28.921 ], [ 79.427, 28.921 ], [ 79.427, 28.922 ], [ 79.427, 28.922 ], [ 79.427, 28.922 ], [ 79.426, 28.922 ], [ 79.426, 28.922 ], [ 79.426, 28.922 ], [ 79.426, 28.922 ], [ 79.426, 28.922 ], [ 79.425, 28.923 ], [ 79.425, 28.923 ], [ 79.425, 28.923 ], [ 79.425, 28.923 ], [ 79.424, 28.924 ], [ 79.421, 28.925 ], [ 79.418, 28.927 ], [ 79.416, 28.928 ], [ 79.416, 28.928 ], [ 79.417, 28.929 ], [ 79.417, 28.929 ], [ 79.417, 28.929 ], [ 79.417, 28.93 ], [ 79.418, 28.931 ], [ 79.418, 28.932 ], [ 79.419, 28.933 ], [ 79.419, 28.933 ], [ 79.419, 28.933 ], [ 79.419, 28.934 ], [ 79.419, 28.934 ], [ 79.419, 28.935 ], [ 79.419, 28.936 ], [ 79.418, 28.936 ], [ 79.418, 28.937 ], [ 79.418, 28.938 ], [ 79.418, 28.939 ], [ 79.419, 28.939 ], [ 79.419, 28.94 ], [ 79.419, 28.94 ], [ 79.419, 28.94 ], [ 79.419, 28.94 ], [ 79.418, 28.94 ], [ 79.418, 28.94 ], [ 79.418, 28.94 ], [ 79.418, 28.94 ], [ 79.418, 28.94 ], [ 79.417, 28.94 ], [ 79.417, 28.94 ], [ 79.417, 28.94 ], [ 79.417, 28.94 ], [ 79.417, 28.941 ], [ 79.418, 28.941 ], [ 79.418, 28.941 ], [ 79.417, 28.941 ], [ 79.417, 28.941 ], [ 79.417, 28.941 ], [ 79.417, 28.941 ], [ 79.416, 28.941 ], [ 79.416, 28.941 ], [ 79.416, 28.941 ], [ 79.416, 28.942 ], [ 79.416, 28.942 ], [ 79.416, 28.942 ], [ 79.416, 28.942 ], [ 79.416, 28.943 ], [ 79.416, 28.943 ], [ 79.416, 28.943 ], [ 79.416, 28.943 ], [ 79.416, 28.944 ], [ 79.415, 28.945 ], [ 79.414, 28.946 ], [ 79.413, 28.947 ], [ 79.411, 28.949 ], [ 79.41, 28.95 ], [ 79.408, 28.952 ], [ 79.407, 28.952 ], [ 79.407, 28.952 ], [ 79.406, 28.952 ], [ 79.406, 28.952 ], [ 79.406, 28.952 ], [ 79.405, 28.952 ], [ 79.405, 28.951 ], [ 79.405, 28.951 ], [ 79.406, 28.951 ], [ 79.406, 28.951 ], [ 79.406, 28.95 ], [ 79.406, 28.95 ], [ 79.406, 28.951 ], [ 79.406, 28.951 ], [ 79.406, 28.951 ], [ 79.406, 28.951 ], [ 79.406, 28.951 ], [ 79.406, 28.95 ], [ 79.406, 28.95 ], [ 79.406, 28.95 ], [ 79.406, 28.95 ], [ 79.406, 28.95 ], [ 79.405, 28.95 ], [ 79.405, 28.95 ], [ 79.405, 28.95 ], [ 79.405, 28.95 ], [ 79.405, 28.95 ], [ 79.404, 28.95 ], [ 79.404, 28.95 ], [ 79.404, 28.95 ], [ 79.404, 28.95 ], [ 79.405, 28.95 ], [ 79.405, 28.949 ], [ 79.405, 28.949 ], [ 79.405, 28.949 ], [ 79.404, 28.949 ], [ 79.404, 28.949 ], [ 79.404, 28.95 ], [ 79.404, 28.95 ], [ 79.403, 28.95 ], [ 79.403, 28.95 ], [ 79.403, 28.95 ], [ 79.403, 28.95 ], [ 79.403, 28.95 ], [ 79.403, 28.95 ], [ 79.403, 28.95 ], [ 79.403, 28.95 ], [ 79.403, 28.949 ], [ 79.403, 28.949 ], [ 79.402, 28.95 ], [ 79.402, 28.949 ], [ 79.402, 28.949 ], [ 79.402, 28.949 ], [ 79.402, 28.949 ], [ 79.402, 28.949 ], [ 79.401, 28.95 ], [ 79.401, 28.95 ], [ 79.401, 28.95 ], [ 79.4, 28.949 ], [ 79.399, 28.949 ], [ 79.397, 28.949 ], [ 79.396, 28.949 ], [ 79.393, 28.948 ], [ 79.391, 28.947 ], [ 79.39, 28.948 ], [ 79.389, 28.948 ], [ 79.389, 28.949 ], [ 79.388, 28.949 ], [ 79.387, 28.95 ], [ 79.387, 28.951 ], [ 79.386, 28.951 ], [ 79.385, 28.952 ], [ 79.386, 28.953 ], [ 79.385, 28.954 ], [ 79.385, 28.956 ], [ 79.384, 28.957 ], [ 79.384, 28.958 ], [ 79.383, 28.959 ], [ 79.383, 28.959 ], [ 79.383, 28.961 ], [ 79.382, 28.962 ], [ 79.382, 28.962 ], [ 79.382, 28.963 ], [ 79.382, 28.964 ], [ 79.382, 28.964 ], [ 79.382, 28.965 ], [ 79.382, 28.966 ], [ 79.382, 28.966 ], [ 79.382, 28.966 ], [ 79.382, 28.967 ], [ 79.382, 28.968 ], [ 79.382, 28.969 ], [ 79.382, 28.97 ], [ 79.38, 28.97 ], [ 79.378, 28.971 ], [ 79.377, 28.971 ], [ 79.378, 28.973 ], [ 79.378, 28.974 ], [ 79.378, 28.975 ], [ 79.378, 28.976 ], [ 79.376, 28.976 ], [ 79.376, 28.977 ], [ 79.376, 28.978 ], [ 79.376, 28.978 ], [ 79.375, 28.979 ], [ 79.375, 28.979 ], [ 79.375, 28.98 ], [ 79.374, 28.982 ], [ 79.373, 28.983 ], [ 79.372, 28.985 ], [ 79.372, 28.986 ], [ 79.372, 28.986 ], [ 79.372, 28.987 ], [ 79.372, 28.987 ], [ 79.372, 28.987 ], [ 79.372, 28.987 ], [ 79.372, 28.987 ], [ 79.371, 28.987 ], [ 79.371, 28.987 ], [ 79.369, 28.987 ], [ 79.369, 28.987 ], [ 79.368, 28.987 ], [ 79.368, 28.987 ], [ 79.367, 28.986 ], [ 79.366, 28.985 ], [ 79.365, 28.985 ], [ 79.365, 28.984 ], [ 79.365, 28.984 ], [ 79.365, 28.984 ], [ 79.364, 28.983 ], [ 79.364, 28.983 ], [ 79.364, 28.983 ], [ 79.363, 28.982 ], [ 79.363, 28.982 ], [ 79.362, 28.982 ], [ 79.362, 28.981 ], [ 79.362, 28.981 ], [ 79.362, 28.981 ], [ 79.362, 28.98 ], [ 79.362, 28.98 ], [ 79.362, 28.98 ], [ 79.362, 28.98 ], [ 79.362, 28.979 ], [ 79.362, 28.979 ], [ 79.362, 28.979 ], [ 79.362, 28.979 ], [ 79.362, 28.979 ], [ 79.362, 28.979 ], [ 79.362, 28.978 ], [ 79.362, 28.978 ], [ 79.363, 28.978 ], [ 79.363, 28.978 ], [ 79.363, 28.978 ], [ 79.363, 28.978 ], [ 79.363, 28.978 ], [ 79.363, 28.978 ], [ 79.363, 28.977 ], [ 79.362, 28.977 ], [ 79.362, 28.976 ], [ 79.362, 28.976 ], [ 79.362, 28.975 ], [ 79.362, 28.975 ], [ 79.362, 28.974 ], [ 79.362, 28.974 ], [ 79.362, 28.974 ], [ 79.361, 28.973 ], [ 79.361, 28.973 ], [ 79.361, 28.972 ], [ 79.361, 28.972 ], [ 79.361, 28.972 ], [ 79.361, 28.972 ], [ 79.362, 28.972 ], [ 79.362, 28.972 ], [ 79.362, 28.972 ], [ 79.362, 28.971 ], [ 79.362, 28.971 ], [ 79.362, 28.971 ], [ 79.362, 28.971 ], [ 79.362, 28.971 ], [ 79.363, 28.971 ], [ 79.363, 28.971 ], [ 79.363, 28.971 ], [ 79.363, 28.971 ], [ 79.364, 28.971 ], [ 79.364, 28.971 ], [ 79.364, 28.971 ], [ 79.364, 28.971 ], [ 79.364, 28.971 ], [ 79.364, 28.97 ], [ 79.364, 28.97 ], [ 79.364, 28.971 ], [ 79.365, 28.971 ], [ 79.365, 28.971 ], [ 79.365, 28.971 ], [ 79.365, 28.971 ], [ 79.365, 28.971 ], [ 79.365, 28.97 ], [ 79.365, 28.97 ], [ 79.365, 28.97 ], [ 79.365, 28.97 ], [ 79.365, 28.97 ], [ 79.365, 28.97 ], [ 79.365, 28.969 ], [ 79.365, 28.969 ], [ 79.365, 28.969 ], [ 79.365, 28.969 ], [ 79.365, 28.969 ], [ 79.365, 28.969 ], [ 79.365, 28.969 ], [ 79.365, 28.968 ], [ 79.365, 28.968 ], [ 79.361, 28.968 ], [ 79.357, 28.968 ], [ 79.356, 28.968 ], [ 79.355, 28.968 ], [ 79.354, 28.969 ], [ 79.351, 28.97 ], [ 79.35, 28.97 ], [ 79.35, 28.97 ], [ 79.347, 28.971 ], [ 79.344, 28.971 ], [ 79.339, 28.972 ], [ 79.337, 28.972 ], [ 79.333, 28.972 ], [ 79.328, 28.972 ], [ 79.323, 28.972 ], [ 79.321, 28.972 ], [ 79.32, 28.972 ], [ 79.319, 28.974 ], [ 79.316, 28.975 ], [ 79.314, 28.976 ], [ 79.313, 28.977 ], [ 79.313, 28.977 ], [ 79.313, 28.977 ], [ 79.312, 28.977 ], [ 79.312, 28.977 ], [ 79.312, 28.977 ], [ 79.312, 28.977 ], [ 79.312, 28.977 ], [ 79.312, 28.977 ], [ 79.312, 28.977 ], [ 79.312, 28.976 ], [ 79.312, 28.976 ], [ 79.312, 28.976 ], [ 79.312, 28.976 ], [ 79.312, 28.976 ], [ 79.312, 28.976 ], [ 79.311, 28.976 ], [ 79.311, 28.976 ], [ 79.311, 28.976 ], [ 79.311, 28.976 ], [ 79.311, 28.976 ], [ 79.311, 28.976 ], [ 79.311, 28.976 ], [ 79.311, 28.976 ], [ 79.311, 28.976 ], [ 79.311, 28.975 ], [ 79.311, 28.975 ], [ 79.311, 28.975 ], [ 79.311, 28.975 ], [ 79.311, 28.975 ], [ 79.311, 28.975 ], [ 79.312, 28.976 ], [ 79.312, 28.976 ], [ 79.312, 28.976 ], [ 79.312, 28.975 ], [ 79.313, 28.975 ], [ 79.313, 28.975 ], [ 79.313, 28.975 ], [ 79.313, 28.975 ], [ 79.312, 28.975 ], [ 79.312, 28.975 ], [ 79.312, 28.974 ], [ 79.312, 28.974 ], [ 79.312, 28.974 ], [ 79.311, 28.974 ], [ 79.311, 28.974 ], [ 79.311, 28.974 ], [ 79.311, 28.974 ], [ 79.311, 28.973 ], [ 79.311, 28.973 ], [ 79.31, 28.973 ], [ 79.31, 28.972 ], [ 79.31, 28.972 ], [ 79.31, 28.972 ], [ 79.31, 28.972 ], [ 79.31, 28.972 ], [ 79.31, 28.972 ], [ 79.31, 28.972 ], [ 79.311, 28.972 ], [ 79.311, 28.972 ], [ 79.311, 28.972 ], [ 79.311, 28.972 ], [ 79.311, 28.972 ], [ 79.311, 28.972 ], [ 79.311, 28.972 ], [ 79.311, 28.971 ], [ 79.311, 28.971 ], [ 79.311, 28.971 ], [ 79.311, 28.971 ], [ 79.311, 28.971 ], [ 79.311, 28.971 ], [ 79.311, 28.971 ], [ 79.312, 28.971 ], [ 79.312, 28.971 ], [ 79.312, 28.971 ], [ 79.312, 28.971 ], [ 79.312, 28.971 ], [ 79.312, 28.971 ], [ 79.313, 28.971 ], [ 79.313, 28.971 ], [ 79.313, 28.971 ], [ 79.313, 28.971 ], [ 79.313, 28.97 ], [ 79.313, 28.97 ], [ 79.313, 28.97 ], [ 79.313, 28.97 ], [ 79.312, 28.97 ], [ 79.312, 28.97 ], [ 79.312, 28.97 ], [ 79.312, 28.969 ], [ 79.312, 28.969 ], [ 79.313, 28.969 ], [ 79.313, 28.969 ], [ 79.313, 28.969 ], [ 79.313, 28.969 ], [ 79.313, 28.969 ], [ 79.312, 28.969 ], [ 79.312, 28.969 ], [ 79.312, 28.969 ], [ 79.312, 28.969 ], [ 79.312, 28.969 ], [ 79.312, 28.969 ], [ 79.312, 28.969 ], [ 79.312, 28.97 ], [ 79.311, 28.97 ], [ 79.311, 28.97 ], [ 79.311, 28.97 ], [ 79.311, 28.97 ], [ 79.311, 28.97 ], [ 79.311, 28.97 ], [ 79.311, 28.97 ], [ 79.311, 28.969 ], [ 79.31, 28.969 ], [ 79.31, 28.969 ], [ 79.31, 28.969 ], [ 79.31, 28.969 ], [ 79.31, 28.969 ], [ 79.31, 28.969 ], [ 79.31, 28.969 ], [ 79.31, 28.969 ], [ 79.31, 28.969 ], [ 79.31, 28.968 ], [ 79.31, 28.968 ], [ 79.31, 28.968 ], [ 79.31, 28.968 ], [ 79.31, 28.968 ], [ 79.31, 28.968 ], [ 79.309, 28.968 ], [ 79.309, 28.967 ], [ 79.309, 28.967 ], [ 79.309, 28.967 ], [ 79.308, 28.967 ], [ 79.308, 28.968 ], [ 79.308, 28.968 ], [ 79.308, 28.968 ], [ 79.307, 28.968 ], [ 79.307, 28.968 ], [ 79.307, 28.968 ], [ 79.307, 28.967 ], [ 79.307, 28.967 ], [ 79.307, 28.967 ], [ 79.307, 28.966 ], [ 79.307, 28.967 ], [ 79.305, 28.968 ], [ 79.303, 28.97 ], [ 79.301, 28.972 ], [ 79.299, 28.973 ], [ 79.298, 28.973 ], [ 79.296, 28.974 ], [ 79.295, 28.974 ], [ 79.293, 28.974 ], [ 79.292, 28.974 ], [ 79.291, 28.975 ], [ 79.288, 28.977 ], [ 79.285, 28.978 ], [ 79.285, 28.979 ], [ 79.283, 28.98 ], [ 79.281, 28.98 ], [ 79.278, 28.982 ], [ 79.274, 28.984 ], [ 79.272, 28.985 ], [ 79.269, 28.987 ], [ 79.268, 28.987 ], [ 79.265, 28.989 ], [ 79.261, 28.991 ], [ 79.259, 28.992 ], [ 79.259, 28.993 ], [ 79.258, 28.994 ], [ 79.257, 28.995 ], [ 79.256, 28.996 ], [ 79.254, 28.998 ], [ 79.253, 28.999 ], [ 79.252, 28.999 ], [ 79.251, 29.0 ], [ 79.251, 29.0 ], [ 79.251, 29.001 ], [ 79.249, 29.002 ], [ 79.249, 29.002 ], [ 79.248, 29.003 ], [ 79.248, 29.003 ], [ 79.248, 29.004 ], [ 79.248, 29.004 ], [ 79.249, 29.005 ], [ 79.249, 29.006 ], [ 79.249, 29.007 ], [ 79.25, 29.008 ], [ 79.251, 29.009 ], [ 79.251, 29.01 ], [ 79.251, 29.01 ], [ 79.251, 29.01 ], [ 79.25, 29.01 ], [ 79.249, 29.01 ], [ 79.249, 29.01 ], [ 79.247, 29.01 ], [ 79.246, 29.01 ], [ 79.245, 29.01 ], [ 79.243, 29.011 ], [ 79.241, 29.012 ], [ 79.24, 29.012 ], [ 79.238, 29.013 ], [ 79.237, 29.013 ], [ 79.236, 29.014 ], [ 79.235, 29.014 ], [ 79.234, 29.014 ], [ 79.233, 29.015 ], [ 79.233, 29.015 ], [ 79.232, 29.015 ], [ 79.229, 29.016 ], [ 79.226, 29.018 ], [ 79.224, 29.018 ], [ 79.223, 29.019 ], [ 79.222, 29.019 ], [ 79.221, 29.02 ], [ 79.22, 29.021 ], [ 79.218, 29.022 ], [ 79.217, 29.023 ], [ 79.216, 29.024 ], [ 79.216, 29.024 ], [ 79.216, 29.024 ], [ 79.216, 29.025 ], [ 79.215, 29.025 ], [ 79.214, 29.026 ], [ 79.214, 29.026 ], [ 79.213, 29.027 ], [ 79.213, 29.027 ], [ 79.212, 29.027 ], [ 79.212, 29.028 ], [ 79.211, 29.028 ], [ 79.21, 29.028 ], [ 79.21, 29.027 ], [ 79.21, 29.027 ], [ 79.21, 29.026 ], [ 79.209, 29.026 ], [ 79.209, 29.026 ], [ 79.208, 29.025 ], [ 79.207, 29.024 ], [ 79.206, 29.024 ], [ 79.206, 29.024 ], [ 79.206, 29.023 ], [ 79.206, 29.023 ], [ 79.206, 29.022 ], [ 79.205, 29.021 ], [ 79.204, 29.021 ], [ 79.204, 29.021 ], [ 79.202, 29.021 ], [ 79.201, 29.021 ], [ 79.2, 29.021 ], [ 79.2, 29.021 ], [ 79.199, 29.021 ], [ 79.199, 29.021 ], [ 79.198, 29.021 ], [ 79.198, 29.021 ], [ 79.198, 29.021 ], [ 79.197, 29.021 ], [ 79.197, 29.021 ], [ 79.196, 29.021 ], [ 79.195, 29.02 ], [ 79.195, 29.02 ], [ 79.194, 29.02 ], [ 79.194, 29.02 ], [ 79.194, 29.02 ], [ 79.193, 29.02 ], [ 79.193, 29.021 ], [ 79.193, 29.021 ], [ 79.193, 29.022 ], [ 79.193, 29.022 ], [ 79.193, 29.022 ], [ 79.192, 29.023 ], [ 79.192, 29.023 ], [ 79.192, 29.023 ], [ 79.192, 29.023 ], [ 79.191, 29.023 ], [ 79.19, 29.023 ], [ 79.19, 29.022 ], [ 79.19, 29.022 ], [ 79.19, 29.021 ], [ 79.19, 29.021 ], [ 79.19, 29.021 ], [ 79.191, 29.02 ], [ 79.191, 29.019 ], [ 79.191, 29.018 ], [ 79.192, 29.018 ], [ 79.193, 29.017 ], [ 79.194, 29.016 ], [ 79.194, 29.016 ], [ 79.194, 29.016 ], [ 79.194, 29.016 ], [ 79.193, 29.015 ], [ 79.193, 29.015 ], [ 79.193, 29.015 ], [ 79.192, 29.016 ], [ 79.191, 29.016 ], [ 79.189, 29.017 ], [ 79.189, 29.017 ], [ 79.188, 29.017 ], [ 79.188, 29.017 ], [ 79.187, 29.018 ], [ 79.187, 29.018 ], [ 79.186, 29.018 ], [ 79.185, 29.018 ], [ 79.185, 29.017 ], [ 79.184, 29.017 ], [ 79.183, 29.016 ], [ 79.182, 29.016 ], [ 79.182, 29.015 ], [ 79.182, 29.015 ], [ 79.182, 29.014 ], [ 79.181, 29.013 ], [ 79.181, 29.013 ], [ 79.18, 29.013 ], [ 79.179, 29.013 ], [ 79.179, 29.013 ], [ 79.178, 29.013 ], [ 79.178, 29.013 ], [ 79.177, 29.013 ], [ 79.176, 29.013 ], [ 79.175, 29.013 ], [ 79.173, 29.012 ], [ 79.172, 29.012 ], [ 79.171, 29.012 ], [ 79.171, 29.012 ], [ 79.171, 29.012 ], [ 79.171, 29.013 ], [ 79.173, 29.013 ], [ 79.175, 29.015 ], [ 79.175, 29.015 ], [ 79.176, 29.016 ], [ 79.176, 29.016 ], [ 79.175, 29.016 ], [ 79.174, 29.017 ], [ 79.174, 29.018 ], [ 79.173, 29.018 ], [ 79.173, 29.018 ], [ 79.172, 29.018 ], [ 79.172, 29.018 ], [ 79.172, 29.018 ], [ 79.171, 29.018 ], [ 79.171, 29.018 ], [ 79.171, 29.018 ], [ 79.171, 29.018 ], [ 79.169, 29.018 ], [ 79.169, 29.018 ], [ 79.169, 29.018 ], [ 79.169, 29.019 ], [ 79.168, 29.019 ], [ 79.168, 29.019 ], [ 79.168, 29.019 ], [ 79.167, 29.019 ], [ 79.167, 29.018 ], [ 79.167, 29.018 ], [ 79.166, 29.018 ], [ 79.166, 29.018 ], [ 79.165, 29.018 ], [ 79.165, 29.018 ], [ 79.165, 29.018 ], [ 79.165, 29.018 ], [ 79.165, 29.019 ], [ 79.166, 29.02 ], [ 79.166, 29.02 ], [ 79.166, 29.02 ], [ 79.166, 29.02 ], [ 79.166, 29.02 ], [ 79.165, 29.021 ], [ 79.164, 29.021 ], [ 79.164, 29.022 ], [ 79.164, 29.022 ], [ 79.164, 29.022 ], [ 79.163, 29.022 ], [ 79.163, 29.022 ], [ 79.163, 29.022 ], [ 79.163, 29.022 ], [ 79.163, 29.023 ], [ 79.163, 29.023 ], [ 79.163, 29.023 ], [ 79.163, 29.023 ], [ 79.162, 29.023 ], [ 79.162, 29.024 ], [ 79.162, 29.024 ], [ 79.162, 29.025 ], [ 79.162, 29.026 ], [ 79.162, 29.027 ], [ 79.162, 29.029 ], [ 79.162, 29.029 ], [ 79.162, 29.03 ], [ 79.162, 29.03 ], [ 79.163, 29.03 ], [ 79.163, 29.03 ], [ 79.163, 29.03 ], [ 79.163, 29.03 ], [ 79.163, 29.029 ], [ 79.163, 29.029 ], [ 79.163, 29.029 ], [ 79.163, 29.029 ], [ 79.164, 29.029 ], [ 79.164, 29.029 ], [ 79.164, 29.029 ], [ 79.164, 29.029 ], [ 79.164, 29.029 ], [ 79.164, 29.029 ], [ 79.165, 29.029 ], [ 79.165, 29.029 ], [ 79.165, 29.029 ], [ 79.165, 29.029 ], [ 79.165, 29.029 ], [ 79.165, 29.03 ], [ 79.165, 29.03 ], [ 79.165, 29.03 ], [ 79.165, 29.031 ], [ 79.165, 29.031 ], [ 79.164, 29.031 ], [ 79.164, 29.031 ], [ 79.164, 29.031 ], [ 79.164, 29.032 ], [ 79.165, 29.032 ], [ 79.165, 29.032 ], [ 79.165, 29.032 ], [ 79.165, 29.032 ], [ 79.166, 29.032 ], [ 79.166, 29.031 ], [ 79.167, 29.031 ], [ 79.167, 29.032 ], [ 79.168, 29.032 ], [ 79.168, 29.033 ], [ 79.168, 29.034 ], [ 79.168, 29.035 ], [ 79.169, 29.035 ], [ 79.169, 29.036 ], [ 79.169, 29.037 ], [ 79.169, 29.037 ], [ 79.168, 29.037 ], [ 79.168, 29.038 ], [ 79.168, 29.038 ], [ 79.168, 29.038 ], [ 79.168, 29.038 ], [ 79.168, 29.038 ], [ 79.168, 29.038 ], [ 79.169, 29.038 ], [ 79.169, 29.038 ], [ 79.169, 29.038 ], [ 79.17, 29.038 ], [ 79.17, 29.039 ], [ 79.171, 29.039 ], [ 79.171, 29.039 ], [ 79.171, 29.04 ], [ 79.171, 29.04 ], [ 79.17, 29.04 ], [ 79.17, 29.041 ], [ 79.169, 29.041 ], [ 79.169, 29.041 ], [ 79.169, 29.042 ], [ 79.169, 29.042 ], [ 79.169, 29.042 ], [ 79.169, 29.042 ], [ 79.17, 29.043 ], [ 79.17, 29.043 ], [ 79.17, 29.043 ], [ 79.17, 29.042 ], [ 79.171, 29.042 ], [ 79.171, 29.042 ], [ 79.172, 29.042 ], [ 79.172, 29.043 ], [ 79.172, 29.043 ], [ 79.172, 29.043 ], [ 79.172, 29.043 ], [ 79.172, 29.044 ], [ 79.172, 29.044 ], [ 79.172, 29.044 ], [ 79.172, 29.044 ], [ 79.171, 29.044 ], [ 79.172, 29.045 ], [ 79.172, 29.045 ], [ 79.172, 29.045 ], [ 79.172, 29.045 ], [ 79.172, 29.045 ], [ 79.172, 29.045 ], [ 79.173, 29.045 ], [ 79.173, 29.045 ], [ 79.173, 29.045 ], [ 79.173, 29.046 ], [ 79.174, 29.046 ], [ 79.174, 29.046 ], [ 79.174, 29.046 ], [ 79.174, 29.046 ], [ 79.175, 29.046 ], [ 79.175, 29.046 ], [ 79.175, 29.046 ], [ 79.174, 29.047 ], [ 79.173, 29.047 ], [ 79.172, 29.048 ], [ 79.172, 29.048 ], [ 79.171, 29.048 ], [ 79.17, 29.048 ], [ 79.17, 29.049 ], [ 79.17, 29.049 ], [ 79.17, 29.049 ], [ 79.17, 29.048 ], [ 79.169, 29.048 ], [ 79.169, 29.048 ], [ 79.169, 29.048 ], [ 79.168, 29.047 ], [ 79.167, 29.048 ], [ 79.167, 29.048 ], [ 79.167, 29.048 ], [ 79.166, 29.048 ], [ 79.166, 29.048 ], [ 79.165, 29.048 ], [ 79.165, 29.048 ], [ 79.164, 29.048 ], [ 79.164, 29.049 ], [ 79.163, 29.049 ], [ 79.163, 29.049 ], [ 79.162, 29.049 ], [ 79.162, 29.049 ], [ 79.162, 29.049 ], [ 79.161, 29.05 ], [ 79.161, 29.05 ], [ 79.161, 29.051 ], [ 79.161, 29.051 ], [ 79.16, 29.051 ], [ 79.16, 29.051 ], [ 79.159, 29.051 ], [ 79.159, 29.052 ], [ 79.158, 29.052 ], [ 79.158, 29.052 ], [ 79.158, 29.053 ], [ 79.158, 29.053 ], [ 79.158, 29.053 ], [ 79.157, 29.053 ], [ 79.156, 29.054 ], [ 79.156, 29.054 ], [ 79.155, 29.054 ], [ 79.155, 29.054 ], [ 79.155, 29.055 ], [ 79.155, 29.055 ], [ 79.155, 29.055 ], [ 79.155, 29.055 ], [ 79.154, 29.056 ], [ 79.154, 29.056 ], [ 79.154, 29.056 ], [ 79.154, 29.056 ], [ 79.153, 29.057 ], [ 79.153, 29.057 ], [ 79.153, 29.057 ], [ 79.153, 29.057 ], [ 79.152, 29.057 ], [ 79.152, 29.057 ], [ 79.151, 29.057 ], [ 79.151, 29.057 ], [ 79.151, 29.058 ], [ 79.151, 29.058 ], [ 79.151, 29.058 ], [ 79.15, 29.058 ], [ 79.15, 29.058 ], [ 79.149, 29.058 ], [ 79.149, 29.058 ], [ 79.148, 29.059 ], [ 79.148, 29.059 ], [ 79.148, 29.059 ], [ 79.148, 29.059 ], [ 79.148, 29.06 ], [ 79.148, 29.06 ], [ 79.148, 29.06 ], [ 79.148, 29.06 ], [ 79.147, 29.061 ], [ 79.147, 29.061 ], [ 79.147, 29.062 ], [ 79.147, 29.062 ], [ 79.147, 29.062 ], [ 79.147, 29.062 ], [ 79.147, 29.063 ], [ 79.146, 29.063 ], [ 79.146, 29.063 ], [ 79.146, 29.063 ], [ 79.146, 29.063 ], [ 79.145, 29.063 ], [ 79.145, 29.063 ], [ 79.145, 29.063 ], [ 79.145, 29.063 ], [ 79.145, 29.063 ], [ 79.145, 29.063 ], [ 79.145, 29.063 ], [ 79.146, 29.064 ], [ 79.146, 29.064 ], [ 79.146, 29.064 ], [ 79.146, 29.065 ], [ 79.146, 29.065 ], [ 79.146, 29.065 ], [ 79.145, 29.065 ], [ 79.145, 29.065 ], [ 79.144, 29.065 ], [ 79.144, 29.065 ], [ 79.143, 29.066 ], [ 79.143, 29.066 ], [ 79.143, 29.066 ], [ 79.143, 29.067 ], [ 79.143, 29.067 ], [ 79.143, 29.068 ], [ 79.143, 29.069 ], [ 79.143, 29.07 ], [ 79.143, 29.07 ], [ 79.143, 29.07 ], [ 79.144, 29.071 ], [ 79.144, 29.071 ], [ 79.144, 29.072 ], [ 79.144, 29.072 ], [ 79.144, 29.073 ], [ 79.144, 29.073 ], [ 79.143, 29.074 ], [ 79.143, 29.074 ], [ 79.143, 29.075 ], [ 79.143, 29.075 ], [ 79.143, 29.076 ], [ 79.143, 29.076 ], [ 79.143, 29.076 ], [ 79.143, 29.077 ], [ 79.142, 29.077 ], [ 79.142, 29.077 ], [ 79.142, 29.077 ], [ 79.142, 29.078 ], [ 79.142, 29.078 ], [ 79.142, 29.078 ], [ 79.142, 29.078 ], [ 79.142, 29.078 ], [ 79.142, 29.079 ], [ 79.142, 29.079 ], [ 79.142, 29.079 ], [ 79.142, 29.079 ], [ 79.142, 29.079 ], [ 79.143, 29.08 ], [ 79.143, 29.08 ], [ 79.143, 29.08 ], [ 79.143, 29.08 ], [ 79.143, 29.08 ], [ 79.143, 29.081 ], [ 79.143, 29.081 ], [ 79.142, 29.081 ], [ 79.142, 29.082 ], [ 79.142, 29.082 ], [ 79.142, 29.082 ], [ 79.142, 29.082 ], [ 79.143, 29.083 ], [ 79.143, 29.083 ], [ 79.143, 29.083 ], [ 79.143, 29.083 ], [ 79.143, 29.084 ], [ 79.143, 29.084 ], [ 79.144, 29.084 ], [ 79.144, 29.085 ], [ 79.144, 29.085 ], [ 79.144, 29.085 ], [ 79.143, 29.085 ], [ 79.143, 29.086 ], [ 79.143, 29.086 ], [ 79.143, 29.086 ], [ 79.143, 29.087 ], [ 79.143, 29.087 ], [ 79.144, 29.087 ], [ 79.145, 29.087 ], [ 79.145, 29.087 ], [ 79.145, 29.088 ], [ 79.145, 29.088 ], [ 79.145, 29.088 ], [ 79.146, 29.089 ], [ 79.147, 29.089 ], [ 79.147, 29.09 ], [ 79.148, 29.091 ], [ 79.148, 29.091 ], [ 79.148, 29.091 ], [ 79.149, 29.091 ], [ 79.149, 29.091 ], [ 79.15, 29.092 ], [ 79.15, 29.092 ], [ 79.15, 29.093 ], [ 79.15, 29.093 ], [ 79.15, 29.093 ], [ 79.15, 29.094 ], [ 79.15, 29.095 ], [ 79.15, 29.095 ], [ 79.151, 29.095 ], [ 79.151, 29.095 ], [ 79.152, 29.095 ], [ 79.152, 29.096 ], [ 79.151, 29.096 ], [ 79.151, 29.097 ], [ 79.15, 29.097 ], [ 79.149, 29.098 ], [ 79.149, 29.098 ], [ 79.149, 29.099 ], [ 79.148, 29.099 ], [ 79.148, 29.099 ], [ 79.148, 29.099 ], [ 79.148, 29.099 ], [ 79.149, 29.099 ], [ 79.149, 29.1 ], [ 79.149, 29.1 ], [ 79.15, 29.1 ], [ 79.151, 29.1 ], [ 79.151, 29.1 ], [ 79.152, 29.1 ], [ 79.152, 29.1 ], [ 79.153, 29.101 ], [ 79.153, 29.102 ], [ 79.153, 29.102 ], [ 79.153, 29.102 ], [ 79.153, 29.103 ], [ 79.152, 29.103 ], [ 79.151, 29.103 ], [ 79.151, 29.103 ], [ 79.151, 29.103 ], [ 79.151, 29.104 ], [ 79.151, 29.104 ], [ 79.152, 29.105 ], [ 79.152, 29.105 ], [ 79.151, 29.105 ], [ 79.151, 29.106 ], [ 79.152, 29.106 ], [ 79.152, 29.106 ], [ 79.152, 29.106 ], [ 79.152, 29.107 ], [ 79.152, 29.107 ], [ 79.152, 29.107 ], [ 79.152, 29.107 ], [ 79.152, 29.107 ], [ 79.152, 29.108 ], [ 79.152, 29.108 ], [ 79.152, 29.108 ], [ 79.152, 29.108 ], [ 79.152, 29.108 ], [ 79.152, 29.109 ], [ 79.152, 29.109 ], [ 79.152, 29.109 ], [ 79.152, 29.109 ], [ 79.152, 29.109 ], [ 79.152, 29.11 ], [ 79.152, 29.11 ], [ 79.152, 29.11 ], [ 79.151, 29.11 ], [ 79.151, 29.111 ], [ 79.151, 29.111 ], [ 79.152, 29.111 ], [ 79.152, 29.111 ], [ 79.152, 29.111 ], [ 79.152, 29.112 ], [ 79.152, 29.112 ], [ 79.152, 29.112 ], [ 79.152, 29.112 ], [ 79.152, 29.112 ], [ 79.152, 29.112 ], [ 79.152, 29.112 ], [ 79.152, 29.112 ], [ 79.152, 29.112 ], [ 79.152, 29.112 ], [ 79.151, 29.113 ], [ 79.151, 29.113 ], [ 79.151, 29.113 ], [ 79.151, 29.113 ], [ 79.151, 29.113 ], [ 79.151, 29.113 ], [ 79.151, 29.113 ], [ 79.151, 29.113 ], [ 79.152, 29.113 ], [ 79.152, 29.114 ], [ 79.152, 29.114 ], [ 79.153, 29.114 ], [ 79.153, 29.115 ], [ 79.154, 29.115 ], [ 79.154, 29.115 ], [ 79.153, 29.115 ], [ 79.153, 29.115 ], [ 79.153, 29.116 ], [ 79.152, 29.116 ], [ 79.151, 29.117 ], [ 79.151, 29.118 ], [ 79.15, 29.119 ], [ 79.15, 29.119 ], [ 79.149, 29.119 ], [ 79.146, 29.12 ], [ 79.146, 29.12 ], [ 79.146, 29.121 ], [ 79.146, 29.121 ], [ 79.146, 29.121 ], [ 79.145, 29.121 ], [ 79.145, 29.121 ], [ 79.145, 29.121 ], [ 79.145, 29.12 ], [ 79.145, 29.12 ], [ 79.144, 29.12 ], [ 79.144, 29.12 ], [ 79.144, 29.12 ], [ 79.144, 29.12 ], [ 79.143, 29.12 ], [ 79.143, 29.121 ], [ 79.143, 29.121 ], [ 79.142, 29.122 ], [ 79.141, 29.122 ], [ 79.141, 29.122 ], [ 79.141, 29.123 ], [ 79.141, 29.123 ], [ 79.141, 29.123 ], [ 79.141, 29.123 ], [ 79.142, 29.124 ], [ 79.142, 29.124 ], [ 79.142, 29.124 ], [ 79.142, 29.124 ], [ 79.142, 29.124 ], [ 79.141, 29.125 ], [ 79.14, 29.125 ], [ 79.14, 29.126 ], [ 79.139, 29.126 ], [ 79.138, 29.126 ], [ 79.137, 29.126 ], [ 79.136, 29.127 ], [ 79.136, 29.128 ], [ 79.135, 29.128 ], [ 79.134, 29.129 ], [ 79.132, 29.13 ], [ 79.131, 29.13 ], [ 79.13, 29.131 ], [ 79.129, 29.131 ], [ 79.129, 29.132 ], [ 79.129, 29.132 ], [ 79.128, 29.132 ], [ 79.127, 29.133 ], [ 79.126, 29.133 ], [ 79.126, 29.133 ], [ 79.125, 29.133 ], [ 79.125, 29.133 ], [ 79.125, 29.133 ], [ 79.125, 29.132 ], [ 79.124, 29.131 ], [ 79.124, 29.131 ], [ 79.124, 29.13 ], [ 79.124, 29.13 ], [ 79.124, 29.13 ], [ 79.123, 29.129 ], [ 79.123, 29.129 ], [ 79.123, 29.129 ], [ 79.122, 29.128 ], [ 79.122, 29.128 ], [ 79.123, 29.128 ], [ 79.123, 29.127 ], [ 79.123, 29.127 ], [ 79.122, 29.127 ], [ 79.122, 29.127 ], [ 79.121, 29.127 ], [ 79.12, 29.127 ], [ 79.12, 29.126 ], [ 79.12, 29.126 ], [ 79.119, 29.126 ], [ 79.119, 29.126 ], [ 79.118, 29.126 ], [ 79.117, 29.127 ], [ 79.115, 29.128 ], [ 79.115, 29.128 ], [ 79.115, 29.128 ], [ 79.114, 29.128 ], [ 79.114, 29.128 ], [ 79.114, 29.128 ], [ 79.113, 29.128 ], [ 79.113, 29.128 ], [ 79.112, 29.128 ], [ 79.11, 29.129 ], [ 79.107, 29.131 ], [ 79.105, 29.132 ], [ 79.104, 29.133 ], [ 79.102, 29.134 ], [ 79.102, 29.134 ], [ 79.101, 29.134 ], [ 79.099, 29.136 ], [ 79.098, 29.137 ], [ 79.098, 29.137 ], [ 79.097, 29.139 ], [ 79.096, 29.139 ], [ 79.091, 29.143 ], [ 79.089, 29.144 ], [ 79.089, 29.144 ], [ 79.087, 29.145 ], [ 79.086, 29.146 ], [ 79.085, 29.147 ], [ 79.084, 29.147 ], [ 79.082, 29.148 ], [ 79.081, 29.149 ], [ 79.079, 29.149 ], [ 79.077, 29.15 ], [ 79.075, 29.152 ], [ 79.073, 29.152 ], [ 79.071, 29.153 ], [ 79.067, 29.153 ], [ 79.066, 29.154 ], [ 79.063, 29.155 ], [ 79.061, 29.155 ], [ 79.06, 29.155 ], [ 79.059, 29.155 ], [ 79.059, 29.155 ], [ 79.058, 29.155 ], [ 79.058, 29.155 ], [ 79.057, 29.155 ], [ 79.057, 29.155 ], [ 79.056, 29.155 ], [ 79.056, 29.155 ], [ 79.055, 29.155 ], [ 79.054, 29.155 ], [ 79.054, 29.155 ], [ 79.053, 29.156 ], [ 79.052, 29.156 ], [ 79.052, 29.156 ], [ 79.051, 29.157 ], [ 79.05, 29.158 ], [ 79.049, 29.158 ], [ 79.049, 29.159 ], [ 79.049, 29.159 ], [ 79.048, 29.16 ], [ 79.047, 29.162 ], [ 79.046, 29.163 ], [ 79.046, 29.163 ], [ 79.046, 29.163 ], [ 79.046, 29.163 ], [ 79.046, 29.163 ], [ 79.046, 29.163 ], [ 79.046, 29.163 ], [ 79.045, 29.164 ], [ 79.043, 29.166 ], [ 79.042, 29.167 ], [ 79.041, 29.168 ], [ 79.039, 29.169 ], [ 79.039, 29.169 ], [ 79.037, 29.169 ], [ 79.037, 29.169 ], [ 79.036, 29.169 ], [ 79.034, 29.169 ], [ 79.033, 29.169 ], [ 79.032, 29.168 ], [ 79.031, 29.168 ], [ 79.03, 29.167 ], [ 79.03, 29.166 ], [ 79.029, 29.165 ], [ 79.029, 29.164 ], [ 79.029, 29.163 ], [ 79.03, 29.163 ], [ 79.03, 29.162 ], [ 79.031, 29.161 ], [ 79.032, 29.16 ], [ 79.032, 29.159 ], [ 79.033, 29.159 ], [ 79.035, 29.159 ], [ 79.036, 29.159 ], [ 79.037, 29.159 ], [ 79.038, 29.159 ], [ 79.038, 29.159 ], [ 79.039, 29.159 ], [ 79.039, 29.158 ], [ 79.039, 29.158 ], [ 79.039, 29.158 ], [ 79.039, 29.157 ], [ 79.038, 29.156 ], [ 79.037, 29.155 ], [ 79.036, 29.154 ], [ 79.036, 29.153 ], [ 79.036, 29.152 ], [ 79.036, 29.152 ], [ 79.037, 29.15 ], [ 79.037, 29.149 ], [ 79.038, 29.148 ], [ 79.038, 29.146 ], [ 79.038, 29.145 ], [ 79.037, 29.145 ], [ 79.036, 29.144 ], [ 79.035, 29.144 ], [ 79.035, 29.144 ], [ 79.034, 29.144 ], [ 79.033, 29.145 ], [ 79.031, 29.146 ], [ 79.03, 29.147 ], [ 79.029, 29.148 ], [ 79.028, 29.149 ], [ 79.027, 29.15 ], [ 79.026, 29.151 ], [ 79.026, 29.153 ], [ 79.026, 29.154 ], [ 79.025, 29.155 ], [ 79.024, 29.156 ], [ 79.023, 29.156 ], [ 79.022, 29.156 ], [ 79.02, 29.156 ], [ 79.019, 29.156 ], [ 79.019, 29.155 ], [ 79.018, 29.155 ], [ 79.018, 29.154 ], [ 79.018, 29.153 ], [ 79.018, 29.152 ], [ 79.018, 29.151 ], [ 79.019, 29.15 ], [ 79.02, 29.15 ], [ 79.021, 29.149 ], [ 79.021, 29.148 ], [ 79.021, 29.147 ], [ 79.021, 29.146 ], [ 79.021, 29.146 ], [ 79.021, 29.145 ], [ 79.021, 29.144 ], [ 79.02, 29.143 ], [ 79.02, 29.142 ], [ 79.019, 29.14 ], [ 79.018, 29.139 ], [ 79.017, 29.138 ], [ 79.017, 29.137 ], [ 79.016, 29.136 ], [ 79.015, 29.135 ], [ 79.015, 29.134 ], [ 79.015, 29.134 ], [ 79.015, 29.134 ], [ 79.015, 29.133 ], [ 79.015, 29.133 ], [ 79.016, 29.132 ], [ 79.016, 29.132 ], [ 79.017, 29.131 ], [ 79.018, 29.13 ], [ 79.019, 29.129 ], [ 79.019, 29.129 ], [ 79.02, 29.13 ], [ 79.02, 29.13 ], [ 79.021, 29.13 ], [ 79.021, 29.13 ], [ 79.022, 29.13 ], [ 79.023, 29.131 ], [ 79.024, 29.131 ], [ 79.025, 29.131 ], [ 79.025, 29.132 ], [ 79.026, 29.132 ], [ 79.027, 29.132 ], [ 79.027, 29.132 ], [ 79.027, 29.132 ], [ 79.028, 29.132 ], [ 79.028, 29.132 ], [ 79.028, 29.132 ], [ 79.029, 29.132 ], [ 79.029, 29.131 ], [ 79.03, 29.13 ], [ 79.03, 29.13 ], [ 79.031, 29.129 ], [ 79.031, 29.129 ], [ 79.032, 29.128 ], [ 79.032, 29.128 ], [ 79.033, 29.128 ], [ 79.033, 29.128 ], [ 79.035, 29.128 ], [ 79.036, 29.128 ], [ 79.038, 29.128 ], [ 79.039, 29.128 ], [ 79.04, 29.128 ], [ 79.041, 29.128 ], [ 79.041, 29.128 ], [ 79.041, 29.127 ], [ 79.04, 29.127 ], [ 79.04, 29.126 ], [ 79.04, 29.125 ], [ 79.039, 29.124 ], [ 79.038, 29.124 ], [ 79.038, 29.122 ], [ 79.037, 29.122 ], [ 79.036, 29.12 ], [ 79.035, 29.118 ], [ 79.035, 29.118 ], [ 79.034, 29.118 ], [ 79.033, 29.117 ], [ 79.03, 29.114 ], [ 79.029, 29.113 ], [ 79.028, 29.113 ], [ 79.027, 29.112 ], [ 79.026, 29.112 ], [ 79.025, 29.112 ], [ 79.024, 29.113 ], [ 79.023, 29.113 ], [ 79.022, 29.114 ], [ 79.021, 29.114 ], [ 79.019, 29.115 ], [ 79.017, 29.116 ], [ 79.015, 29.117 ], [ 79.014, 29.117 ], [ 79.013, 29.116 ], [ 79.013, 29.116 ], [ 79.011, 29.115 ], [ 79.01, 29.114 ], [ 79.01, 29.113 ], [ 79.009, 29.113 ], [ 79.009, 29.112 ], [ 79.008, 29.112 ], [ 79.008, 29.112 ], [ 79.008, 29.113 ], [ 79.008, 29.113 ], [ 79.008, 29.114 ], [ 79.008, 29.115 ], [ 79.007, 29.116 ], [ 79.007, 29.116 ], [ 79.007, 29.117 ], [ 79.006, 29.118 ], [ 79.005, 29.119 ], [ 79.004, 29.119 ], [ 79.004, 29.119 ], [ 79.003, 29.119 ], [ 79.003, 29.12 ], [ 79.002, 29.121 ], [ 79.002, 29.122 ], [ 79.002, 29.122 ], [ 79.002, 29.123 ], [ 79.002, 29.124 ], [ 79.003, 29.124 ], [ 79.003, 29.124 ], [ 79.004, 29.125 ], [ 79.004, 29.125 ], [ 79.004, 29.125 ], [ 79.004, 29.126 ], [ 79.004, 29.126 ], [ 79.004, 29.126 ], [ 79.004, 29.126 ], [ 79.003, 29.126 ], [ 79.003, 29.126 ], [ 79.001, 29.127 ], [ 79.0, 29.127 ], [ 78.999, 29.128 ], [ 78.998, 29.128 ], [ 78.998, 29.129 ], [ 78.997, 29.13 ], [ 78.996, 29.13 ], [ 78.996, 29.13 ], [ 78.994, 29.13 ], [ 78.993, 29.13 ], [ 78.993, 29.13 ], [ 78.992, 29.13 ], [ 78.991, 29.131 ], [ 78.991, 29.131 ], [ 78.991, 29.132 ], [ 78.991, 29.132 ], [ 78.991, 29.133 ], [ 78.991, 29.133 ], [ 78.991, 29.133 ], [ 78.99, 29.133 ], [ 78.99, 29.133 ], [ 78.991, 29.134 ], [ 78.991, 29.134 ], [ 78.991, 29.134 ], [ 78.991, 29.134 ], [ 78.991, 29.134 ], [ 78.99, 29.135 ], [ 78.99, 29.135 ], [ 78.99, 29.135 ], [ 78.991, 29.135 ], [ 78.991, 29.136 ], [ 78.991, 29.136 ], [ 78.991, 29.137 ], [ 78.991, 29.137 ], [ 78.99, 29.138 ], [ 78.99, 29.138 ], [ 78.99, 29.139 ], [ 78.99, 29.139 ], [ 78.989, 29.14 ], [ 78.988, 29.141 ], [ 78.988, 29.141 ], [ 78.987, 29.142 ], [ 78.985, 29.142 ], [ 78.984, 29.143 ], [ 78.982, 29.143 ], [ 78.982, 29.143 ], [ 78.982, 29.143 ], [ 78.982, 29.142 ], [ 78.982, 29.142 ], [ 78.982, 29.142 ], [ 78.982, 29.142 ], [ 78.982, 29.142 ], [ 78.982, 29.142 ], [ 78.982, 29.142 ], [ 78.982, 29.142 ], [ 78.982, 29.142 ], [ 78.981, 29.142 ], [ 78.981, 29.142 ], [ 78.981, 29.141 ], [ 78.981, 29.141 ], [ 78.981, 29.141 ], [ 78.981, 29.142 ], [ 78.98, 29.142 ], [ 78.98, 29.142 ], [ 78.98, 29.142 ], [ 78.98, 29.142 ], [ 78.98, 29.142 ], [ 78.98, 29.141 ], [ 78.98, 29.141 ], [ 78.979, 29.141 ], [ 78.979, 29.141 ], [ 78.979, 29.141 ], [ 78.979, 29.14 ], [ 78.979, 29.14 ], [ 78.978, 29.14 ], [ 78.978, 29.139 ], [ 78.978, 29.139 ], [ 78.978, 29.139 ], [ 78.977, 29.139 ], [ 78.977, 29.138 ], [ 78.977, 29.138 ], [ 78.977, 29.139 ], [ 78.977, 29.139 ], [ 78.977, 29.138 ], [ 78.977, 29.138 ], [ 78.977, 29.138 ], [ 78.977, 29.138 ], [ 78.977, 29.138 ], [ 78.978, 29.137 ], [ 78.978, 29.137 ], [ 78.978, 29.137 ], [ 78.978, 29.137 ], [ 78.978, 29.137 ], [ 78.977, 29.137 ], [ 78.977, 29.137 ], [ 78.976, 29.137 ], [ 78.976, 29.137 ], [ 78.976, 29.137 ], [ 78.975, 29.137 ], [ 78.975, 29.136 ], [ 78.975, 29.136 ], [ 78.975, 29.136 ], [ 78.975, 29.136 ], [ 78.975, 29.135 ], [ 78.975, 29.135 ], [ 78.975, 29.134 ], [ 78.975, 29.134 ], [ 78.975, 29.134 ], [ 78.974, 29.133 ], [ 78.974, 29.133 ], [ 78.974, 29.133 ], [ 78.974, 29.132 ], [ 78.975, 29.132 ], [ 78.975, 29.132 ], [ 78.975, 29.131 ], [ 78.975, 29.131 ], [ 78.975, 29.131 ], [ 78.975, 29.13 ], [ 78.975, 29.13 ], [ 78.974, 29.129 ], [ 78.973, 29.127 ], [ 78.973, 29.127 ], [ 78.973, 29.127 ], [ 78.973, 29.127 ], [ 78.973, 29.127 ], [ 78.972, 29.127 ], [ 78.972, 29.127 ], [ 78.972, 29.127 ], [ 78.972, 29.127 ], [ 78.971, 29.127 ], [ 78.971, 29.127 ], [ 78.971, 29.127 ], [ 78.971, 29.127 ], [ 78.971, 29.127 ], [ 78.971, 29.127 ], [ 78.971, 29.127 ], [ 78.97, 29.128 ], [ 78.969, 29.128 ], [ 78.969, 29.128 ], [ 78.967, 29.129 ], [ 78.967, 29.129 ], [ 78.966, 29.129 ], [ 78.966, 29.129 ], [ 78.965, 29.129 ], [ 78.965, 29.13 ], [ 78.965, 29.13 ], [ 78.964, 29.13 ], [ 78.964, 29.131 ], [ 78.964, 29.13 ], [ 78.964, 29.13 ], [ 78.963, 29.129 ], [ 78.963, 29.129 ], [ 78.961, 29.126 ], [ 78.961, 29.126 ], [ 78.96, 29.125 ], [ 78.96, 29.124 ], [ 78.959, 29.123 ], [ 78.958, 29.122 ], [ 78.958, 29.121 ], [ 78.958, 29.121 ], [ 78.957, 29.121 ], [ 78.957, 29.121 ], [ 78.957, 29.121 ], [ 78.956, 29.12 ], [ 78.955, 29.121 ], [ 78.951, 29.123 ], [ 78.95, 29.124 ], [ 78.949, 29.125 ], [ 78.948, 29.125 ], [ 78.948, 29.125 ], [ 78.946, 29.126 ], [ 78.944, 29.128 ], [ 78.944, 29.127 ], [ 78.944, 29.127 ], [ 78.943, 29.127 ], [ 78.943, 29.127 ], [ 78.943, 29.126 ], [ 78.943, 29.126 ], [ 78.943, 29.126 ], [ 78.941, 29.127 ], [ 78.94, 29.127 ], [ 78.94, 29.127 ], [ 78.939, 29.128 ], [ 78.938, 29.128 ], [ 78.938, 29.128 ], [ 78.937, 29.129 ], [ 78.936, 29.129 ], [ 78.935, 29.13 ], [ 78.935, 29.13 ], [ 78.935, 29.129 ], [ 78.931, 29.125 ], [ 78.931, 29.124 ], [ 78.93, 29.123 ], [ 78.93, 29.123 ], [ 78.929, 29.122 ], [ 78.928, 29.12 ], [ 78.927, 29.118 ], [ 78.927, 29.118 ], [ 78.927, 29.118 ], [ 78.926, 29.118 ], [ 78.925, 29.118 ], [ 78.923, 29.119 ], [ 78.921, 29.12 ], [ 78.918, 29.121 ], [ 78.917, 29.121 ], [ 78.917, 29.121 ], [ 78.917, 29.121 ], [ 78.916, 29.122 ], [ 78.916, 29.122 ], [ 78.915, 29.122 ], [ 78.913, 29.122 ], [ 78.913, 29.123 ], [ 78.911, 29.123 ], [ 78.911, 29.123 ], [ 78.91, 29.123 ], [ 78.91, 29.124 ], [ 78.91, 29.124 ], [ 78.909, 29.124 ], [ 78.909, 29.124 ], [ 78.908, 29.124 ], [ 78.908, 29.124 ], [ 78.907, 29.125 ], [ 78.907, 29.125 ], [ 78.906, 29.125 ], [ 78.906, 29.125 ], [ 78.906, 29.125 ], [ 78.906, 29.125 ], [ 78.906, 29.126 ], [ 78.906, 29.126 ], [ 78.906, 29.126 ], [ 78.906, 29.127 ], [ 78.907, 29.127 ], [ 78.907, 29.127 ], [ 78.907, 29.128 ], [ 78.908, 29.128 ], [ 78.908, 29.128 ], [ 78.908, 29.128 ], [ 78.908, 29.128 ], [ 78.909, 29.129 ], [ 78.91, 29.129 ], [ 78.91, 29.129 ], [ 78.911, 29.129 ], [ 78.911, 29.129 ], [ 78.912, 29.13 ], [ 78.914, 29.131 ], [ 78.916, 29.133 ], [ 78.916, 29.133 ], [ 78.917, 29.134 ], [ 78.917, 29.134 ], [ 78.918, 29.135 ], [ 78.918, 29.135 ], [ 78.918, 29.135 ], [ 78.919, 29.135 ], [ 78.919, 29.135 ], [ 78.919, 29.135 ], [ 78.919, 29.136 ], [ 78.919, 29.136 ], [ 78.919, 29.136 ], [ 78.919, 29.136 ], [ 78.918, 29.136 ], [ 78.918, 29.136 ], [ 78.918, 29.136 ], [ 78.917, 29.136 ], [ 78.917, 29.136 ], [ 78.917, 29.137 ], [ 78.917, 29.137 ], [ 78.917, 29.137 ], [ 78.916, 29.137 ], [ 78.916, 29.138 ], [ 78.916, 29.138 ], [ 78.916, 29.138 ], [ 78.916, 29.138 ], [ 78.916, 29.138 ], [ 78.916, 29.139 ], [ 78.916, 29.139 ], [ 78.916, 29.139 ], [ 78.917, 29.139 ], [ 78.917, 29.14 ], [ 78.917, 29.14 ], [ 78.917, 29.14 ], [ 78.917, 29.14 ], [ 78.917, 29.14 ], [ 78.916, 29.141 ], [ 78.916, 29.141 ], [ 78.916, 29.141 ], [ 78.915, 29.142 ], [ 78.913, 29.142 ], [ 78.913, 29.143 ], [ 78.912, 29.143 ], [ 78.912, 29.143 ], [ 78.912, 29.143 ], [ 78.912, 29.144 ], [ 78.911, 29.144 ], [ 78.911, 29.144 ], [ 78.911, 29.144 ], [ 78.911, 29.145 ], [ 78.911, 29.145 ], [ 78.911, 29.145 ], [ 78.911, 29.145 ], [ 78.912, 29.146 ], [ 78.912, 29.147 ], [ 78.912, 29.147 ], [ 78.912, 29.147 ], [ 78.912, 29.147 ], [ 78.912, 29.147 ], [ 78.912, 29.147 ], [ 78.912, 29.148 ], [ 78.913, 29.148 ], [ 78.913, 29.148 ], [ 78.914, 29.148 ], [ 78.914, 29.148 ], [ 78.914, 29.149 ], [ 78.915, 29.149 ], [ 78.915, 29.149 ], [ 78.915, 29.149 ], [ 78.915, 29.15 ], [ 78.916, 29.15 ], [ 78.916, 29.15 ], [ 78.916, 29.151 ], [ 78.916, 29.152 ], [ 78.915, 29.152 ], [ 78.915, 29.153 ], [ 78.914, 29.154 ], [ 78.914, 29.154 ], [ 78.914, 29.154 ], [ 78.914, 29.154 ], [ 78.913, 29.154 ], [ 78.913, 29.154 ], [ 78.912, 29.154 ], [ 78.912, 29.154 ], [ 78.911, 29.154 ], [ 78.911, 29.154 ], [ 78.91, 29.154 ], [ 78.91, 29.153 ], [ 78.909, 29.153 ], [ 78.909, 29.152 ], [ 78.908, 29.152 ], [ 78.908, 29.151 ], [ 78.908, 29.151 ], [ 78.907, 29.151 ], [ 78.907, 29.151 ], [ 78.907, 29.151 ], [ 78.906, 29.152 ], [ 78.906, 29.152 ], [ 78.906, 29.153 ], [ 78.906, 29.153 ], [ 78.906, 29.153 ], [ 78.906, 29.153 ], [ 78.906, 29.153 ], [ 78.907, 29.154 ], [ 78.907, 29.154 ], [ 78.908, 29.155 ], [ 78.908, 29.155 ], [ 78.908, 29.155 ], [ 78.908, 29.155 ], [ 78.909, 29.156 ], [ 78.909, 29.157 ], [ 78.909, 29.157 ], [ 78.909, 29.157 ], [ 78.909, 29.157 ], [ 78.909, 29.157 ], [ 78.909, 29.158 ], [ 78.909, 29.158 ], [ 78.909, 29.159 ], [ 78.909, 29.159 ], [ 78.909, 29.159 ], [ 78.909, 29.159 ], [ 78.909, 29.159 ], [ 78.909, 29.159 ], [ 78.909, 29.159 ], [ 78.909, 29.159 ], [ 78.909, 29.159 ], [ 78.909, 29.16 ], [ 78.909, 29.16 ], [ 78.909, 29.16 ], [ 78.908, 29.16 ], [ 78.908, 29.161 ], [ 78.908, 29.161 ], [ 78.908, 29.161 ], [ 78.909, 29.162 ], [ 78.909, 29.162 ], [ 78.909, 29.162 ], [ 78.909, 29.163 ], [ 78.909, 29.164 ], [ 78.909, 29.164 ], [ 78.909, 29.164 ], [ 78.909, 29.164 ], [ 78.909, 29.164 ], [ 78.909, 29.164 ], [ 78.909, 29.164 ], [ 78.909, 29.164 ], [ 78.909, 29.164 ], [ 78.907, 29.165 ], [ 78.907, 29.165 ], [ 78.907, 29.165 ], [ 78.906, 29.165 ], [ 78.906, 29.165 ], [ 78.906, 29.166 ], [ 78.905, 29.166 ], [ 78.905, 29.166 ], [ 78.905, 29.167 ], [ 78.905, 29.167 ], [ 78.904, 29.168 ], [ 78.904, 29.168 ], [ 78.903, 29.169 ], [ 78.903, 29.169 ], [ 78.902, 29.169 ], [ 78.902, 29.17 ], [ 78.902, 29.17 ], [ 78.902, 29.17 ], [ 78.903, 29.171 ], [ 78.904, 29.172 ], [ 78.904, 29.172 ], [ 78.904, 29.172 ], [ 78.904, 29.173 ], [ 78.904, 29.173 ], [ 78.904, 29.173 ], [ 78.904, 29.173 ], [ 78.905, 29.173 ], [ 78.905, 29.174 ], [ 78.907, 29.175 ], [ 78.908, 29.176 ], [ 78.908, 29.176 ], [ 78.908, 29.176 ], [ 78.908, 29.177 ], [ 78.908, 29.177 ], [ 78.908, 29.177 ], [ 78.909, 29.177 ], [ 78.909, 29.177 ], [ 78.909, 29.178 ], [ 78.909, 29.178 ], [ 78.909, 29.178 ], [ 78.909, 29.178 ], [ 78.909, 29.179 ], [ 78.909, 29.179 ], [ 78.908, 29.179 ], [ 78.908, 29.179 ], [ 78.908, 29.179 ], [ 78.908, 29.179 ], [ 78.908, 29.179 ], [ 78.908, 29.179 ], [ 78.908, 29.179 ], [ 78.907, 29.18 ], [ 78.907, 29.18 ], [ 78.907, 29.18 ], [ 78.907, 29.18 ], [ 78.907, 29.18 ], [ 78.906, 29.18 ], [ 78.906, 29.18 ], [ 78.906, 29.18 ], [ 78.905, 29.18 ], [ 78.905, 29.18 ], [ 78.905, 29.179 ], [ 78.904, 29.179 ], [ 78.904, 29.179 ], [ 78.904, 29.178 ], [ 78.904, 29.178 ], [ 78.903, 29.178 ], [ 78.903, 29.178 ], [ 78.903, 29.179 ], [ 78.903, 29.179 ], [ 78.903, 29.179 ], [ 78.904, 29.18 ], [ 78.904, 29.18 ], [ 78.904, 29.18 ], [ 78.904, 29.18 ], [ 78.904, 29.18 ], [ 78.903, 29.18 ], [ 78.903, 29.181 ], [ 78.903, 29.181 ], [ 78.903, 29.181 ], [ 78.903, 29.181 ], [ 78.903, 29.181 ], [ 78.903, 29.181 ], [ 78.903, 29.181 ], [ 78.903, 29.181 ], [ 78.902, 29.181 ], [ 78.902, 29.181 ], [ 78.9, 29.182 ], [ 78.9, 29.182 ], [ 78.9, 29.182 ], [ 78.899, 29.182 ], [ 78.899, 29.182 ], [ 78.899, 29.182 ], [ 78.899, 29.182 ], [ 78.898, 29.182 ], [ 78.898, 29.182 ], [ 78.898, 29.182 ], [ 78.898, 29.183 ], [ 78.898, 29.183 ], [ 78.898, 29.183 ], [ 78.898, 29.183 ], [ 78.898, 29.183 ], [ 78.898, 29.183 ], [ 78.897, 29.183 ], [ 78.896, 29.184 ], [ 78.896, 29.184 ], [ 78.896, 29.185 ], [ 78.895, 29.185 ], [ 78.895, 29.186 ], [ 78.894, 29.186 ], [ 78.894, 29.186 ], [ 78.894, 29.186 ], [ 78.895, 29.187 ], [ 78.895, 29.187 ], [ 78.896, 29.187 ], [ 78.896, 29.187 ], [ 78.896, 29.187 ], [ 78.897, 29.186 ], [ 78.897, 29.186 ], [ 78.897, 29.186 ], [ 78.897, 29.186 ], [ 78.897, 29.186 ], [ 78.897, 29.185 ], [ 78.898, 29.185 ], [ 78.898, 29.185 ], [ 78.898, 29.185 ], [ 78.898, 29.185 ], [ 78.898, 29.185 ], [ 78.898, 29.185 ], [ 78.899, 29.185 ], [ 78.899, 29.185 ], [ 78.9, 29.186 ], [ 78.9, 29.186 ], [ 78.9, 29.186 ], [ 78.9, 29.187 ], [ 78.9, 29.188 ], [ 78.9, 29.188 ], [ 78.9, 29.189 ], [ 78.9, 29.189 ], [ 78.899, 29.189 ], [ 78.899, 29.189 ], [ 78.899, 29.19 ], [ 78.898, 29.19 ], [ 78.898, 29.191 ], [ 78.897, 29.192 ], [ 78.897, 29.193 ], [ 78.896, 29.193 ], [ 78.896, 29.194 ], [ 78.896, 29.194 ], [ 78.896, 29.194 ], [ 78.896, 29.194 ], [ 78.896, 29.193 ], [ 78.896, 29.193 ], [ 78.896, 29.193 ], [ 78.896, 29.193 ], [ 78.895, 29.193 ], [ 78.895, 29.192 ], [ 78.895, 29.192 ], [ 78.895, 29.192 ], [ 78.895, 29.192 ], [ 78.894, 29.192 ], [ 78.894, 29.192 ], [ 78.894, 29.192 ], [ 78.894, 29.192 ], [ 78.893, 29.192 ], [ 78.893, 29.192 ], [ 78.893, 29.192 ], [ 78.892, 29.192 ], [ 78.892, 29.192 ], [ 78.892, 29.192 ], [ 78.892, 29.192 ], [ 78.892, 29.192 ], [ 78.892, 29.192 ], [ 78.891, 29.192 ], [ 78.891, 29.192 ], [ 78.89, 29.192 ], [ 78.89, 29.192 ], [ 78.89, 29.192 ], [ 78.89, 29.192 ], [ 78.89, 29.192 ], [ 78.889, 29.193 ], [ 78.889, 29.193 ], [ 78.889, 29.194 ], [ 78.888, 29.194 ], [ 78.888, 29.194 ], [ 78.887, 29.195 ], [ 78.887, 29.195 ], [ 78.887, 29.195 ], [ 78.887, 29.195 ], [ 78.887, 29.195 ], [ 78.887, 29.196 ], [ 78.887, 29.196 ], [ 78.887, 29.196 ], [ 78.887, 29.196 ], [ 78.887, 29.196 ], [ 78.888, 29.196 ], [ 78.889, 29.197 ], [ 78.89, 29.197 ], [ 78.891, 29.197 ], [ 78.891, 29.198 ], [ 78.891, 29.198 ], [ 78.891, 29.198 ], [ 78.891, 29.198 ], [ 78.891, 29.198 ], [ 78.891, 29.199 ], [ 78.892, 29.199 ], [ 78.892, 29.199 ], [ 78.892, 29.2 ], [ 78.891, 29.2 ], [ 78.891, 29.2 ], [ 78.891, 29.2 ], [ 78.891, 29.201 ], [ 78.891, 29.201 ], [ 78.891, 29.201 ], [ 78.891, 29.201 ], [ 78.89, 29.201 ], [ 78.89, 29.201 ], [ 78.89, 29.201 ], [ 78.89, 29.202 ], [ 78.889, 29.202 ], [ 78.889, 29.202 ], [ 78.888, 29.202 ], [ 78.887, 29.203 ], [ 78.887, 29.203 ], [ 78.886, 29.203 ], [ 78.886, 29.203 ], [ 78.885, 29.203 ], [ 78.885, 29.203 ], [ 78.885, 29.203 ], [ 78.885, 29.202 ], [ 78.884, 29.202 ], [ 78.884, 29.202 ], [ 78.884, 29.201 ], [ 78.883, 29.201 ], [ 78.883, 29.201 ], [ 78.882, 29.2 ], [ 78.882, 29.2 ], [ 78.882, 29.2 ], [ 78.881, 29.2 ], [ 78.881, 29.2 ], [ 78.881, 29.2 ], [ 78.88, 29.2 ], [ 78.88, 29.2 ], [ 78.88, 29.201 ], [ 78.88, 29.201 ], [ 78.879, 29.201 ], [ 78.879, 29.201 ], [ 78.879, 29.201 ], [ 78.878, 29.203 ], [ 78.876, 29.204 ], [ 78.876, 29.205 ], [ 78.875, 29.205 ], [ 78.875, 29.206 ], [ 78.875, 29.206 ], [ 78.875, 29.206 ], [ 78.875, 29.206 ], [ 78.875, 29.206 ], [ 78.875, 29.206 ], [ 78.875, 29.207 ], [ 78.875, 29.207 ], [ 78.875, 29.207 ], [ 78.876, 29.207 ], [ 78.876, 29.206 ], [ 78.877, 29.206 ], [ 78.877, 29.206 ], [ 78.877, 29.206 ], [ 78.878, 29.206 ], [ 78.878, 29.206 ], [ 78.878, 29.206 ], [ 78.879, 29.207 ], [ 78.879, 29.207 ], [ 78.879, 29.207 ], [ 78.879, 29.208 ], [ 78.88, 29.209 ], [ 78.88, 29.209 ], [ 78.88, 29.209 ], [ 78.881, 29.21 ], [ 78.881, 29.21 ], [ 78.881, 29.21 ], [ 78.881, 29.211 ], [ 78.882, 29.211 ], [ 78.882, 29.211 ], [ 78.882, 29.211 ], [ 78.882, 29.211 ], [ 78.883, 29.211 ], [ 78.883, 29.211 ], [ 78.883, 29.211 ], [ 78.883, 29.212 ], [ 78.883, 29.212 ], [ 78.883, 29.212 ], [ 78.883, 29.212 ], [ 78.883, 29.212 ], [ 78.883, 29.212 ], [ 78.883, 29.212 ], [ 78.882, 29.212 ], [ 78.882, 29.212 ], [ 78.882, 29.213 ], [ 78.882, 29.213 ], [ 78.882, 29.213 ], [ 78.882, 29.213 ], [ 78.881, 29.213 ], [ 78.881, 29.213 ], [ 78.881, 29.213 ], [ 78.88, 29.213 ], [ 78.88, 29.213 ], [ 78.88, 29.214 ], [ 78.88, 29.214 ], [ 78.88, 29.214 ], [ 78.88, 29.214 ], [ 78.88, 29.214 ], [ 78.879, 29.214 ], [ 78.879, 29.214 ], [ 78.879, 29.214 ], [ 78.879, 29.214 ], [ 78.879, 29.214 ], [ 78.879, 29.214 ], [ 78.879, 29.214 ], [ 78.879, 29.214 ], [ 78.878, 29.214 ], [ 78.878, 29.215 ], [ 78.878, 29.215 ], [ 78.878, 29.215 ], [ 78.878, 29.215 ], [ 78.878, 29.216 ], [ 78.878, 29.216 ], [ 78.879, 29.216 ], [ 78.879, 29.217 ], [ 78.879, 29.217 ], [ 78.879, 29.217 ], [ 78.879, 29.217 ], [ 78.879, 29.217 ], [ 78.879, 29.217 ], [ 78.879, 29.217 ], [ 78.88, 29.217 ], [ 78.88, 29.217 ], [ 78.88, 29.217 ], [ 78.88, 29.217 ], [ 78.88, 29.217 ], [ 78.881, 29.217 ], [ 78.881, 29.217 ], [ 78.881, 29.217 ], [ 78.881, 29.217 ], [ 78.881, 29.217 ], [ 78.88, 29.218 ], [ 78.88, 29.218 ], [ 78.88, 29.218 ], [ 78.88, 29.218 ], [ 78.88, 29.218 ], [ 78.88, 29.218 ], [ 78.88, 29.219 ], [ 78.88, 29.219 ], [ 78.879, 29.219 ], [ 78.879, 29.219 ], [ 78.879, 29.219 ], [ 78.879, 29.219 ], [ 78.879, 29.219 ], [ 78.879, 29.219 ], [ 78.879, 29.219 ], [ 78.878, 29.219 ], [ 78.878, 29.219 ], [ 78.877, 29.219 ], [ 78.877, 29.219 ], [ 78.876, 29.219 ], [ 78.876, 29.219 ], [ 78.876, 29.219 ], [ 78.875, 29.219 ], [ 78.875, 29.22 ], [ 78.875, 29.22 ], [ 78.874, 29.22 ], [ 78.874, 29.221 ], [ 78.874, 29.221 ], [ 78.874, 29.221 ], [ 78.873, 29.222 ], [ 78.873, 29.222 ], [ 78.872, 29.222 ], [ 78.872, 29.222 ], [ 78.872, 29.222 ], [ 78.872, 29.223 ], [ 78.872, 29.223 ], [ 78.872, 29.223 ], [ 78.872, 29.224 ], [ 78.873, 29.224 ], [ 78.873, 29.224 ], [ 78.873, 29.224 ], [ 78.873, 29.224 ], [ 78.874, 29.224 ], [ 78.875, 29.224 ], [ 78.875, 29.224 ], [ 78.876, 29.224 ], [ 78.876, 29.224 ], [ 78.876, 29.225 ], [ 78.876, 29.225 ], [ 78.876, 29.225 ], [ 78.876, 29.225 ], [ 78.876, 29.225 ], [ 78.876, 29.225 ], [ 78.876, 29.226 ], [ 78.876, 29.226 ], [ 78.876, 29.226 ], [ 78.876, 29.226 ], [ 78.876, 29.226 ], [ 78.876, 29.226 ], [ 78.876, 29.226 ], [ 78.876, 29.226 ], [ 78.876, 29.226 ], [ 78.875, 29.226 ], [ 78.875, 29.226 ], [ 78.875, 29.226 ], [ 78.875, 29.226 ], [ 78.875, 29.226 ], [ 78.875, 29.226 ], [ 78.875, 29.226 ], [ 78.874, 29.226 ], [ 78.874, 29.227 ], [ 78.874, 29.227 ], [ 78.874, 29.227 ], [ 78.874, 29.227 ], [ 78.874, 29.227 ], [ 78.874, 29.228 ], [ 78.874, 29.228 ], [ 78.874, 29.228 ], [ 78.874, 29.228 ], [ 78.874, 29.228 ], [ 78.874, 29.228 ], [ 78.874, 29.229 ], [ 78.874, 29.229 ], [ 78.874, 29.229 ], [ 78.874, 29.229 ], [ 78.874, 29.229 ], [ 78.874, 29.229 ], [ 78.874, 29.23 ], [ 78.874, 29.23 ], [ 78.875, 29.23 ], [ 78.875, 29.23 ], [ 78.874, 29.23 ], [ 78.874, 29.23 ], [ 78.874, 29.231 ], [ 78.874, 29.231 ], [ 78.873, 29.231 ], [ 78.873, 29.231 ], [ 78.873, 29.231 ], [ 78.873, 29.23 ], [ 78.873, 29.23 ], [ 78.873, 29.23 ], [ 78.872, 29.23 ], [ 78.872, 29.23 ], [ 78.872, 29.23 ], [ 78.872, 29.23 ], [ 78.872, 29.229 ], [ 78.872, 29.229 ], [ 78.872, 29.229 ], [ 78.872, 29.229 ], [ 78.872, 29.229 ], [ 78.873, 29.228 ], [ 78.873, 29.228 ], [ 78.873, 29.228 ], [ 78.873, 29.228 ], [ 78.873, 29.228 ], [ 78.872, 29.227 ], [ 78.872, 29.227 ], [ 78.872, 29.227 ], [ 78.872, 29.227 ], [ 78.872, 29.227 ], [ 78.871, 29.227 ], [ 78.871, 29.227 ], [ 78.871, 29.227 ], [ 78.871, 29.227 ], [ 78.871, 29.227 ], [ 78.87, 29.227 ], [ 78.87, 29.228 ], [ 78.87, 29.228 ], [ 78.87, 29.228 ], [ 78.87, 29.228 ], [ 78.87, 29.228 ], [ 78.87, 29.228 ], [ 78.87, 29.228 ], [ 78.87, 29.228 ], [ 78.87, 29.228 ], [ 78.869, 29.228 ], [ 78.869, 29.228 ], [ 78.869, 29.228 ], [ 78.869, 29.228 ], [ 78.869, 29.228 ], [ 78.869, 29.228 ], [ 78.869, 29.228 ], [ 78.869, 29.228 ], [ 78.869, 29.228 ], [ 78.868, 29.228 ], [ 78.868, 29.228 ], [ 78.868, 29.228 ], [ 78.868, 29.228 ], [ 78.868, 29.228 ], [ 78.867, 29.228 ], [ 78.867, 29.229 ], [ 78.866, 29.229 ], [ 78.866, 29.229 ], [ 78.866, 29.229 ], [ 78.865, 29.229 ], [ 78.865, 29.229 ], [ 78.865, 29.23 ], [ 78.865, 29.23 ], [ 78.865, 29.23 ], [ 78.865, 29.23 ], [ 78.864, 29.23 ], [ 78.863, 29.23 ], [ 78.863, 29.23 ], [ 78.863, 29.23 ], [ 78.863, 29.23 ], [ 78.863, 29.231 ], [ 78.863, 29.231 ], [ 78.863, 29.231 ], [ 78.863, 29.231 ], [ 78.863, 29.232 ], [ 78.863, 29.232 ], [ 78.863, 29.232 ], [ 78.863, 29.232 ], [ 78.863, 29.232 ], [ 78.863, 29.232 ], [ 78.863, 29.232 ], [ 78.863, 29.232 ], [ 78.863, 29.232 ], [ 78.863, 29.232 ], [ 78.863, 29.232 ], [ 78.862, 29.232 ], [ 78.862, 29.232 ], [ 78.862, 29.232 ], [ 78.862, 29.232 ], [ 78.862, 29.232 ], [ 78.862, 29.232 ], [ 78.862, 29.232 ], [ 78.862, 29.232 ], [ 78.862, 29.232 ], [ 78.862, 29.232 ], [ 78.862, 29.233 ], [ 78.862, 29.233 ], [ 78.862, 29.233 ], [ 78.862, 29.233 ], [ 78.862, 29.233 ], [ 78.861, 29.233 ], [ 78.861, 29.233 ], [ 78.861, 29.233 ], [ 78.861, 29.233 ], [ 78.86, 29.233 ], [ 78.86, 29.233 ], [ 78.86, 29.233 ], [ 78.859, 29.233 ], [ 78.859, 29.233 ], [ 78.859, 29.233 ], [ 78.859, 29.233 ], [ 78.859, 29.233 ], [ 78.858, 29.233 ], [ 78.858, 29.233 ], [ 78.859, 29.234 ], [ 78.859, 29.234 ], [ 78.859, 29.234 ], [ 78.859, 29.234 ], [ 78.859, 29.234 ], [ 78.859, 29.234 ], [ 78.859, 29.234 ], [ 78.859, 29.235 ], [ 78.859, 29.235 ], [ 78.859, 29.235 ], [ 78.86, 29.236 ], [ 78.86, 29.236 ], [ 78.861, 29.236 ], [ 78.861, 29.236 ], [ 78.861, 29.237 ], [ 78.861, 29.237 ], [ 78.861, 29.237 ], [ 78.861, 29.237 ], [ 78.861, 29.238 ], [ 78.862, 29.239 ], [ 78.862, 29.239 ], [ 78.862, 29.239 ], [ 78.862, 29.239 ], [ 78.862, 29.24 ], [ 78.861, 29.24 ], [ 78.86, 29.241 ], [ 78.859, 29.242 ], [ 78.859, 29.242 ], [ 78.859, 29.242 ], [ 78.858, 29.242 ], [ 78.858, 29.242 ], [ 78.858, 29.242 ], [ 78.858, 29.242 ], [ 78.858, 29.241 ], [ 78.858, 29.241 ], [ 78.857, 29.24 ], [ 78.856, 29.24 ], [ 78.856, 29.24 ], [ 78.856, 29.24 ], [ 78.855, 29.239 ], [ 78.855, 29.238 ], [ 78.854, 29.238 ], [ 78.854, 29.238 ], [ 78.854, 29.238 ], [ 78.853, 29.238 ], [ 78.852, 29.237 ], [ 78.851, 29.237 ], [ 78.851, 29.237 ], [ 78.851, 29.237 ], [ 78.851, 29.235 ], [ 78.851, 29.235 ], [ 78.851, 29.235 ], [ 78.851, 29.235 ], [ 78.85, 29.235 ], [ 78.85, 29.235 ], [ 78.85, 29.234 ], [ 78.85, 29.234 ], [ 78.85, 29.234 ], [ 78.85, 29.234 ], [ 78.85, 29.234 ], [ 78.85, 29.234 ], [ 78.85, 29.233 ], [ 78.85, 29.233 ], [ 78.85, 29.233 ], [ 78.849, 29.233 ], [ 78.849, 29.233 ], [ 78.849, 29.233 ], [ 78.849, 29.234 ], [ 78.848, 29.234 ], [ 78.848, 29.234 ], [ 78.847, 29.236 ], [ 78.846, 29.236 ], [ 78.846, 29.236 ], [ 78.846, 29.237 ], [ 78.846, 29.237 ], [ 78.845, 29.236 ], [ 78.845, 29.236 ], [ 78.845, 29.236 ], [ 78.845, 29.236 ], [ 78.845, 29.236 ], [ 78.845, 29.236 ], [ 78.844, 29.236 ], [ 78.844, 29.236 ], [ 78.843, 29.235 ], [ 78.843, 29.235 ], [ 78.843, 29.235 ], [ 78.843, 29.235 ], [ 78.842, 29.235 ], [ 78.842, 29.235 ], [ 78.841, 29.236 ], [ 78.84, 29.237 ], [ 78.839, 29.237 ], [ 78.84, 29.237 ], [ 78.84, 29.237 ], [ 78.84, 29.238 ], [ 78.841, 29.238 ], [ 78.841, 29.238 ], [ 78.841, 29.238 ], [ 78.841, 29.238 ], [ 78.841, 29.238 ], [ 78.841, 29.239 ], [ 78.841, 29.239 ], [ 78.841, 29.239 ], [ 78.841, 29.24 ], [ 78.841, 29.24 ], [ 78.84, 29.24 ], [ 78.84, 29.24 ], [ 78.84, 29.24 ], [ 78.839, 29.241 ], [ 78.838, 29.241 ], [ 78.838, 29.241 ], [ 78.838, 29.242 ], [ 78.839, 29.242 ], [ 78.838, 29.243 ], [ 78.838, 29.243 ], [ 78.838, 29.242 ], [ 78.837, 29.242 ], [ 78.837, 29.241 ], [ 78.837, 29.241 ], [ 78.836, 29.241 ], [ 78.836, 29.24 ], [ 78.835, 29.239 ], [ 78.835, 29.239 ], [ 78.834, 29.239 ], [ 78.833, 29.238 ], [ 78.833, 29.238 ], [ 78.833, 29.237 ], [ 78.832, 29.237 ], [ 78.832, 29.237 ], [ 78.832, 29.237 ], [ 78.832, 29.237 ], [ 78.832, 29.237 ], [ 78.832, 29.237 ], [ 78.832, 29.237 ], [ 78.832, 29.237 ], [ 78.832, 29.237 ], [ 78.831, 29.237 ], [ 78.831, 29.237 ], [ 78.831, 29.237 ], [ 78.831, 29.237 ], [ 78.831, 29.237 ], [ 78.831, 29.237 ], [ 78.83, 29.237 ], [ 78.83, 29.237 ], [ 78.83, 29.237 ], [ 78.83, 29.237 ], [ 78.83, 29.237 ], [ 78.83, 29.237 ], [ 78.83, 29.237 ], [ 78.83, 29.237 ], [ 78.83, 29.237 ], [ 78.83, 29.237 ], [ 78.83, 29.237 ], [ 78.829, 29.236 ], [ 78.83, 29.236 ], [ 78.829, 29.236 ], [ 78.829, 29.236 ], [ 78.829, 29.236 ], [ 78.829, 29.236 ], [ 78.829, 29.236 ], [ 78.828, 29.236 ], [ 78.828, 29.235 ], [ 78.827, 29.236 ], [ 78.827, 29.236 ], [ 78.827, 29.236 ], [ 78.827, 29.236 ], [ 78.827, 29.236 ], [ 78.827, 29.236 ], [ 78.827, 29.236 ], [ 78.826, 29.236 ], [ 78.826, 29.236 ], [ 78.826, 29.236 ], [ 78.826, 29.236 ], [ 78.826, 29.236 ], [ 78.826, 29.236 ], [ 78.826, 29.236 ], [ 78.826, 29.236 ], [ 78.826, 29.236 ], [ 78.826, 29.236 ], [ 78.826, 29.236 ], [ 78.826, 29.236 ], [ 78.826, 29.236 ], [ 78.826, 29.236 ], [ 78.826, 29.236 ], [ 78.826, 29.235 ], [ 78.826, 29.235 ], [ 78.826, 29.235 ], [ 78.825, 29.235 ], [ 78.825, 29.236 ], [ 78.825, 29.236 ], [ 78.825, 29.236 ], [ 78.825, 29.236 ], [ 78.825, 29.236 ], [ 78.824, 29.235 ], [ 78.824, 29.234 ], [ 78.823, 29.234 ], [ 78.823, 29.234 ], [ 78.823, 29.234 ], [ 78.823, 29.234 ], [ 78.823, 29.234 ], [ 78.823, 29.234 ], [ 78.823, 29.234 ], [ 78.823, 29.234 ], [ 78.823, 29.234 ], [ 78.822, 29.233 ], [ 78.822, 29.233 ], [ 78.822, 29.233 ], [ 78.822, 29.233 ], [ 78.822, 29.233 ], [ 78.822, 29.233 ], [ 78.822, 29.233 ], [ 78.821, 29.233 ], [ 78.82, 29.234 ], [ 78.82, 29.233 ], [ 78.82, 29.233 ], [ 78.82, 29.233 ], [ 78.82, 29.233 ], [ 78.82, 29.232 ], [ 78.819, 29.232 ], [ 78.819, 29.233 ], [ 78.818, 29.233 ], [ 78.818, 29.233 ], [ 78.816, 29.234 ], [ 78.815, 29.234 ], [ 78.813, 29.235 ], [ 78.812, 29.236 ], [ 78.81, 29.236 ], [ 78.809, 29.236 ], [ 78.808, 29.236 ], [ 78.808, 29.237 ], [ 78.807, 29.237 ], [ 78.807, 29.237 ], [ 78.807, 29.237 ], [ 78.808, 29.237 ], [ 78.806, 29.238 ], [ 78.806, 29.238 ], [ 78.805, 29.239 ], [ 78.804, 29.239 ], [ 78.804, 29.239 ], [ 78.803, 29.24 ], [ 78.803, 29.24 ], [ 78.803, 29.24 ], [ 78.802, 29.24 ], [ 78.802, 29.24 ], [ 78.802, 29.24 ], [ 78.802, 29.24 ], [ 78.802, 29.241 ], [ 78.801, 29.241 ], [ 78.8, 29.242 ], [ 78.8, 29.242 ], [ 78.8, 29.242 ], [ 78.8, 29.243 ], [ 78.799, 29.244 ], [ 78.799, 29.244 ], [ 78.798, 29.244 ], [ 78.797, 29.244 ], [ 78.797, 29.244 ], [ 78.797, 29.244 ], [ 78.797, 29.244 ], [ 78.797, 29.244 ], [ 78.796, 29.244 ], [ 78.795, 29.245 ], [ 78.794, 29.245 ], [ 78.794, 29.245 ], [ 78.794, 29.245 ], [ 78.793, 29.245 ], [ 78.793, 29.245 ], [ 78.793, 29.245 ], [ 78.793, 29.245 ], [ 78.792, 29.246 ], [ 78.791, 29.247 ], [ 78.79, 29.248 ], [ 78.79, 29.248 ], [ 78.791, 29.248 ], [ 78.791, 29.249 ], [ 78.791, 29.249 ], [ 78.79, 29.249 ], [ 78.791, 29.25 ], [ 78.791, 29.25 ], [ 78.79, 29.25 ], [ 78.79, 29.25 ], [ 78.79, 29.25 ], [ 78.791, 29.251 ], [ 78.792, 29.252 ], [ 78.791, 29.253 ], [ 78.791, 29.253 ], [ 78.791, 29.253 ], [ 78.79, 29.254 ], [ 78.79, 29.255 ], [ 78.79, 29.255 ], [ 78.79, 29.255 ], [ 78.789, 29.255 ], [ 78.789, 29.255 ], [ 78.789, 29.254 ], [ 78.789, 29.254 ], [ 78.789, 29.253 ], [ 78.788, 29.253 ], [ 78.788, 29.253 ], [ 78.787, 29.253 ], [ 78.787, 29.253 ], [ 78.786, 29.253 ], [ 78.786, 29.254 ], [ 78.785, 29.254 ], [ 78.785, 29.254 ], [ 78.784, 29.254 ], [ 78.784, 29.255 ], [ 78.783, 29.255 ], [ 78.783, 29.256 ], [ 78.782, 29.256 ], [ 78.782, 29.256 ], [ 78.781, 29.257 ], [ 78.781, 29.257 ], [ 78.781, 29.257 ], [ 78.781, 29.257 ], [ 78.781, 29.257 ], [ 78.78, 29.258 ], [ 78.779, 29.259 ], [ 78.779, 29.259 ], [ 78.779, 29.259 ], [ 78.778, 29.259 ], [ 78.778, 29.259 ], [ 78.778, 29.259 ], [ 78.777, 29.26 ], [ 78.776, 29.261 ], [ 78.775, 29.261 ], [ 78.774, 29.261 ], [ 78.774, 29.262 ], [ 78.774, 29.262 ], [ 78.774, 29.262 ], [ 78.774, 29.263 ], [ 78.774, 29.263 ], [ 78.774, 29.263 ], [ 78.773, 29.263 ], [ 78.773, 29.264 ], [ 78.771, 29.265 ], [ 78.771, 29.265 ], [ 78.771, 29.266 ], [ 78.772, 29.266 ], [ 78.771, 29.266 ], [ 78.771, 29.267 ], [ 78.77, 29.267 ], [ 78.77, 29.267 ], [ 78.771, 29.268 ], [ 78.771, 29.269 ], [ 78.772, 29.269 ], [ 78.772, 29.27 ], [ 78.772, 29.27 ], [ 78.773, 29.271 ], [ 78.773, 29.271 ], [ 78.773, 29.271 ], [ 78.773, 29.272 ], [ 78.772, 29.272 ], [ 78.772, 29.273 ], [ 78.771, 29.273 ], [ 78.771, 29.274 ], [ 78.77, 29.274 ], [ 78.77, 29.274 ], [ 78.769, 29.275 ], [ 78.769, 29.275 ], [ 78.768, 29.275 ], [ 78.768, 29.276 ], [ 78.768, 29.276 ], [ 78.767, 29.277 ], [ 78.767, 29.277 ], [ 78.766, 29.278 ], [ 78.766, 29.278 ], [ 78.765, 29.279 ], [ 78.764, 29.28 ], [ 78.764, 29.28 ], [ 78.763, 29.281 ], [ 78.762, 29.281 ], [ 78.761, 29.282 ], [ 78.761, 29.282 ], [ 78.761, 29.282 ], [ 78.759, 29.283 ], [ 78.758, 29.284 ], [ 78.757, 29.284 ], [ 78.757, 29.284 ], [ 78.755, 29.286 ], [ 78.754, 29.287 ], [ 78.754, 29.287 ], [ 78.753, 29.287 ], [ 78.753, 29.287 ], [ 78.752, 29.288 ], [ 78.751, 29.288 ], [ 78.751, 29.288 ], [ 78.75, 29.288 ], [ 78.75, 29.288 ], [ 78.75, 29.288 ], [ 78.749, 29.289 ], [ 78.749, 29.289 ], [ 78.749, 29.289 ], [ 78.749, 29.289 ], [ 78.748, 29.289 ], [ 78.748, 29.29 ], [ 78.747, 29.29 ], [ 78.746, 29.291 ], [ 78.742, 29.293 ], [ 78.741, 29.294 ], [ 78.739, 29.295 ], [ 78.739, 29.295 ], [ 78.738, 29.296 ], [ 78.737, 29.296 ], [ 78.736, 29.297 ], [ 78.736, 29.297 ], [ 78.736, 29.297 ], [ 78.736, 29.298 ], [ 78.736, 29.299 ], [ 78.736, 29.299 ], [ 78.735, 29.299 ], [ 78.735, 29.299 ], [ 78.735, 29.3 ], [ 78.734, 29.299 ], [ 78.733, 29.299 ], [ 78.733, 29.299 ], [ 78.733, 29.299 ], [ 78.732, 29.299 ], [ 78.732, 29.299 ], [ 78.732, 29.299 ], [ 78.731, 29.299 ], [ 78.731, 29.299 ], [ 78.73, 29.299 ], [ 78.73, 29.299 ], [ 78.729, 29.299 ], [ 78.729, 29.299 ], [ 78.728, 29.299 ], [ 78.728, 29.299 ], [ 78.727, 29.298 ], [ 78.726, 29.298 ], [ 78.726, 29.299 ], [ 78.725, 29.298 ], [ 78.724, 29.299 ], [ 78.724, 29.299 ], [ 78.723, 29.3 ], [ 78.723, 29.299 ], [ 78.722, 29.3 ], [ 78.722, 29.3 ], [ 78.721, 29.301 ], [ 78.721, 29.302 ], [ 78.72, 29.302 ], [ 78.72, 29.302 ], [ 78.719, 29.303 ], [ 78.719, 29.303 ], [ 78.718, 29.303 ], [ 78.718, 29.303 ], [ 78.719, 29.304 ], [ 78.719, 29.304 ], [ 78.719, 29.305 ], [ 78.719, 29.305 ], [ 78.719, 29.305 ], [ 78.719, 29.305 ], [ 78.719, 29.305 ], [ 78.719, 29.306 ], [ 78.719, 29.306 ], [ 78.719, 29.306 ], [ 78.719, 29.307 ], [ 78.719, 29.307 ], [ 78.719, 29.307 ], [ 78.72, 29.307 ], [ 78.72, 29.307 ], [ 78.72, 29.307 ], [ 78.72, 29.306 ], [ 78.721, 29.306 ], [ 78.721, 29.305 ], [ 78.721, 29.305 ], [ 78.721, 29.304 ], [ 78.722, 29.304 ], [ 78.722, 29.304 ], [ 78.722, 29.304 ], [ 78.723, 29.304 ], [ 78.723, 29.303 ], [ 78.725, 29.304 ], [ 78.726, 29.304 ], [ 78.726, 29.305 ], [ 78.727, 29.306 ], [ 78.729, 29.304 ], [ 78.729, 29.304 ], [ 78.731, 29.304 ], [ 78.732, 29.303 ], [ 78.733, 29.303 ], [ 78.734, 29.303 ], [ 78.734, 29.303 ], [ 78.735, 29.303 ], [ 78.735, 29.304 ], [ 78.735, 29.305 ], [ 78.735, 29.305 ], [ 78.735, 29.306 ], [ 78.735, 29.307 ], [ 78.734, 29.307 ], [ 78.734, 29.307 ], [ 78.734, 29.308 ], [ 78.733, 29.308 ], [ 78.733, 29.309 ], [ 78.733, 29.31 ], [ 78.733, 29.311 ], [ 78.732, 29.312 ], [ 78.732, 29.312 ], [ 78.732, 29.312 ], [ 78.732, 29.313 ], [ 78.732, 29.313 ], [ 78.731, 29.313 ], [ 78.731, 29.314 ], [ 78.731, 29.314 ], [ 78.732, 29.314 ], [ 78.732, 29.314 ], [ 78.732, 29.315 ], [ 78.732, 29.315 ], [ 78.732, 29.315 ], [ 78.732, 29.315 ], [ 78.732, 29.316 ], [ 78.731, 29.316 ], [ 78.732, 29.316 ], [ 78.732, 29.317 ], [ 78.732, 29.317 ], [ 78.732, 29.317 ], [ 78.732, 29.318 ], [ 78.732, 29.318 ], [ 78.733, 29.318 ], [ 78.733, 29.318 ], [ 78.733, 29.318 ], [ 78.734, 29.317 ], [ 78.734, 29.317 ], [ 78.735, 29.317 ], [ 78.735, 29.318 ], [ 78.735, 29.318 ], [ 78.735, 29.318 ], [ 78.736, 29.318 ], [ 78.736, 29.319 ], [ 78.736, 29.319 ], [ 78.736, 29.319 ], [ 78.735, 29.319 ], [ 78.735, 29.32 ], [ 78.734, 29.32 ], [ 78.734, 29.32 ], [ 78.734, 29.32 ], [ 78.734, 29.321 ], [ 78.734, 29.321 ], [ 78.734, 29.321 ], [ 78.734, 29.322 ], [ 78.734, 29.322 ], [ 78.734, 29.322 ], [ 78.734, 29.322 ], [ 78.734, 29.322 ], [ 78.735, 29.322 ], [ 78.735, 29.321 ], [ 78.735, 29.321 ], [ 78.736, 29.321 ], [ 78.736, 29.321 ], [ 78.737, 29.321 ], [ 78.737, 29.321 ], [ 78.737, 29.321 ], [ 78.738, 29.321 ], [ 78.738, 29.32 ], [ 78.738, 29.32 ], [ 78.739, 29.321 ], [ 78.739, 29.321 ], [ 78.739, 29.321 ], [ 78.74, 29.32 ], [ 78.74, 29.32 ], [ 78.74, 29.32 ], [ 78.741, 29.32 ], [ 78.741, 29.32 ], [ 78.741, 29.32 ], [ 78.741, 29.32 ], [ 78.741, 29.319 ], [ 78.741, 29.319 ], [ 78.741, 29.318 ], [ 78.741, 29.318 ], [ 78.741, 29.317 ], [ 78.742, 29.317 ], [ 78.741, 29.317 ], [ 78.74, 29.317 ], [ 78.74, 29.317 ], [ 78.74, 29.316 ], [ 78.74, 29.316 ], [ 78.741, 29.316 ], [ 78.741, 29.316 ], [ 78.742, 29.316 ], [ 78.742, 29.316 ], [ 78.743, 29.316 ], [ 78.743, 29.316 ], [ 78.744, 29.317 ], [ 78.744, 29.317 ], [ 78.745, 29.317 ], [ 78.745, 29.318 ], [ 78.745, 29.318 ], [ 78.746, 29.318 ], [ 78.746, 29.318 ], [ 78.746, 29.318 ], [ 78.747, 29.317 ], [ 78.747, 29.317 ], [ 78.748, 29.318 ], [ 78.748, 29.317 ], [ 78.748, 29.317 ], [ 78.749, 29.317 ], [ 78.749, 29.317 ], [ 78.749, 29.317 ], [ 78.75, 29.317 ], [ 78.75, 29.317 ], [ 78.751, 29.318 ], [ 78.751, 29.318 ], [ 78.75, 29.318 ], [ 78.75, 29.319 ], [ 78.75, 29.319 ], [ 78.75, 29.319 ], [ 78.75, 29.319 ], [ 78.749, 29.32 ], [ 78.749, 29.32 ], [ 78.749, 29.322 ], [ 78.75, 29.323 ], [ 78.75, 29.324 ], [ 78.75, 29.324 ], [ 78.751, 29.324 ], [ 78.752, 29.325 ], [ 78.753, 29.326 ], [ 78.753, 29.326 ], [ 78.753, 29.327 ], [ 78.754, 29.327 ], [ 78.754, 29.328 ], [ 78.754, 29.328 ], [ 78.753, 29.329 ], [ 78.753, 29.329 ], [ 78.753, 29.329 ], [ 78.753, 29.329 ], [ 78.753, 29.33 ], [ 78.753, 29.33 ], [ 78.753, 29.33 ], [ 78.754, 29.331 ], [ 78.754, 29.331 ], [ 78.754, 29.331 ], [ 78.754, 29.331 ], [ 78.754, 29.331 ], [ 78.756, 29.332 ], [ 78.757, 29.332 ], [ 78.758, 29.332 ], [ 78.76, 29.333 ], [ 78.761, 29.333 ], [ 78.762, 29.333 ], [ 78.763, 29.334 ], [ 78.763, 29.334 ], [ 78.764, 29.335 ], [ 78.765, 29.336 ], [ 78.765, 29.336 ], [ 78.766, 29.337 ], [ 78.767, 29.337 ], [ 78.767, 29.337 ], [ 78.767, 29.337 ], [ 78.767, 29.336 ], [ 78.768, 29.336 ], [ 78.768, 29.336 ], [ 78.768, 29.335 ], [ 78.769, 29.335 ], [ 78.77, 29.335 ], [ 78.77, 29.334 ], [ 78.77, 29.334 ], [ 78.771, 29.333 ], [ 78.772, 29.334 ], [ 78.773, 29.333 ], [ 78.774, 29.332 ], [ 78.774, 29.332 ], [ 78.775, 29.331 ], [ 78.775, 29.33 ], [ 78.774, 29.329 ], [ 78.773, 29.328 ], [ 78.776, 29.327 ], [ 78.777, 29.326 ], [ 78.777, 29.326 ], [ 78.778, 29.326 ], [ 78.779, 29.327 ], [ 78.779, 29.326 ], [ 78.78, 29.326 ], [ 78.78, 29.326 ], [ 78.78, 29.325 ], [ 78.782, 29.326 ], [ 78.783, 29.326 ], [ 78.783, 29.327 ], [ 78.784, 29.327 ], [ 78.784, 29.327 ], [ 78.785, 29.327 ], [ 78.785, 29.327 ], [ 78.786, 29.327 ], [ 78.786, 29.327 ], [ 78.787, 29.326 ], [ 78.787, 29.326 ], [ 78.788, 29.327 ], [ 78.788, 29.328 ], [ 78.789, 29.329 ], [ 78.789, 29.329 ], [ 78.79, 29.33 ], [ 78.79, 29.33 ], [ 78.791, 29.331 ], [ 78.791, 29.331 ], [ 78.791, 29.33 ], [ 78.793, 29.329 ], [ 78.793, 29.328 ], [ 78.794, 29.328 ], [ 78.794, 29.328 ], [ 78.793, 29.327 ], [ 78.793, 29.327 ], [ 78.793, 29.327 ], [ 78.794, 29.326 ], [ 78.794, 29.326 ], [ 78.795, 29.326 ], [ 78.795, 29.325 ], [ 78.795, 29.324 ], [ 78.795, 29.324 ], [ 78.794, 29.324 ], [ 78.794, 29.323 ], [ 78.793, 29.322 ], [ 78.793, 29.321 ], [ 78.793, 29.321 ], [ 78.792, 29.321 ], [ 78.792, 29.32 ], [ 78.791, 29.319 ], [ 78.79, 29.318 ], [ 78.79, 29.318 ], [ 78.79, 29.317 ], [ 78.79, 29.317 ], [ 78.79, 29.317 ], [ 78.79, 29.317 ], [ 78.79, 29.316 ], [ 78.79, 29.316 ], [ 78.79, 29.316 ], [ 78.79, 29.315 ], [ 78.791, 29.315 ], [ 78.792, 29.314 ], [ 78.793, 29.314 ], [ 78.794, 29.313 ], [ 78.795, 29.312 ], [ 78.796, 29.312 ], [ 78.796, 29.313 ], [ 78.795, 29.314 ], [ 78.795, 29.315 ], [ 78.796, 29.315 ], [ 78.796, 29.316 ], [ 78.797, 29.317 ], [ 78.798, 29.319 ], [ 78.798, 29.319 ], [ 78.799, 29.319 ], [ 78.8, 29.32 ], [ 78.8, 29.319 ], [ 78.801, 29.319 ], [ 78.802, 29.319 ], [ 78.803, 29.319 ], [ 78.805, 29.319 ], [ 78.804, 29.32 ], [ 78.803, 29.322 ], [ 78.802, 29.323 ], [ 78.802, 29.324 ], [ 78.802, 29.325 ], [ 78.801, 29.325 ], [ 78.801, 29.326 ], [ 78.801, 29.326 ], [ 78.801, 29.326 ], [ 78.801, 29.327 ], [ 78.801, 29.327 ], [ 78.801, 29.327 ], [ 78.802, 29.328 ], [ 78.802, 29.328 ], [ 78.802, 29.327 ], [ 78.803, 29.327 ], [ 78.803, 29.328 ], [ 78.803, 29.328 ], [ 78.803, 29.328 ], [ 78.803, 29.329 ], [ 78.803, 29.329 ], [ 78.803, 29.329 ], [ 78.803, 29.329 ], [ 78.803, 29.33 ], [ 78.803, 29.33 ], [ 78.803, 29.33 ], [ 78.803, 29.33 ], [ 78.803, 29.331 ], [ 78.803, 29.331 ], [ 78.803, 29.331 ], [ 78.803, 29.331 ], [ 78.803, 29.332 ], [ 78.802, 29.332 ], [ 78.802, 29.332 ], [ 78.802, 29.333 ], [ 78.802, 29.333 ], [ 78.801, 29.333 ], [ 78.801, 29.333 ], [ 78.801, 29.334 ], [ 78.801, 29.334 ], [ 78.8, 29.335 ], [ 78.8, 29.335 ], [ 78.8, 29.335 ], [ 78.801, 29.336 ], [ 78.803, 29.337 ], [ 78.803, 29.337 ], [ 78.805, 29.337 ], [ 78.807, 29.338 ], [ 78.808, 29.338 ], [ 78.809, 29.339 ], [ 78.81, 29.339 ], [ 78.811, 29.34 ], [ 78.811, 29.341 ], [ 78.812, 29.342 ], [ 78.813, 29.344 ], [ 78.813, 29.345 ], [ 78.814, 29.346 ], [ 78.815, 29.347 ], [ 78.815, 29.348 ], [ 78.816, 29.349 ], [ 78.816, 29.35 ], [ 78.818, 29.352 ], [ 78.818, 29.352 ], [ 78.818, 29.352 ], [ 78.819, 29.354 ], [ 78.82, 29.355 ], [ 78.821, 29.357 ], [ 78.822, 29.359 ], [ 78.822, 29.359 ], [ 78.822, 29.359 ], [ 78.822, 29.36 ], [ 78.822, 29.36 ], [ 78.822, 29.361 ], [ 78.822, 29.361 ], [ 78.822, 29.362 ], [ 78.823, 29.362 ], [ 78.823, 29.363 ], [ 78.823, 29.363 ], [ 78.823, 29.364 ], [ 78.823, 29.365 ], [ 78.824, 29.365 ], [ 78.824, 29.366 ], [ 78.824, 29.366 ], [ 78.825, 29.367 ], [ 78.825, 29.368 ], [ 78.826, 29.368 ], [ 78.826, 29.368 ], [ 78.827, 29.368 ], [ 78.828, 29.368 ], [ 78.828, 29.368 ], [ 78.829, 29.368 ], [ 78.829, 29.368 ], [ 78.83, 29.368 ], [ 78.83, 29.368 ], [ 78.83, 29.368 ], [ 78.829, 29.367 ], [ 78.828, 29.367 ], [ 78.827, 29.367 ], [ 78.826, 29.366 ], [ 78.826, 29.366 ], [ 78.826, 29.365 ], [ 78.827, 29.365 ], [ 78.827, 29.364 ], [ 78.828, 29.364 ], [ 78.828, 29.363 ], [ 78.827, 29.363 ], [ 78.827, 29.362 ], [ 78.826, 29.362 ], [ 78.826, 29.362 ], [ 78.826, 29.361 ], [ 78.827, 29.361 ], [ 78.827, 29.361 ], [ 78.827, 29.361 ], [ 78.828, 29.36 ], [ 78.828, 29.36 ], [ 78.828, 29.36 ], [ 78.828, 29.359 ], [ 78.828, 29.358 ], [ 78.828, 29.358 ], [ 78.828, 29.357 ], [ 78.828, 29.356 ], [ 78.828, 29.356 ], [ 78.827, 29.355 ], [ 78.827, 29.355 ], [ 78.827, 29.354 ], [ 78.828, 29.354 ], [ 78.829, 29.354 ], [ 78.829, 29.353 ], [ 78.831, 29.351 ], [ 78.832, 29.351 ], [ 78.834, 29.351 ], [ 78.835, 29.351 ], [ 78.836, 29.35 ], [ 78.838, 29.349 ], [ 78.839, 29.348 ], [ 78.84, 29.347 ], [ 78.84, 29.346 ], [ 78.844, 29.345 ], [ 78.846, 29.344 ], [ 78.846, 29.344 ], [ 78.848, 29.344 ], [ 78.849, 29.344 ], [ 78.85, 29.345 ], [ 78.852, 29.346 ], [ 78.853, 29.347 ], [ 78.854, 29.348 ], [ 78.854, 29.349 ], [ 78.855, 29.35 ], [ 78.855, 29.35 ], [ 78.856, 29.35 ], [ 78.856, 29.35 ], [ 78.856, 29.35 ], [ 78.856, 29.35 ], [ 78.855, 29.35 ], [ 78.854, 29.351 ], [ 78.854, 29.351 ], [ 78.853, 29.352 ], [ 78.853, 29.353 ], [ 78.852, 29.354 ], [ 78.852, 29.354 ], [ 78.851, 29.355 ], [ 78.851, 29.356 ], [ 78.851, 29.356 ], [ 78.851, 29.357 ], [ 78.851, 29.358 ], [ 78.851, 29.358 ], [ 78.852, 29.36 ], [ 78.852, 29.36 ], [ 78.852, 29.361 ], [ 78.853, 29.36 ], [ 78.854, 29.36 ], [ 78.855, 29.36 ], [ 78.856, 29.359 ], [ 78.856, 29.359 ], [ 78.857, 29.359 ], [ 78.858, 29.358 ], [ 78.86, 29.358 ], [ 78.861, 29.358 ], [ 78.862, 29.359 ], [ 78.863, 29.359 ], [ 78.864, 29.36 ], [ 78.865, 29.361 ], [ 78.866, 29.361 ], [ 78.867, 29.361 ], [ 78.869, 29.361 ], [ 78.87, 29.362 ], [ 78.872, 29.362 ], [ 78.874, 29.363 ], [ 78.874, 29.364 ], [ 78.875, 29.364 ], [ 78.876, 29.364 ], [ 78.876, 29.365 ], [ 78.877, 29.365 ], [ 78.878, 29.366 ], [ 78.879, 29.366 ], [ 78.879, 29.366 ], [ 78.879, 29.367 ], [ 78.88, 29.368 ], [ 78.88, 29.368 ], [ 78.88, 29.369 ], [ 78.88, 29.369 ], [ 78.879, 29.37 ], [ 78.878, 29.37 ], [ 78.877, 29.37 ], [ 78.877, 29.37 ], [ 78.876, 29.37 ], [ 78.876, 29.371 ], [ 78.876, 29.372 ], [ 78.876, 29.373 ], [ 78.876, 29.373 ], [ 78.877, 29.374 ], [ 78.877, 29.374 ], [ 78.878, 29.375 ], [ 78.878, 29.375 ], [ 78.878, 29.375 ], [ 78.879, 29.375 ], [ 78.879, 29.375 ], [ 78.88, 29.375 ], [ 78.881, 29.375 ], [ 78.881, 29.375 ], [ 78.881, 29.375 ], [ 78.881, 29.375 ], [ 78.881, 29.375 ], [ 78.881, 29.375 ], [ 78.882, 29.375 ], [ 78.882, 29.375 ], [ 78.882, 29.375 ], [ 78.883, 29.374 ], [ 78.884, 29.374 ], [ 78.885, 29.374 ], [ 78.886, 29.373 ], [ 78.887, 29.373 ], [ 78.887, 29.373 ], [ 78.887, 29.373 ], [ 78.888, 29.374 ], [ 78.889, 29.375 ], [ 78.889, 29.375 ], [ 78.889, 29.375 ], [ 78.889, 29.375 ], [ 78.889, 29.376 ], [ 78.89, 29.377 ], [ 78.89, 29.378 ], [ 78.89, 29.378 ], [ 78.891, 29.379 ], [ 78.891, 29.379 ], [ 78.892, 29.38 ], [ 78.892, 29.38 ], [ 78.892, 29.381 ], [ 78.892, 29.381 ], [ 78.893, 29.381 ], [ 78.893, 29.381 ], [ 78.893, 29.382 ], [ 78.894, 29.382 ], [ 78.894, 29.382 ], [ 78.894, 29.382 ], [ 78.895, 29.382 ], [ 78.896, 29.382 ], [ 78.896, 29.383 ], [ 78.897, 29.383 ], [ 78.898, 29.383 ], [ 78.899, 29.383 ], [ 78.9, 29.384 ], [ 78.9, 29.384 ], [ 78.901, 29.384 ], [ 78.902, 29.385 ], [ 78.902, 29.385 ], [ 78.903, 29.385 ], [ 78.903, 29.386 ], [ 78.903, 29.386 ], [ 78.903, 29.387 ], [ 78.904, 29.388 ], [ 78.904, 29.388 ], [ 78.905, 29.389 ], [ 78.905, 29.39 ], [ 78.905, 29.39 ], [ 78.906, 29.39 ], [ 78.906, 29.39 ], [ 78.907, 29.39 ], [ 78.908, 29.391 ], [ 78.908, 29.391 ], [ 78.908, 29.392 ], [ 78.909, 29.392 ], [ 78.909, 29.392 ], [ 78.91, 29.393 ], [ 78.911, 29.393 ], [ 78.911, 29.393 ], [ 78.911, 29.393 ], [ 78.912, 29.394 ], [ 78.912, 29.394 ], [ 78.912, 29.395 ], [ 78.912, 29.395 ], [ 78.912, 29.396 ], [ 78.912, 29.396 ], [ 78.911, 29.397 ], [ 78.911, 29.398 ], [ 78.911, 29.399 ], [ 78.911, 29.4 ], [ 78.912, 29.4 ], [ 78.913, 29.401 ], [ 78.913, 29.402 ], [ 78.914, 29.402 ], [ 78.915, 29.402 ], [ 78.915, 29.402 ], [ 78.916, 29.403 ], [ 78.917, 29.403 ], [ 78.918, 29.403 ], [ 78.918, 29.404 ], [ 78.918, 29.405 ], [ 78.919, 29.406 ], [ 78.919, 29.408 ], [ 78.919, 29.408 ], [ 78.919, 29.409 ], [ 78.919, 29.41 ], [ 78.919, 29.41 ], [ 78.919, 29.411 ], [ 78.92, 29.412 ], [ 78.921, 29.413 ], [ 78.921, 29.413 ], [ 78.922, 29.414 ], [ 78.921, 29.414 ], [ 78.921, 29.415 ], [ 78.922, 29.416 ], [ 78.922, 29.417 ], [ 78.922, 29.417 ], [ 78.923, 29.418 ], [ 78.923, 29.418 ], [ 78.924, 29.419 ], [ 78.924, 29.42 ], [ 78.924, 29.42 ], [ 78.924, 29.421 ], [ 78.925, 29.422 ], [ 78.925, 29.423 ], [ 78.925, 29.424 ], [ 78.925, 29.424 ], [ 78.925, 29.425 ], [ 78.925, 29.426 ], [ 78.926, 29.426 ], [ 78.926, 29.426 ], [ 78.926, 29.427 ], [ 78.927, 29.427 ], [ 78.928, 29.427 ], [ 78.928, 29.428 ], [ 78.929, 29.428 ], [ 78.929, 29.428 ], [ 78.929, 29.429 ], [ 78.93, 29.429 ], [ 78.931, 29.43 ], [ 78.931, 29.43 ], [ 78.932, 29.43 ], [ 78.932, 29.431 ], [ 78.933, 29.431 ], [ 78.934, 29.431 ], [ 78.934, 29.431 ], [ 78.935, 29.431 ], [ 78.935, 29.431 ], [ 78.935, 29.432 ], [ 78.936, 29.432 ], [ 78.936, 29.433 ], [ 78.936, 29.433 ], [ 78.937, 29.433 ], [ 78.938, 29.434 ], [ 78.939, 29.434 ], [ 78.94, 29.435 ], [ 78.94, 29.435 ], [ 78.941, 29.435 ], [ 78.941, 29.435 ], [ 78.942, 29.434 ], [ 78.942, 29.434 ], [ 78.942, 29.434 ], [ 78.943, 29.435 ], [ 78.943, 29.435 ], [ 78.942, 29.435 ], [ 78.94, 29.435 ], [ 78.94, 29.436 ], [ 78.94, 29.437 ], [ 78.94, 29.438 ], [ 78.941, 29.438 ], [ 78.942, 29.439 ], [ 78.942, 29.439 ], [ 78.942, 29.439 ], [ 78.941, 29.439 ], [ 78.94, 29.438 ], [ 78.939, 29.438 ], [ 78.938, 29.438 ], [ 78.937, 29.438 ], [ 78.937, 29.438 ], [ 78.936, 29.438 ], [ 78.936, 29.438 ], [ 78.935, 29.438 ], [ 78.935, 29.437 ], [ 78.934, 29.437 ], [ 78.934, 29.437 ], [ 78.933, 29.437 ], [ 78.933, 29.437 ], [ 78.932, 29.436 ], [ 78.93, 29.436 ], [ 78.929, 29.436 ], [ 78.928, 29.435 ], [ 78.927, 29.435 ], [ 78.926, 29.434 ], [ 78.925, 29.434 ], [ 78.925, 29.434 ], [ 78.924, 29.434 ], [ 78.924, 29.434 ], [ 78.923, 29.434 ], [ 78.922, 29.434 ], [ 78.921, 29.434 ], [ 78.921, 29.434 ], [ 78.921, 29.434 ], [ 78.921, 29.434 ], [ 78.92, 29.434 ], [ 78.919, 29.434 ], [ 78.919, 29.434 ], [ 78.918, 29.435 ], [ 78.917, 29.435 ], [ 78.917, 29.435 ], [ 78.917, 29.435 ], [ 78.917, 29.436 ], [ 78.916, 29.436 ], [ 78.915, 29.437 ], [ 78.914, 29.437 ], [ 78.913, 29.437 ], [ 78.911, 29.437 ], [ 78.911, 29.437 ], [ 78.91, 29.437 ], [ 78.91, 29.437 ], [ 78.909, 29.437 ], [ 78.908, 29.438 ], [ 78.907, 29.438 ], [ 78.905, 29.438 ], [ 78.904, 29.439 ], [ 78.903, 29.439 ], [ 78.902, 29.44 ], [ 78.901, 29.441 ], [ 78.9, 29.441 ], [ 78.9, 29.442 ], [ 78.898, 29.442 ], [ 78.897, 29.442 ], [ 78.896, 29.442 ], [ 78.895, 29.442 ], [ 78.893, 29.442 ], [ 78.892, 29.442 ], [ 78.891, 29.442 ], [ 78.891, 29.442 ], [ 78.89, 29.442 ], [ 78.889, 29.442 ], [ 78.888, 29.442 ], [ 78.887, 29.443 ], [ 78.885, 29.443 ], [ 78.883, 29.443 ], [ 78.882, 29.443 ], [ 78.881, 29.443 ], [ 78.88, 29.444 ], [ 78.879, 29.444 ], [ 78.879, 29.444 ], [ 78.878, 29.444 ], [ 78.876, 29.445 ], [ 78.874, 29.446 ], [ 78.874, 29.446 ], [ 78.873, 29.446 ], [ 78.872, 29.447 ], [ 78.87, 29.447 ], [ 78.869, 29.448 ], [ 78.868, 29.448 ], [ 78.868, 29.448 ], [ 78.867, 29.448 ], [ 78.867, 29.448 ], [ 78.866, 29.448 ], [ 78.866, 29.448 ], [ 78.866, 29.449 ], [ 78.866, 29.449 ], [ 78.865, 29.449 ], [ 78.865, 29.449 ], [ 78.865, 29.449 ], [ 78.865, 29.449 ], [ 78.864, 29.45 ], [ 78.864, 29.45 ], [ 78.863, 29.45 ], [ 78.859, 29.451 ], [ 78.858, 29.452 ], [ 78.858, 29.452 ], [ 78.857, 29.452 ], [ 78.855, 29.452 ], [ 78.853, 29.453 ], [ 78.853, 29.453 ], [ 78.852, 29.453 ], [ 78.851, 29.454 ], [ 78.85, 29.454 ], [ 78.849, 29.455 ], [ 78.847, 29.455 ], [ 78.846, 29.456 ], [ 78.845, 29.456 ], [ 78.844, 29.456 ], [ 78.843, 29.456 ], [ 78.843, 29.456 ], [ 78.842, 29.456 ], [ 78.842, 29.457 ], [ 78.841, 29.457 ], [ 78.84, 29.457 ], [ 78.84, 29.457 ], [ 78.84, 29.457 ], [ 78.839, 29.458 ], [ 78.838, 29.458 ], [ 78.838, 29.458 ], [ 78.837, 29.458 ], [ 78.837, 29.458 ], [ 78.836, 29.458 ], [ 78.835, 29.458 ], [ 78.834, 29.458 ], [ 78.832, 29.458 ], [ 78.83, 29.458 ], [ 78.83, 29.458 ], [ 78.829, 29.458 ], [ 78.829, 29.458 ], [ 78.827, 29.459 ], [ 78.826, 29.459 ], [ 78.825, 29.459 ], [ 78.824, 29.46 ], [ 78.823, 29.46 ], [ 78.822, 29.46 ], [ 78.821, 29.46 ], [ 78.821, 29.46 ], [ 78.82, 29.461 ], [ 78.82, 29.461 ], [ 78.82, 29.461 ], [ 78.819, 29.462 ], [ 78.819, 29.462 ], [ 78.818, 29.463 ], [ 78.818, 29.463 ], [ 78.817, 29.463 ], [ 78.816, 29.464 ], [ 78.815, 29.464 ], [ 78.814, 29.464 ], [ 78.813, 29.465 ], [ 78.812, 29.465 ], [ 78.811, 29.466 ], [ 78.811, 29.466 ], [ 78.81, 29.466 ], [ 78.81, 29.466 ], [ 78.809, 29.466 ], [ 78.808, 29.466 ], [ 78.807, 29.466 ], [ 78.805, 29.465 ], [ 78.803, 29.465 ], [ 78.802, 29.465 ], [ 78.8, 29.465 ], [ 78.8, 29.465 ], [ 78.8, 29.465 ], [ 78.799, 29.465 ], [ 78.799, 29.465 ], [ 78.797, 29.466 ], [ 78.795, 29.467 ], [ 78.792, 29.469 ], [ 78.79, 29.47 ], [ 78.788, 29.471 ], [ 78.787, 29.472 ], [ 78.786, 29.473 ], [ 78.783, 29.474 ], [ 78.781, 29.475 ], [ 78.779, 29.476 ], [ 78.778, 29.477 ], [ 78.777, 29.478 ], [ 78.776, 29.478 ], [ 78.775, 29.479 ], [ 78.774, 29.48 ], [ 78.772, 29.481 ], [ 78.77, 29.482 ], [ 78.768, 29.484 ], [ 78.767, 29.485 ], [ 78.765, 29.486 ], [ 78.764, 29.487 ], [ 78.764, 29.487 ], [ 78.764, 29.488 ], [ 78.763, 29.488 ], [ 78.763, 29.488 ], [ 78.763, 29.488 ], [ 78.762, 29.489 ], [ 78.761, 29.489 ], [ 78.76, 29.49 ], [ 78.76, 29.49 ], [ 78.759, 29.491 ], [ 78.759, 29.491 ], [ 78.758, 29.491 ], [ 78.758, 29.492 ], [ 78.758, 29.492 ], [ 78.759, 29.492 ], [ 78.758, 29.492 ], [ 78.758, 29.493 ], [ 78.758, 29.493 ], [ 78.757, 29.494 ], [ 78.757, 29.495 ], [ 78.756, 29.495 ], [ 78.755, 29.496 ], [ 78.754, 29.496 ], [ 78.754, 29.496 ], [ 78.753, 29.496 ], [ 78.753, 29.496 ], [ 78.752, 29.496 ], [ 78.751, 29.496 ], [ 78.75, 29.496 ], [ 78.749, 29.496 ], [ 78.749, 29.496 ], [ 78.746, 29.5 ], [ 78.745, 29.501 ], [ 78.743, 29.501 ], [ 78.741, 29.501 ], [ 78.74, 29.501 ], [ 78.739, 29.5 ], [ 78.738, 29.5 ], [ 78.737, 29.501 ], [ 78.735, 29.501 ], [ 78.733, 29.502 ], [ 78.733, 29.502 ], [ 78.732, 29.502 ], [ 78.732, 29.501 ], [ 78.731, 29.5 ], [ 78.729, 29.501 ], [ 78.728, 29.501 ], [ 78.725, 29.501 ], [ 78.723, 29.502 ], [ 78.722, 29.502 ], [ 78.721, 29.502 ], [ 78.72, 29.502 ], [ 78.72, 29.502 ], [ 78.719, 29.502 ], [ 78.718, 29.501 ], [ 78.717, 29.501 ], [ 78.715, 29.5 ], [ 78.714, 29.501 ], [ 78.714, 29.501 ], [ 78.712, 29.501 ], [ 78.712, 29.5 ], [ 78.711, 29.5 ], [ 78.711, 29.5 ], [ 78.71, 29.501 ], [ 78.709, 29.501 ], [ 78.709, 29.501 ], [ 78.708, 29.502 ], [ 78.707, 29.502 ], [ 78.706, 29.503 ], [ 78.705, 29.504 ], [ 78.703, 29.505 ], [ 78.702, 29.505 ], [ 78.7, 29.506 ], [ 78.7, 29.506 ], [ 78.699, 29.507 ], [ 78.698, 29.508 ], [ 78.695, 29.511 ], [ 78.693, 29.512 ], [ 78.691, 29.514 ], [ 78.689, 29.515 ], [ 78.686, 29.518 ], [ 78.682, 29.521 ], [ 78.678, 29.524 ], [ 78.676, 29.527 ], [ 78.676, 29.527 ], [ 78.671, 29.53 ], [ 78.669, 29.532 ], [ 78.669, 29.532 ], [ 78.667, 29.534 ], [ 78.665, 29.535 ], [ 78.664, 29.536 ], [ 78.661, 29.537 ], [ 78.66, 29.539 ], [ 78.658, 29.54 ], [ 78.655, 29.543 ], [ 78.653, 29.544 ], [ 78.653, 29.545 ], [ 78.65, 29.546 ], [ 78.65, 29.546 ], [ 78.65, 29.546 ], [ 78.649, 29.547 ], [ 78.648, 29.547 ], [ 78.647, 29.547 ], [ 78.646, 29.547 ], [ 78.645, 29.547 ], [ 78.644, 29.547 ], [ 78.643, 29.547 ], [ 78.642, 29.547 ], [ 78.641, 29.547 ], [ 78.64, 29.547 ], [ 78.639, 29.547 ], [ 78.639, 29.547 ], [ 78.637, 29.548 ], [ 78.636, 29.549 ], [ 78.635, 29.549 ], [ 78.633, 29.551 ], [ 78.629, 29.553 ], [ 78.627, 29.554 ], [ 78.626, 29.555 ], [ 78.625, 29.556 ], [ 78.624, 29.557 ], [ 78.624, 29.557 ], [ 78.622, 29.557 ], [ 78.621, 29.557 ], [ 78.619, 29.557 ], [ 78.618, 29.558 ], [ 78.617, 29.559 ], [ 78.616, 29.559 ], [ 78.614, 29.561 ], [ 78.614, 29.561 ], [ 78.612, 29.562 ], [ 78.612, 29.562 ], [ 78.612, 29.563 ], [ 78.61, 29.564 ], [ 78.609, 29.564 ], [ 78.608, 29.566 ], [ 78.607, 29.566 ], [ 78.606, 29.567 ], [ 78.604, 29.569 ], [ 78.603, 29.57 ], [ 78.602, 29.57 ], [ 78.601, 29.571 ], [ 78.6, 29.572 ], [ 78.599, 29.572 ], [ 78.597, 29.574 ], [ 78.597, 29.575 ], [ 78.595, 29.576 ], [ 78.594, 29.577 ], [ 78.592, 29.578 ], [ 78.592, 29.578 ], [ 78.59, 29.579 ], [ 78.59, 29.579 ], [ 78.589, 29.58 ], [ 78.588, 29.581 ], [ 78.587, 29.582 ], [ 78.587, 29.582 ], [ 78.586, 29.582 ], [ 78.584, 29.584 ], [ 78.584, 29.584 ], [ 78.582, 29.585 ], [ 78.581, 29.586 ], [ 78.58, 29.586 ], [ 78.58, 29.587 ], [ 78.578, 29.588 ], [ 78.578, 29.59 ], [ 78.577, 29.59 ], [ 78.576, 29.591 ], [ 78.576, 29.592 ], [ 78.575, 29.592 ], [ 78.574, 29.593 ], [ 78.573, 29.594 ], [ 78.572, 29.595 ], [ 78.571, 29.595 ], [ 78.57, 29.596 ], [ 78.569, 29.597 ], [ 78.568, 29.599 ], [ 78.567, 29.599 ], [ 78.566, 29.6 ], [ 78.565, 29.601 ], [ 78.564, 29.602 ], [ 78.564, 29.603 ], [ 78.563, 29.604 ], [ 78.562, 29.605 ], [ 78.561, 29.605 ], [ 78.561, 29.606 ], [ 78.56, 29.607 ], [ 78.559, 29.608 ], [ 78.558, 29.609 ], [ 78.557, 29.611 ], [ 78.556, 29.613 ], [ 78.554, 29.614 ], [ 78.554, 29.615 ], [ 78.553, 29.616 ], [ 78.552, 29.617 ], [ 78.551, 29.618 ], [ 78.55, 29.618 ], [ 78.55, 29.62 ], [ 78.549, 29.62 ], [ 78.548, 29.621 ], [ 78.548, 29.622 ], [ 78.546, 29.623 ], [ 78.546, 29.624 ], [ 78.545, 29.625 ], [ 78.544, 29.626 ], [ 78.542, 29.626 ], [ 78.541, 29.627 ], [ 78.54, 29.629 ], [ 78.539, 29.631 ], [ 78.536, 29.635 ], [ 78.533, 29.639 ], [ 78.532, 29.64 ], [ 78.531, 29.641 ], [ 78.53, 29.643 ], [ 78.529, 29.645 ], [ 78.528, 29.648 ], [ 78.524, 29.654 ], [ 78.522, 29.656 ], [ 78.522, 29.658 ], [ 78.521, 29.658 ], [ 78.522, 29.659 ], [ 78.522, 29.66 ], [ 78.522, 29.661 ], [ 78.522, 29.662 ], [ 78.522, 29.665 ], [ 78.522, 29.669 ], [ 78.522, 29.673 ], [ 78.522, 29.674 ], [ 78.522, 29.675 ], [ 78.522, 29.677 ], [ 78.522, 29.68 ], [ 78.521, 29.681 ], [ 78.521, 29.681 ], [ 78.521, 29.684 ], [ 78.521, 29.686 ], [ 78.521, 29.689 ], [ 78.521, 29.69 ], [ 78.521, 29.691 ], [ 78.521, 29.693 ], [ 78.521, 29.693 ], [ 78.521, 29.694 ], [ 78.521, 29.694 ], [ 78.521, 29.695 ], [ 78.521, 29.697 ], [ 78.521, 29.698 ], [ 78.52, 29.699 ], [ 78.52, 29.7 ], [ 78.519, 29.701 ], [ 78.519, 29.702 ], [ 78.518, 29.703 ], [ 78.518, 29.706 ], [ 78.518, 29.706 ], [ 78.518, 29.707 ], [ 78.518, 29.71 ], [ 78.517, 29.712 ], [ 78.517, 29.715 ], [ 78.517, 29.716 ], [ 78.517, 29.718 ], [ 78.517, 29.719 ], [ 78.516, 29.72 ], [ 78.515, 29.721 ], [ 78.514, 29.723 ], [ 78.514, 29.723 ], [ 78.513, 29.724 ], [ 78.513, 29.724 ], [ 78.511, 29.726 ], [ 78.51, 29.727 ], [ 78.509, 29.728 ], [ 78.507, 29.729 ], [ 78.507, 29.729 ], [ 78.507, 29.729 ], [ 78.504, 29.731 ], [ 78.501, 29.733 ], [ 78.499, 29.734 ], [ 78.497, 29.734 ], [ 78.496, 29.735 ], [ 78.495, 29.735 ], [ 78.495, 29.735 ], [ 78.495, 29.735 ], [ 78.495, 29.736 ], [ 78.494, 29.736 ], [ 78.493, 29.736 ], [ 78.492, 29.737 ], [ 78.491, 29.737 ], [ 78.491, 29.737 ], [ 78.491, 29.737 ], [ 78.49, 29.738 ], [ 78.489, 29.738 ], [ 78.488, 29.738 ], [ 78.488, 29.738 ], [ 78.487, 29.738 ], [ 78.487, 29.738 ], [ 78.487, 29.739 ], [ 78.486, 29.739 ], [ 78.485, 29.739 ], [ 78.484, 29.739 ], [ 78.484, 29.739 ], [ 78.483, 29.739 ], [ 78.483, 29.739 ], [ 78.482, 29.739 ], [ 78.482, 29.739 ], [ 78.481, 29.739 ], [ 78.481, 29.739 ], [ 78.48, 29.739 ], [ 78.48, 29.739 ], [ 78.48, 29.739 ], [ 78.479, 29.739 ], [ 78.479, 29.739 ], [ 78.478, 29.739 ], [ 78.478, 29.739 ], [ 78.477, 29.739 ], [ 78.477, 29.739 ], [ 78.476, 29.74 ], [ 78.475, 29.74 ], [ 78.475, 29.74 ], [ 78.474, 29.74 ], [ 78.474, 29.74 ], [ 78.473, 29.74 ], [ 78.467, 29.742 ], [ 78.466, 29.742 ], [ 78.465, 29.742 ], [ 78.462, 29.743 ], [ 78.462, 29.743 ], [ 78.459, 29.744 ], [ 78.459, 29.744 ], [ 78.456, 29.745 ], [ 78.454, 29.746 ], [ 78.453, 29.747 ], [ 78.451, 29.747 ], [ 78.45, 29.748 ], [ 78.45, 29.748 ], [ 78.449, 29.749 ], [ 78.448, 29.749 ], [ 78.448, 29.749 ], [ 78.446, 29.75 ], [ 78.446, 29.75 ], [ 78.445, 29.75 ], [ 78.443, 29.752 ], [ 78.437, 29.757 ], [ 78.433, 29.76 ], [ 78.431, 29.763 ], [ 78.429, 29.764 ], [ 78.427, 29.765 ], [ 78.424, 29.764 ], [ 78.423, 29.764 ], [ 78.42, 29.763 ], [ 78.413, 29.763 ], [ 78.409, 29.763 ], [ 78.408, 29.764 ], [ 78.404, 29.764 ], [ 78.402, 29.765 ], [ 78.401, 29.765 ], [ 78.396, 29.766 ], [ 78.393, 29.767 ], [ 78.391, 29.768 ], [ 78.377, 29.774 ], [ 78.374, 29.776 ], [ 78.373, 29.777 ], [ 78.37, 29.778 ], [ 78.367, 29.78 ], [ 78.364, 29.781 ], [ 78.361, 29.783 ], [ 78.359, 29.784 ], [ 78.357, 29.785 ], [ 78.355, 29.786 ], [ 78.354, 29.786 ], [ 78.353, 29.787 ], [ 78.352, 29.788 ], [ 78.349, 29.788 ], [ 78.347, 29.79 ], [ 78.346, 29.79 ], [ 78.343, 29.792 ], [ 78.342, 29.793 ], [ 78.34, 29.794 ], [ 78.338, 29.796 ], [ 78.336, 29.796 ], [ 78.336, 29.797 ], [ 78.335, 29.796 ], [ 78.334, 29.796 ], [ 78.334, 29.795 ], [ 78.334, 29.794 ], [ 78.334, 29.793 ], [ 78.333, 29.793 ], [ 78.333, 29.793 ], [ 78.332, 29.793 ], [ 78.332, 29.793 ], [ 78.331, 29.793 ], [ 78.331, 29.793 ], [ 78.33, 29.792 ], [ 78.33, 29.792 ], [ 78.329, 29.792 ], [ 78.328, 29.792 ], [ 78.327, 29.792 ], [ 78.326, 29.791 ], [ 78.326, 29.79 ], [ 78.325, 29.79 ], [ 78.324, 29.79 ], [ 78.324, 29.789 ], [ 78.323, 29.788 ], [ 78.322, 29.787 ], [ 78.322, 29.786 ], [ 78.321, 29.786 ], [ 78.32, 29.785 ], [ 78.319, 29.785 ], [ 78.319, 29.784 ], [ 78.318, 29.783 ], [ 78.318, 29.783 ], [ 78.318, 29.783 ], [ 78.317, 29.783 ], [ 78.317, 29.783 ], [ 78.316, 29.783 ], [ 78.316, 29.783 ], [ 78.316, 29.782 ], [ 78.315, 29.782 ], [ 78.313, 29.781 ], [ 78.313, 29.781 ], [ 78.313, 29.781 ], [ 78.313, 29.78 ], [ 78.313, 29.78 ], [ 78.313, 29.779 ], [ 78.312, 29.779 ], [ 78.312, 29.78 ], [ 78.312, 29.78 ], [ 78.311, 29.78 ], [ 78.311, 29.78 ], [ 78.31, 29.78 ], [ 78.31, 29.78 ], [ 78.31, 29.78 ], [ 78.309, 29.779 ], [ 78.309, 29.779 ], [ 78.309, 29.778 ], [ 78.308, 29.778 ], [ 78.308, 29.777 ], [ 78.307, 29.776 ], [ 78.307, 29.776 ], [ 78.306, 29.775 ], [ 78.306, 29.775 ], [ 78.306, 29.775 ], [ 78.305, 29.775 ], [ 78.305, 29.775 ], [ 78.304, 29.775 ], [ 78.304, 29.775 ], [ 78.303, 29.774 ], [ 78.303, 29.773 ], [ 78.303, 29.773 ], [ 78.303, 29.773 ], [ 78.302, 29.772 ], [ 78.302, 29.772 ], [ 78.301, 29.772 ], [ 78.301, 29.771 ], [ 78.301, 29.771 ], [ 78.3, 29.771 ], [ 78.301, 29.77 ], [ 78.301, 29.769 ], [ 78.301, 29.769 ], [ 78.301, 29.768 ], [ 78.3, 29.768 ], [ 78.3, 29.767 ], [ 78.3, 29.767 ], [ 78.299, 29.767 ], [ 78.299, 29.767 ], [ 78.298, 29.766 ], [ 78.298, 29.766 ], [ 78.297, 29.766 ], [ 78.297, 29.765 ], [ 78.297, 29.765 ], [ 78.297, 29.764 ], [ 78.297, 29.764 ], [ 78.296, 29.764 ], [ 78.296, 29.763 ], [ 78.296, 29.762 ], [ 78.295, 29.762 ], [ 78.295, 29.761 ], [ 78.294, 29.76 ], [ 78.293, 29.76 ], [ 78.293, 29.759 ], [ 78.292, 29.759 ], [ 78.292, 29.759 ], [ 78.291, 29.759 ], [ 78.291, 29.759 ], [ 78.291, 29.759 ], [ 78.29, 29.759 ], [ 78.289, 29.76 ], [ 78.288, 29.761 ], [ 78.287, 29.761 ], [ 78.287, 29.762 ], [ 78.286, 29.762 ], [ 78.285, 29.762 ], [ 78.285, 29.762 ], [ 78.284, 29.761 ], [ 78.284, 29.761 ], [ 78.284, 29.76 ], [ 78.283, 29.759 ], [ 78.283, 29.758 ], [ 78.282, 29.758 ], [ 78.282, 29.757 ], [ 78.281, 29.756 ], [ 78.281, 29.756 ], [ 78.281, 29.756 ], [ 78.28, 29.755 ], [ 78.28, 29.755 ], [ 78.279, 29.754 ], [ 78.279, 29.754 ], [ 78.278, 29.753 ], [ 78.277, 29.753 ], [ 78.277, 29.753 ], [ 78.276, 29.752 ], [ 78.276, 29.752 ], [ 78.275, 29.752 ], [ 78.275, 29.752 ], [ 78.274, 29.752 ], [ 78.274, 29.751 ], [ 78.273, 29.751 ], [ 78.273, 29.75 ], [ 78.273, 29.75 ], [ 78.273, 29.75 ], [ 78.273, 29.749 ], [ 78.272, 29.749 ], [ 78.272, 29.749 ], [ 78.272, 29.749 ], [ 78.272, 29.749 ], [ 78.272, 29.748 ], [ 78.271, 29.748 ], [ 78.271, 29.748 ], [ 78.271, 29.748 ], [ 78.271, 29.748 ], [ 78.27, 29.748 ], [ 78.27, 29.748 ], [ 78.269, 29.747 ], [ 78.269, 29.747 ], [ 78.268, 29.746 ], [ 78.268, 29.746 ], [ 78.268, 29.746 ], [ 78.268, 29.745 ], [ 78.268, 29.745 ], [ 78.267, 29.745 ], [ 78.267, 29.744 ], [ 78.267, 29.744 ], [ 78.267, 29.744 ], [ 78.267, 29.744 ], [ 78.267, 29.743 ], [ 78.267, 29.743 ], [ 78.267, 29.743 ], [ 78.267, 29.743 ], [ 78.267, 29.743 ], [ 78.267, 29.743 ], [ 78.267, 29.743 ], [ 78.267, 29.743 ], [ 78.267, 29.743 ], [ 78.266, 29.743 ], [ 78.266, 29.743 ], [ 78.266, 29.743 ], [ 78.266, 29.743 ], [ 78.265, 29.743 ], [ 78.265, 29.743 ], [ 78.265, 29.743 ], [ 78.264, 29.743 ], [ 78.263, 29.744 ], [ 78.263, 29.744 ], [ 78.263, 29.744 ], [ 78.263, 29.744 ], [ 78.263, 29.744 ], [ 78.263, 29.744 ], [ 78.263, 29.744 ], [ 78.263, 29.744 ], [ 78.262, 29.744 ], [ 78.262, 29.744 ], [ 78.262, 29.744 ], [ 78.262, 29.743 ], [ 78.262, 29.743 ], [ 78.262, 29.743 ], [ 78.261, 29.743 ], [ 78.261, 29.742 ], [ 78.261, 29.741 ], [ 78.261, 29.741 ], [ 78.261, 29.74 ], [ 78.261, 29.74 ], [ 78.261, 29.74 ], [ 78.261, 29.739 ], [ 78.26, 29.739 ], [ 78.26, 29.739 ], [ 78.26, 29.738 ], [ 78.26, 29.738 ], [ 78.26, 29.738 ], [ 78.259, 29.738 ], [ 78.259, 29.738 ], [ 78.259, 29.738 ], [ 78.259, 29.738 ], [ 78.258, 29.738 ], [ 78.258, 29.738 ], [ 78.258, 29.738 ], [ 78.258, 29.738 ], [ 78.258, 29.738 ], [ 78.257, 29.738 ], [ 78.257, 29.738 ], [ 78.256, 29.738 ], [ 78.256, 29.738 ], [ 78.256, 29.738 ], [ 78.256, 29.738 ], [ 78.255, 29.738 ], [ 78.255, 29.738 ], [ 78.255, 29.738 ], [ 78.255, 29.738 ], [ 78.255, 29.738 ], [ 78.255, 29.738 ], [ 78.254, 29.737 ], [ 78.254, 29.737 ], [ 78.254, 29.737 ], [ 78.254, 29.737 ], [ 78.254, 29.737 ], [ 78.254, 29.737 ], [ 78.253, 29.736 ], [ 78.253, 29.736 ], [ 78.253, 29.735 ], [ 78.252, 29.735 ], [ 78.252, 29.735 ], [ 78.252, 29.735 ], [ 78.251, 29.735 ], [ 78.25, 29.734 ], [ 78.249, 29.734 ], [ 78.249, 29.734 ], [ 78.249, 29.734 ], [ 78.249, 29.734 ], [ 78.248, 29.734 ], [ 78.248, 29.734 ], [ 78.248, 29.734 ], [ 78.247, 29.734 ], [ 78.246, 29.735 ], [ 78.246, 29.735 ], [ 78.246, 29.735 ], [ 78.245, 29.736 ], [ 78.244, 29.737 ], [ 78.244, 29.737 ], [ 78.243, 29.738 ], [ 78.243, 29.739 ], [ 78.243, 29.739 ], [ 78.242, 29.74 ], [ 78.242, 29.74 ], [ 78.242, 29.741 ], [ 78.241, 29.741 ], [ 78.241, 29.741 ], [ 78.24, 29.741 ], [ 78.24, 29.741 ], [ 78.24, 29.741 ], [ 78.239, 29.741 ], [ 78.239, 29.741 ], [ 78.239, 29.741 ], [ 78.238, 29.741 ], [ 78.237, 29.741 ], [ 78.236, 29.74 ], [ 78.236, 29.74 ], [ 78.234, 29.739 ], [ 78.233, 29.739 ], [ 78.232, 29.738 ], [ 78.232, 29.737 ], [ 78.231, 29.737 ], [ 78.23, 29.737 ], [ 78.23, 29.737 ], [ 78.229, 29.737 ], [ 78.229, 29.737 ], [ 78.228, 29.737 ], [ 78.228, 29.737 ], [ 78.227, 29.737 ], [ 78.227, 29.737 ], [ 78.227, 29.738 ], [ 78.226, 29.738 ], [ 78.225, 29.739 ], [ 78.225, 29.74 ], [ 78.224, 29.74 ], [ 78.224, 29.74 ], [ 78.223, 29.74 ], [ 78.222, 29.741 ], [ 78.222, 29.741 ], [ 78.221, 29.741 ], [ 78.221, 29.741 ], [ 78.22, 29.74 ], [ 78.22, 29.74 ], [ 78.219, 29.74 ], [ 78.219, 29.74 ], [ 78.218, 29.74 ], [ 78.217, 29.74 ], [ 78.217, 29.74 ], [ 78.216, 29.74 ], [ 78.215, 29.74 ], [ 78.214, 29.74 ], [ 78.214, 29.739 ], [ 78.213, 29.739 ], [ 78.211, 29.738 ], [ 78.21, 29.738 ], [ 78.209, 29.738 ], [ 78.207, 29.738 ], [ 78.206, 29.738 ], [ 78.205, 29.737 ], [ 78.205, 29.737 ], [ 78.204, 29.737 ], [ 78.204, 29.737 ], [ 78.204, 29.737 ], [ 78.203, 29.736 ], [ 78.202, 29.735 ], [ 78.202, 29.734 ], [ 78.202, 29.734 ], [ 78.201, 29.733 ], [ 78.2, 29.731 ], [ 78.2, 29.73 ], [ 78.201, 29.73 ], [ 78.201, 29.73 ], [ 78.202, 29.729 ], [ 78.203, 29.729 ], [ 78.203, 29.728 ], [ 78.204, 29.728 ], [ 78.203, 29.727 ], [ 78.203, 29.726 ], [ 78.203, 29.724 ], [ 78.203, 29.723 ], [ 78.203, 29.722 ], [ 78.203, 29.721 ], [ 78.202, 29.721 ], [ 78.202, 29.719 ], [ 78.202, 29.719 ], [ 78.202, 29.716 ], [ 78.202, 29.715 ], [ 78.202, 29.715 ], [ 78.202, 29.714 ], [ 78.202, 29.714 ], [ 78.202, 29.714 ], [ 78.201, 29.712 ], [ 78.201, 29.711 ], [ 78.201, 29.71 ], [ 78.201, 29.71 ], [ 78.2, 29.708 ], [ 78.2, 29.707 ], [ 78.199, 29.706 ], [ 78.199, 29.705 ], [ 78.199, 29.704 ], [ 78.199, 29.704 ], [ 78.198, 29.703 ], [ 78.198, 29.702 ], [ 78.198, 29.702 ], [ 78.198, 29.701 ], [ 78.197, 29.7 ], [ 78.197, 29.699 ], [ 78.197, 29.698 ], [ 78.197, 29.698 ], [ 78.197, 29.697 ], [ 78.196, 29.696 ], [ 78.196, 29.695 ], [ 78.196, 29.695 ], [ 78.196, 29.694 ], [ 78.196, 29.693 ], [ 78.196, 29.693 ], [ 78.196, 29.693 ], [ 78.195, 29.693 ], [ 78.195, 29.693 ], [ 78.194, 29.692 ], [ 78.193, 29.692 ], [ 78.193, 29.692 ], [ 78.192, 29.692 ], [ 78.19, 29.692 ], [ 78.189, 29.692 ], [ 78.188, 29.692 ], [ 78.188, 29.692 ], [ 78.188, 29.693 ], [ 78.187, 29.693 ], [ 78.186, 29.694 ], [ 78.186, 29.694 ], [ 78.185, 29.694 ], [ 78.184, 29.695 ], [ 78.183, 29.696 ], [ 78.182, 29.696 ], [ 78.181, 29.696 ], [ 78.181, 29.697 ], [ 78.179, 29.696 ], [ 78.178, 29.695 ], [ 78.177, 29.694 ], [ 78.176, 29.694 ], [ 78.174, 29.693 ], [ 78.172, 29.692 ], [ 78.169, 29.69 ], [ 78.168, 29.689 ], [ 78.167, 29.688 ], [ 78.167, 29.688 ], [ 78.167, 29.688 ], [ 78.166, 29.687 ], [ 78.166, 29.687 ], [ 78.165, 29.686 ], [ 78.165, 29.685 ], [ 78.164, 29.685 ], [ 78.164, 29.684 ], [ 78.163, 29.684 ], [ 78.162, 29.683 ], [ 78.161, 29.683 ], [ 78.161, 29.682 ], [ 78.159, 29.681 ], [ 78.157, 29.679 ], [ 78.156, 29.678 ], [ 78.155, 29.678 ], [ 78.154, 29.676 ], [ 78.151, 29.675 ], [ 78.15, 29.674 ], [ 78.15, 29.673 ], [ 78.149, 29.672 ], [ 78.148, 29.672 ], [ 78.147, 29.671 ], [ 78.145, 29.669 ], [ 78.143, 29.668 ], [ 78.143, 29.668 ], [ 78.142, 29.667 ], [ 78.141, 29.667 ], [ 78.14, 29.665 ], [ 78.139, 29.664 ], [ 78.138, 29.664 ], [ 78.138, 29.664 ], [ 78.136, 29.662 ], [ 78.135, 29.661 ], [ 78.134, 29.66 ], [ 78.134, 29.659 ], [ 78.133, 29.659 ], [ 78.133, 29.658 ], [ 78.133, 29.658 ], [ 78.133, 29.658 ], [ 78.131, 29.654 ], [ 78.131, 29.653 ], [ 78.13, 29.652 ], [ 78.129, 29.652 ], [ 78.126, 29.651 ], [ 78.124, 29.65 ], [ 78.123, 29.65 ], [ 78.122, 29.65 ], [ 78.121, 29.65 ], [ 78.119, 29.65 ], [ 78.117, 29.649 ], [ 78.116, 29.648 ], [ 78.115, 29.648 ], [ 78.115, 29.647 ], [ 78.115, 29.647 ], [ 78.114, 29.647 ], [ 78.113, 29.646 ], [ 78.112, 29.646 ], [ 78.111, 29.645 ], [ 78.111, 29.645 ], [ 78.11, 29.644 ], [ 78.109, 29.644 ], [ 78.108, 29.643 ], [ 78.107, 29.643 ], [ 78.106, 29.642 ], [ 78.105, 29.642 ], [ 78.104, 29.641 ], [ 78.103, 29.641 ], [ 78.102, 29.641 ], [ 78.1, 29.641 ], [ 78.099, 29.641 ], [ 78.098, 29.641 ], [ 78.096, 29.641 ], [ 78.096, 29.641 ], [ 78.095, 29.641 ], [ 78.093, 29.64 ], [ 78.092, 29.64 ], [ 78.092, 29.64 ], [ 78.091, 29.639 ], [ 78.09, 29.639 ], [ 78.089, 29.639 ], [ 78.088, 29.638 ], [ 78.086, 29.638 ], [ 78.085, 29.637 ], [ 78.084, 29.637 ], [ 78.083, 29.636 ], [ 78.081, 29.635 ], [ 78.082, 29.635 ], [ 78.083, 29.632 ], [ 78.084, 29.631 ], [ 78.085, 29.629 ], [ 78.087, 29.625 ], [ 78.087, 29.625 ], [ 78.086, 29.625 ], [ 78.086, 29.625 ], [ 78.085, 29.625 ], [ 78.085, 29.625 ], [ 78.085, 29.625 ], [ 78.084, 29.625 ], [ 78.084, 29.625 ], [ 78.084, 29.625 ], [ 78.083, 29.625 ], [ 78.083, 29.625 ], [ 78.083, 29.625 ], [ 78.083, 29.625 ], [ 78.082, 29.625 ], [ 78.08, 29.626 ], [ 78.078, 29.627 ], [ 78.076, 29.628 ], [ 78.074, 29.629 ], [ 78.072, 29.629 ], [ 78.071, 29.63 ], [ 78.07, 29.63 ], [ 78.069, 29.63 ], [ 78.067, 29.631 ], [ 78.066, 29.631 ], [ 78.064, 29.631 ], [ 78.063, 29.631 ], [ 78.061, 29.631 ], [ 78.059, 29.631 ], [ 78.057, 29.631 ], [ 78.057, 29.629 ], [ 78.057, 29.627 ], [ 78.057, 29.627 ], [ 78.056, 29.626 ], [ 78.056, 29.625 ], [ 78.056, 29.625 ], [ 78.056, 29.625 ], [ 78.055, 29.624 ], [ 78.055, 29.624 ], [ 78.055, 29.623 ], [ 78.055, 29.623 ], [ 78.054, 29.622 ], [ 78.054, 29.62 ], [ 78.053, 29.619 ], [ 78.052, 29.618 ], [ 78.052, 29.617 ], [ 78.05, 29.616 ], [ 78.049, 29.615 ], [ 78.049, 29.615 ], [ 78.048, 29.615 ], [ 78.047, 29.616 ], [ 78.047, 29.616 ], [ 78.046, 29.616 ], [ 78.046, 29.616 ], [ 78.045, 29.615 ], [ 78.043, 29.615 ], [ 78.042, 29.614 ], [ 78.041, 29.614 ], [ 78.04, 29.613 ], [ 78.039, 29.613 ], [ 78.038, 29.612 ], [ 78.037, 29.612 ], [ 78.036, 29.611 ], [ 78.034, 29.61 ], [ 78.034, 29.61 ], [ 78.034, 29.611 ], [ 78.033, 29.612 ], [ 78.032, 29.61 ], [ 78.032, 29.609 ], [ 78.031, 29.608 ], [ 78.03, 29.607 ], [ 78.028, 29.607 ], [ 78.028, 29.606 ], [ 78.026, 29.605 ], [ 78.025, 29.604 ], [ 78.023, 29.602 ], [ 78.022, 29.601 ], [ 78.021, 29.6 ], [ 78.019, 29.599 ], [ 78.018, 29.598 ], [ 78.018, 29.598 ], [ 78.018, 29.596 ], [ 78.017, 29.593 ], [ 78.016, 29.591 ], [ 78.016, 29.589 ], [ 78.016, 29.588 ], [ 78.015, 29.587 ], [ 78.016, 29.587 ], [ 78.016, 29.587 ], [ 78.016, 29.586 ], [ 78.017, 29.585 ], [ 78.019, 29.584 ], [ 78.02, 29.582 ], [ 78.022, 29.581 ], [ 78.022, 29.581 ], [ 78.021, 29.581 ], [ 78.019, 29.581 ], [ 78.017, 29.582 ], [ 78.017, 29.582 ], [ 78.014, 29.583 ], [ 78.013, 29.583 ], [ 78.01, 29.584 ], [ 78.009, 29.584 ], [ 78.008, 29.584 ], [ 78.006, 29.585 ], [ 78.003, 29.586 ], [ 78.003, 29.586 ], [ 78.001, 29.586 ], [ 78.001, 29.586 ], [ 78.0, 29.588 ], [ 77.999, 29.589 ], [ 77.999, 29.589 ], [ 77.998, 29.59 ], [ 77.998, 29.59 ], [ 77.997, 29.59 ], [ 77.997, 29.591 ], [ 77.996, 29.591 ], [ 77.996, 29.593 ], [ 77.995, 29.595 ], [ 77.995, 29.596 ], [ 77.995, 29.595 ], [ 77.995, 29.594 ], [ 77.995, 29.594 ], [ 77.994, 29.593 ], [ 77.994, 29.592 ], [ 77.994, 29.592 ], [ 77.994, 29.591 ], [ 77.993, 29.591 ], [ 77.992, 29.59 ], [ 77.991, 29.589 ], [ 77.99, 29.589 ], [ 77.99, 29.589 ], [ 77.989, 29.588 ], [ 77.989, 29.588 ], [ 77.989, 29.588 ], [ 77.989, 29.587 ], [ 77.989, 29.587 ], [ 77.988, 29.586 ], [ 77.987, 29.585 ], [ 77.987, 29.585 ], [ 77.986, 29.584 ], [ 77.986, 29.584 ], [ 77.985, 29.584 ], [ 77.984, 29.584 ], [ 77.983, 29.584 ], [ 77.983, 29.584 ], [ 77.982, 29.584 ], [ 77.981, 29.584 ], [ 77.981, 29.585 ], [ 77.98, 29.585 ], [ 77.98, 29.585 ], [ 77.979, 29.585 ], [ 77.976, 29.585 ], [ 77.975, 29.585 ], [ 77.975, 29.585 ], [ 77.975, 29.585 ], [ 77.974, 29.584 ], [ 77.973, 29.583 ], [ 77.973, 29.582 ], [ 77.973, 29.581 ], [ 77.973, 29.58 ], [ 77.972, 29.581 ], [ 77.97, 29.581 ], [ 77.969, 29.581 ], [ 77.969, 29.581 ], [ 77.969, 29.581 ], [ 77.968, 29.581 ], [ 77.968, 29.58 ], [ 77.967, 29.58 ], [ 77.967, 29.58 ], [ 77.966, 29.58 ], [ 77.966, 29.581 ], [ 77.965, 29.581 ], [ 77.964, 29.581 ], [ 77.963, 29.582 ], [ 77.962, 29.582 ], [ 77.961, 29.583 ], [ 77.96, 29.584 ], [ 77.959, 29.584 ], [ 77.959, 29.585 ], [ 77.958, 29.585 ], [ 77.958, 29.586 ], [ 77.956, 29.586 ], [ 77.955, 29.587 ], [ 77.953, 29.588 ], [ 77.95, 29.589 ], [ 77.948, 29.589 ], [ 77.947, 29.59 ], [ 77.945, 29.591 ], [ 77.943, 29.592 ], [ 77.941, 29.592 ], [ 77.94, 29.593 ], [ 77.94, 29.594 ], [ 77.938, 29.595 ], [ 77.937, 29.596 ], [ 77.936, 29.598 ], [ 77.933, 29.601 ], [ 77.935, 29.602 ], [ 77.938, 29.604 ], [ 77.941, 29.607 ], [ 77.942, 29.608 ], [ 77.943, 29.609 ], [ 77.943, 29.609 ], [ 77.944, 29.611 ], [ 77.945, 29.612 ], [ 77.947, 29.614 ], [ 77.948, 29.616 ], [ 77.948, 29.617 ], [ 77.948, 29.617 ], [ 77.95, 29.616 ], [ 77.952, 29.615 ], [ 77.954, 29.614 ], [ 77.955, 29.613 ], [ 77.957, 29.612 ], [ 77.958, 29.612 ], [ 77.959, 29.612 ], [ 77.96, 29.612 ], [ 77.962, 29.612 ], [ 77.963, 29.611 ], [ 77.966, 29.611 ], [ 77.967, 29.611 ], [ 77.969, 29.612 ], [ 77.971, 29.613 ], [ 77.972, 29.613 ], [ 77.973, 29.613 ], [ 77.974, 29.613 ], [ 77.975, 29.613 ], [ 77.977, 29.613 ], [ 77.977, 29.613 ], [ 77.978, 29.613 ], [ 77.977, 29.614 ], [ 77.977, 29.615 ], [ 77.977, 29.616 ], [ 77.976, 29.617 ], [ 77.976, 29.617 ], [ 77.976, 29.619 ], [ 77.976, 29.62 ], [ 77.976, 29.62 ], [ 77.976, 29.621 ], [ 77.977, 29.622 ], [ 77.977, 29.624 ], [ 77.977, 29.625 ], [ 77.977, 29.626 ], [ 77.978, 29.627 ], [ 77.978, 29.628 ], [ 77.978, 29.629 ], [ 77.977, 29.63 ], [ 77.977, 29.631 ], [ 77.978, 29.632 ], [ 77.979, 29.634 ], [ 77.979, 29.635 ], [ 77.98, 29.636 ], [ 77.98, 29.637 ], [ 77.981, 29.638 ], [ 77.981, 29.638 ], [ 77.981, 29.639 ], [ 77.982, 29.64 ], [ 77.983, 29.641 ], [ 77.983, 29.642 ], [ 77.983, 29.642 ], [ 77.983, 29.643 ], [ 77.983, 29.643 ], [ 77.983, 29.643 ], [ 77.984, 29.644 ], [ 77.984, 29.644 ], [ 77.983, 29.644 ], [ 77.983, 29.644 ], [ 77.984, 29.645 ], [ 77.984, 29.645 ], [ 77.983, 29.645 ], [ 77.982, 29.645 ], [ 77.982, 29.645 ], [ 77.981, 29.645 ], [ 77.98, 29.643 ], [ 77.979, 29.643 ], [ 77.978, 29.643 ], [ 77.977, 29.644 ], [ 77.976, 29.645 ], [ 77.975, 29.646 ], [ 77.973, 29.646 ], [ 77.971, 29.647 ], [ 77.97, 29.648 ], [ 77.969, 29.649 ], [ 77.968, 29.649 ], [ 77.967, 29.65 ], [ 77.966, 29.65 ], [ 77.967, 29.651 ], [ 77.967, 29.653 ], [ 77.968, 29.653 ], [ 77.968, 29.654 ], [ 77.969, 29.654 ], [ 77.969, 29.655 ], [ 77.97, 29.656 ], [ 77.969, 29.657 ], [ 77.97, 29.657 ], [ 77.969, 29.658 ], [ 77.969, 29.659 ], [ 77.969, 29.659 ], [ 77.969, 29.66 ], [ 77.969, 29.66 ], [ 77.969, 29.661 ], [ 77.969, 29.662 ], [ 77.97, 29.662 ], [ 77.97, 29.663 ], [ 77.97, 29.664 ], [ 77.97, 29.665 ], [ 77.97, 29.665 ], [ 77.97, 29.665 ], [ 77.97, 29.665 ], [ 77.969, 29.666 ], [ 77.97, 29.666 ], [ 77.97, 29.666 ], [ 77.97, 29.667 ], [ 77.969, 29.667 ], [ 77.968, 29.668 ], [ 77.967, 29.668 ], [ 77.966, 29.669 ], [ 77.965, 29.669 ], [ 77.964, 29.67 ], [ 77.963, 29.671 ], [ 77.963, 29.671 ], [ 77.962, 29.672 ], [ 77.962, 29.672 ], [ 77.962, 29.672 ], [ 77.961, 29.673 ], [ 77.961, 29.673 ], [ 77.96, 29.673 ], [ 77.959, 29.673 ], [ 77.959, 29.673 ], [ 77.958, 29.674 ], [ 77.958, 29.674 ], [ 77.957, 29.675 ], [ 77.957, 29.675 ], [ 77.956, 29.676 ], [ 77.955, 29.677 ], [ 77.955, 29.677 ], [ 77.954, 29.678 ], [ 77.954, 29.678 ], [ 77.953, 29.678 ], [ 77.952, 29.678 ], [ 77.952, 29.678 ], [ 77.951, 29.678 ], [ 77.95, 29.679 ], [ 77.949, 29.68 ], [ 77.949, 29.68 ], [ 77.948, 29.681 ], [ 77.948, 29.682 ], [ 77.948, 29.682 ], [ 77.947, 29.683 ], [ 77.948, 29.684 ], [ 77.948, 29.685 ], [ 77.949, 29.686 ], [ 77.951, 29.687 ], [ 77.951, 29.687 ], [ 77.951, 29.688 ], [ 77.951, 29.688 ], [ 77.95, 29.688 ], [ 77.949, 29.689 ], [ 77.949, 29.689 ], [ 77.948, 29.689 ], [ 77.947, 29.69 ], [ 77.946, 29.69 ], [ 77.946, 29.69 ], [ 77.945, 29.691 ], [ 77.946, 29.692 ], [ 77.945, 29.692 ], [ 77.943, 29.693 ], [ 77.942, 29.694 ], [ 77.941, 29.695 ], [ 77.94, 29.696 ], [ 77.94, 29.696 ], [ 77.941, 29.697 ], [ 77.942, 29.697 ], [ 77.944, 29.699 ], [ 77.945, 29.699 ], [ 77.947, 29.7 ], [ 77.947, 29.7 ], [ 77.948, 29.7 ], [ 77.949, 29.701 ], [ 77.949, 29.701 ], [ 77.949, 29.701 ], [ 77.95, 29.701 ], [ 77.951, 29.702 ], [ 77.951, 29.702 ], [ 77.951, 29.702 ], [ 77.95, 29.703 ], [ 77.95, 29.704 ], [ 77.95, 29.705 ], [ 77.951, 29.705 ], [ 77.952, 29.706 ], [ 77.953, 29.707 ], [ 77.953, 29.708 ], [ 77.952, 29.708 ], [ 77.951, 29.709 ], [ 77.951, 29.709 ], [ 77.95, 29.71 ], [ 77.948, 29.711 ], [ 77.948, 29.711 ], [ 77.948, 29.712 ], [ 77.947, 29.712 ], [ 77.947, 29.713 ], [ 77.946, 29.713 ], [ 77.945, 29.713 ], [ 77.944, 29.712 ], [ 77.943, 29.711 ], [ 77.941, 29.711 ], [ 77.94, 29.712 ], [ 77.939, 29.713 ], [ 77.939, 29.714 ], [ 77.938, 29.714 ], [ 77.938, 29.714 ], [ 77.937, 29.713 ], [ 77.936, 29.712 ], [ 77.935, 29.711 ], [ 77.934, 29.711 ], [ 77.931, 29.713 ], [ 77.93, 29.714 ], [ 77.93, 29.714 ], [ 77.93, 29.714 ], [ 77.93, 29.714 ], [ 77.929, 29.714 ], [ 77.929, 29.713 ], [ 77.928, 29.713 ], [ 77.928, 29.713 ], [ 77.927, 29.714 ], [ 77.926, 29.714 ], [ 77.926, 29.713 ], [ 77.925, 29.712 ], [ 77.924, 29.711 ], [ 77.923, 29.71 ], [ 77.922, 29.709 ], [ 77.922, 29.708 ], [ 77.921, 29.707 ], [ 77.92, 29.706 ], [ 77.92, 29.705 ], [ 77.919, 29.705 ], [ 77.918, 29.705 ], [ 77.917, 29.706 ], [ 77.917, 29.705 ], [ 77.916, 29.703 ], [ 77.916, 29.702 ], [ 77.917, 29.701 ], [ 77.918, 29.7 ], [ 77.918, 29.7 ], [ 77.919, 29.7 ], [ 77.92, 29.699 ], [ 77.92, 29.699 ], [ 77.92, 29.699 ], [ 77.918, 29.699 ], [ 77.917, 29.699 ], [ 77.916, 29.699 ], [ 77.914, 29.699 ], [ 77.914, 29.698 ], [ 77.913, 29.698 ], [ 77.913, 29.697 ], [ 77.913, 29.696 ], [ 77.913, 29.696 ], [ 77.912, 29.697 ], [ 77.911, 29.696 ], [ 77.911, 29.696 ], [ 77.909, 29.698 ], [ 77.908, 29.698 ], [ 77.907, 29.699 ], [ 77.905, 29.7 ], [ 77.904, 29.7 ], [ 77.903, 29.701 ], [ 77.902, 29.701 ], [ 77.901, 29.701 ], [ 77.899, 29.701 ], [ 77.898, 29.701 ], [ 77.898, 29.702 ], [ 77.897, 29.702 ], [ 77.897, 29.702 ], [ 77.896, 29.702 ], [ 77.896, 29.701 ], [ 77.896, 29.701 ], [ 77.896, 29.701 ], [ 77.896, 29.701 ], [ 77.895, 29.701 ], [ 77.895, 29.7 ], [ 77.895, 29.7 ], [ 77.894, 29.699 ], [ 77.893, 29.699 ], [ 77.893, 29.699 ], [ 77.892, 29.699 ], [ 77.891, 29.699 ], [ 77.89, 29.699 ], [ 77.889, 29.7 ], [ 77.889, 29.7 ], [ 77.888, 29.7 ], [ 77.887, 29.7 ], [ 77.887, 29.7 ], [ 77.886, 29.7 ], [ 77.886, 29.7 ], [ 77.885, 29.701 ], [ 77.884, 29.701 ], [ 77.884, 29.701 ], [ 77.883, 29.702 ], [ 77.883, 29.702 ], [ 77.882, 29.702 ], [ 77.881, 29.701 ], [ 77.88, 29.701 ], [ 77.88, 29.701 ], [ 77.879, 29.701 ], [ 77.879, 29.7 ], [ 77.879, 29.698 ], [ 77.879, 29.697 ], [ 77.879, 29.694 ], [ 77.879, 29.693 ], [ 77.879, 29.692 ], [ 77.879, 29.692 ], [ 77.878, 29.691 ], [ 77.877, 29.69 ], [ 77.876, 29.689 ], [ 77.875, 29.688 ], [ 77.875, 29.687 ], [ 77.874, 29.688 ], [ 77.873, 29.688 ], [ 77.872, 29.688 ], [ 77.871, 29.688 ], [ 77.871, 29.688 ], [ 77.87, 29.689 ], [ 77.87, 29.689 ], [ 77.869, 29.689 ], [ 77.868, 29.689 ], [ 77.867, 29.688 ], [ 77.867, 29.688 ], [ 77.866, 29.688 ], [ 77.866, 29.688 ], [ 77.865, 29.688 ], [ 77.865, 29.688 ], [ 77.864, 29.689 ], [ 77.864, 29.689 ], [ 77.863, 29.689 ], [ 77.863, 29.689 ], [ 77.863, 29.689 ], [ 77.862, 29.689 ], [ 77.862, 29.688 ], [ 77.862, 29.687 ], [ 77.862, 29.687 ], [ 77.861, 29.687 ], [ 77.861, 29.686 ], [ 77.86, 29.685 ], [ 77.859, 29.685 ], [ 77.858, 29.683 ], [ 77.857, 29.682 ], [ 77.856, 29.681 ], [ 77.856, 29.68 ], [ 77.855, 29.68 ], [ 77.854, 29.681 ], [ 77.854, 29.682 ], [ 77.853, 29.681 ], [ 77.853, 29.681 ], [ 77.853, 29.68 ], [ 77.852, 29.68 ], [ 77.851, 29.68 ], [ 77.851, 29.68 ], [ 77.85, 29.68 ], [ 77.85, 29.68 ], [ 77.85, 29.679 ], [ 77.85, 29.678 ], [ 77.849, 29.678 ], [ 77.849, 29.678 ], [ 77.849, 29.678 ], [ 77.848, 29.678 ], [ 77.848, 29.677 ], [ 77.847, 29.676 ], [ 77.847, 29.675 ], [ 77.847, 29.675 ], [ 77.846, 29.676 ], [ 77.846, 29.676 ], [ 77.845, 29.675 ], [ 77.844, 29.675 ], [ 77.844, 29.675 ], [ 77.843, 29.675 ], [ 77.842, 29.674 ], [ 77.842, 29.674 ], [ 77.842, 29.674 ], [ 77.841, 29.673 ], [ 77.841, 29.673 ], [ 77.84, 29.673 ], [ 77.84, 29.673 ], [ 77.84, 29.672 ], [ 77.839, 29.671 ], [ 77.839, 29.67 ], [ 77.837, 29.672 ], [ 77.837, 29.672 ], [ 77.836, 29.671 ], [ 77.836, 29.67 ], [ 77.836, 29.67 ], [ 77.835, 29.67 ], [ 77.835, 29.67 ], [ 77.834, 29.67 ], [ 77.834, 29.669 ], [ 77.834, 29.669 ], [ 77.832, 29.67 ], [ 77.832, 29.67 ], [ 77.831, 29.669 ], [ 77.831, 29.669 ], [ 77.83, 29.668 ], [ 77.829, 29.669 ], [ 77.829, 29.669 ], [ 77.828, 29.669 ], [ 77.828, 29.67 ], [ 77.827, 29.669 ], [ 77.827, 29.669 ], [ 77.824, 29.671 ], [ 77.82, 29.674 ], [ 77.819, 29.675 ], [ 77.818, 29.676 ], [ 77.819, 29.676 ], [ 77.818, 29.676 ], [ 77.816, 29.678 ], [ 77.815, 29.678 ], [ 77.815, 29.678 ], [ 77.815, 29.678 ], [ 77.814, 29.679 ], [ 77.813, 29.679 ], [ 77.811, 29.679 ], [ 77.809, 29.68 ], [ 77.806, 29.681 ], [ 77.806, 29.682 ], [ 77.804, 29.683 ], [ 77.803, 29.684 ], [ 77.802, 29.685 ], [ 77.801, 29.685 ], [ 77.801, 29.686 ], [ 77.799, 29.686 ], [ 77.799, 29.686 ], [ 77.799, 29.687 ], [ 77.8, 29.687 ], [ 77.801, 29.689 ], [ 77.802, 29.69 ], [ 77.804, 29.692 ], [ 77.804, 29.693 ], [ 77.805, 29.694 ], [ 77.806, 29.695 ], [ 77.807, 29.696 ], [ 77.808, 29.697 ], [ 77.809, 29.699 ], [ 77.809, 29.7 ], [ 77.81, 29.701 ], [ 77.81, 29.702 ], [ 77.81, 29.702 ], [ 77.81, 29.702 ], [ 77.809, 29.702 ], [ 77.808, 29.703 ], [ 77.807, 29.703 ], [ 77.805, 29.703 ], [ 77.805, 29.703 ], [ 77.804, 29.703 ], [ 77.804, 29.703 ], [ 77.803, 29.703 ], [ 77.803, 29.703 ], [ 77.803, 29.703 ], [ 77.802, 29.704 ], [ 77.8, 29.705 ], [ 77.799, 29.705 ], [ 77.799, 29.706 ], [ 77.799, 29.706 ], [ 77.798, 29.707 ], [ 77.796, 29.708 ], [ 77.795, 29.708 ], [ 77.794, 29.708 ], [ 77.793, 29.709 ], [ 77.793, 29.71 ], [ 77.792, 29.71 ], [ 77.792, 29.71 ], [ 77.791, 29.709 ], [ 77.791, 29.709 ], [ 77.79, 29.709 ], [ 77.789, 29.71 ], [ 77.789, 29.71 ], [ 77.788, 29.71 ], [ 77.788, 29.71 ], [ 77.787, 29.71 ], [ 77.787, 29.71 ], [ 77.786, 29.711 ], [ 77.785, 29.71 ], [ 77.784, 29.709 ], [ 77.783, 29.709 ], [ 77.782, 29.71 ], [ 77.782, 29.71 ], [ 77.78, 29.71 ], [ 77.779, 29.711 ], [ 77.776, 29.712 ], [ 77.775, 29.712 ], [ 77.774, 29.713 ], [ 77.772, 29.713 ], [ 77.772, 29.714 ], [ 77.771, 29.714 ], [ 77.771, 29.715 ], [ 77.771, 29.716 ], [ 77.77, 29.717 ], [ 77.77, 29.718 ], [ 77.77, 29.718 ], [ 77.77, 29.718 ], [ 77.77, 29.719 ], [ 77.771, 29.72 ], [ 77.771, 29.72 ], [ 77.771, 29.721 ], [ 77.772, 29.721 ], [ 77.772, 29.722 ], [ 77.772, 29.723 ], [ 77.773, 29.723 ], [ 77.773, 29.724 ], [ 77.774, 29.724 ], [ 77.775, 29.726 ], [ 77.776, 29.727 ], [ 77.777, 29.727 ], [ 77.778, 29.729 ], [ 77.778, 29.73 ], [ 77.779, 29.731 ], [ 77.78, 29.732 ], [ 77.78, 29.732 ], [ 77.781, 29.734 ], [ 77.782, 29.736 ], [ 77.783, 29.736 ], [ 77.782, 29.736 ], [ 77.78, 29.738 ], [ 77.779, 29.739 ], [ 77.776, 29.741 ], [ 77.775, 29.742 ], [ 77.772, 29.744 ], [ 77.77, 29.745 ], [ 77.769, 29.747 ], [ 77.769, 29.749 ], [ 77.769, 29.75 ], [ 77.769, 29.75 ], [ 77.769, 29.751 ], [ 77.77, 29.75 ], [ 77.77, 29.75 ], [ 77.77, 29.75 ], [ 77.771, 29.75 ], [ 77.771, 29.751 ], [ 77.772, 29.753 ], [ 77.773, 29.754 ], [ 77.773, 29.755 ], [ 77.774, 29.755 ], [ 77.775, 29.757 ], [ 77.776, 29.758 ], [ 77.778, 29.761 ], [ 77.779, 29.763 ], [ 77.78, 29.764 ], [ 77.78, 29.765 ], [ 77.78, 29.765 ], [ 77.78, 29.766 ], [ 77.779, 29.766 ], [ 77.779, 29.766 ], [ 77.778, 29.766 ], [ 77.778, 29.766 ], [ 77.778, 29.766 ], [ 77.777, 29.767 ], [ 77.776, 29.767 ], [ 77.775, 29.768 ], [ 77.775, 29.768 ], [ 77.774, 29.768 ], [ 77.773, 29.769 ], [ 77.773, 29.769 ], [ 77.774, 29.77 ], [ 77.776, 29.772 ], [ 77.776, 29.773 ], [ 77.777, 29.774 ], [ 77.778, 29.775 ], [ 77.777, 29.776 ], [ 77.777, 29.776 ], [ 77.777, 29.776 ], [ 77.775, 29.778 ], [ 77.774, 29.779 ], [ 77.772, 29.78 ], [ 77.772, 29.78 ], [ 77.773, 29.781 ], [ 77.773, 29.782 ], [ 77.774, 29.783 ], [ 77.774, 29.784 ], [ 77.774, 29.784 ], [ 77.773, 29.785 ], [ 77.772, 29.786 ], [ 77.772, 29.786 ], [ 77.772, 29.786 ], [ 77.773, 29.787 ], [ 77.773, 29.787 ], [ 77.774, 29.788 ], [ 77.774, 29.788 ], [ 77.774, 29.788 ], [ 77.774, 29.788 ], [ 77.774, 29.788 ], [ 77.774, 29.789 ], [ 77.775, 29.789 ], [ 77.775, 29.789 ], [ 77.775, 29.789 ], [ 77.774, 29.789 ], [ 77.774, 29.79 ], [ 77.774, 29.79 ], [ 77.774, 29.79 ], [ 77.774, 29.79 ], [ 77.774, 29.791 ], [ 77.775, 29.791 ], [ 77.774, 29.791 ], [ 77.774, 29.791 ], [ 77.773, 29.792 ], [ 77.772, 29.793 ], [ 77.771, 29.793 ], [ 77.768, 29.795 ], [ 77.767, 29.795 ], [ 77.767, 29.795 ], [ 77.767, 29.795 ], [ 77.766, 29.796 ], [ 77.765, 29.796 ], [ 77.765, 29.796 ], [ 77.765, 29.797 ], [ 77.766, 29.797 ], [ 77.765, 29.797 ], [ 77.765, 29.798 ], [ 77.765, 29.798 ], [ 77.765, 29.798 ], [ 77.765, 29.799 ], [ 77.765, 29.799 ], [ 77.765, 29.799 ], [ 77.765, 29.8 ], [ 77.765, 29.8 ], [ 77.764, 29.801 ], [ 77.763, 29.801 ], [ 77.763, 29.802 ], [ 77.763, 29.803 ], [ 77.763, 29.803 ], [ 77.762, 29.804 ], [ 77.761, 29.804 ], [ 77.761, 29.804 ], [ 77.761, 29.804 ], [ 77.76, 29.805 ], [ 77.76, 29.804 ], [ 77.76, 29.804 ], [ 77.759, 29.805 ], [ 77.759, 29.805 ], [ 77.759, 29.805 ], [ 77.759, 29.805 ], [ 77.758, 29.805 ], [ 77.758, 29.805 ], [ 77.758, 29.805 ], [ 77.757, 29.806 ], [ 77.757, 29.806 ], [ 77.756, 29.806 ], [ 77.756, 29.807 ], [ 77.756, 29.807 ], [ 77.756, 29.807 ], [ 77.756, 29.808 ], [ 77.755, 29.808 ], [ 77.756, 29.809 ], [ 77.755, 29.809 ], [ 77.755, 29.809 ], [ 77.754, 29.809 ], [ 77.753, 29.81 ], [ 77.753, 29.81 ], [ 77.753, 29.81 ], [ 77.753, 29.81 ], [ 77.752, 29.81 ], [ 77.753, 29.81 ], [ 77.753, 29.81 ], [ 77.752, 29.81 ], [ 77.752, 29.811 ], [ 77.752, 29.811 ], [ 77.753, 29.812 ], [ 77.753, 29.812 ], [ 77.753, 29.812 ], [ 77.754, 29.812 ], [ 77.754, 29.812 ], [ 77.754, 29.812 ], [ 77.754, 29.812 ], [ 77.755, 29.812 ], [ 77.755, 29.812 ], [ 77.755, 29.813 ], [ 77.756, 29.813 ], [ 77.756, 29.813 ], [ 77.756, 29.814 ], [ 77.756, 29.814 ], [ 77.756, 29.815 ], [ 77.757, 29.816 ], [ 77.758, 29.817 ], [ 77.758, 29.817 ], [ 77.759, 29.818 ], [ 77.759, 29.818 ], [ 77.759, 29.819 ], [ 77.759, 29.819 ], [ 77.758, 29.819 ], [ 77.757, 29.819 ], [ 77.756, 29.82 ], [ 77.754, 29.821 ], [ 77.754, 29.821 ], [ 77.754, 29.822 ], [ 77.755, 29.823 ], [ 77.755, 29.824 ], [ 77.755, 29.824 ], [ 77.756, 29.825 ], [ 77.756, 29.825 ], [ 77.756, 29.825 ], [ 77.756, 29.825 ], [ 77.755, 29.826 ], [ 77.754, 29.826 ], [ 77.753, 29.827 ], [ 77.752, 29.828 ], [ 77.751, 29.828 ], [ 77.75, 29.829 ], [ 77.749, 29.829 ], [ 77.749, 29.83 ], [ 77.749, 29.83 ], [ 77.749, 29.83 ], [ 77.749, 29.83 ], [ 77.749, 29.83 ], [ 77.749, 29.83 ], [ 77.748, 29.83 ], [ 77.747, 29.83 ], [ 77.746, 29.831 ], [ 77.746, 29.831 ], [ 77.745, 29.831 ], [ 77.745, 29.832 ], [ 77.745, 29.832 ], [ 77.744, 29.832 ], [ 77.744, 29.832 ], [ 77.744, 29.833 ], [ 77.743, 29.833 ], [ 77.743, 29.833 ], [ 77.743, 29.833 ], [ 77.742, 29.834 ], [ 77.742, 29.834 ], [ 77.742, 29.833 ], [ 77.741, 29.834 ], [ 77.741, 29.834 ], [ 77.74, 29.835 ], [ 77.74, 29.835 ], [ 77.74, 29.835 ], [ 77.741, 29.835 ], [ 77.741, 29.835 ], [ 77.741, 29.835 ], [ 77.741, 29.835 ], [ 77.741, 29.835 ], [ 77.741, 29.835 ], [ 77.741, 29.836 ], [ 77.741, 29.836 ], [ 77.742, 29.836 ], [ 77.742, 29.836 ], [ 77.742, 29.836 ], [ 77.743, 29.836 ], [ 77.743, 29.837 ], [ 77.743, 29.837 ], [ 77.743, 29.837 ], [ 77.743, 29.837 ], [ 77.743, 29.837 ], [ 77.743, 29.838 ], [ 77.743, 29.838 ], [ 77.743, 29.838 ], [ 77.744, 29.838 ], [ 77.744, 29.839 ], [ 77.744, 29.839 ], [ 77.744, 29.839 ], [ 77.744, 29.839 ], [ 77.744, 29.839 ], [ 77.744, 29.84 ], [ 77.744, 29.84 ], [ 77.744, 29.84 ], [ 77.744, 29.84 ], [ 77.744, 29.841 ], [ 77.744, 29.841 ], [ 77.744, 29.841 ], [ 77.744, 29.841 ], [ 77.744, 29.842 ], [ 77.744, 29.842 ], [ 77.743, 29.843 ], [ 77.743, 29.843 ], [ 77.743, 29.843 ], [ 77.743, 29.843 ], [ 77.742, 29.845 ], [ 77.742, 29.845 ], [ 77.742, 29.846 ], [ 77.741, 29.846 ], [ 77.741, 29.847 ], [ 77.742, 29.847 ], [ 77.742, 29.847 ], [ 77.742, 29.847 ], [ 77.742, 29.847 ], [ 77.742, 29.847 ], [ 77.743, 29.847 ], [ 77.743, 29.848 ], [ 77.744, 29.848 ], [ 77.744, 29.848 ], [ 77.744, 29.848 ], [ 77.744, 29.848 ], [ 77.744, 29.849 ], [ 77.744, 29.849 ], [ 77.743, 29.849 ], [ 77.743, 29.85 ], [ 77.743, 29.85 ], [ 77.743, 29.851 ], [ 77.742, 29.851 ], [ 77.742, 29.852 ], [ 77.742, 29.852 ], [ 77.74, 29.852 ], [ 77.74, 29.852 ], [ 77.74, 29.852 ], [ 77.739, 29.852 ], [ 77.739, 29.852 ], [ 77.738, 29.853 ], [ 77.737, 29.853 ], [ 77.736, 29.854 ], [ 77.736, 29.854 ], [ 77.736, 29.853 ], [ 77.735, 29.853 ], [ 77.734, 29.853 ], [ 77.734, 29.854 ], [ 77.734, 29.854 ], [ 77.733, 29.854 ], [ 77.732, 29.854 ], [ 77.732, 29.854 ], [ 77.732, 29.854 ], [ 77.732, 29.854 ], [ 77.732, 29.854 ], [ 77.731, 29.854 ], [ 77.731, 29.854 ], [ 77.731, 29.854 ], [ 77.731, 29.854 ], [ 77.731, 29.854 ], [ 77.73, 29.854 ], [ 77.73, 29.854 ], [ 77.73, 29.854 ], [ 77.73, 29.854 ], [ 77.73, 29.854 ], [ 77.73, 29.854 ], [ 77.729, 29.854 ], [ 77.729, 29.855 ], [ 77.729, 29.855 ], [ 77.728, 29.855 ], [ 77.728, 29.855 ], [ 77.728, 29.854 ], [ 77.728, 29.854 ], [ 77.728, 29.854 ], [ 77.728, 29.854 ], [ 77.728, 29.854 ], [ 77.728, 29.854 ], [ 77.728, 29.855 ], [ 77.728, 29.855 ], [ 77.727, 29.855 ], [ 77.727, 29.855 ], [ 77.727, 29.854 ], [ 77.727, 29.854 ], [ 77.726, 29.855 ], [ 77.727, 29.855 ], [ 77.727, 29.855 ], [ 77.727, 29.855 ], [ 77.727, 29.855 ], [ 77.727, 29.855 ], [ 77.727, 29.856 ], [ 77.727, 29.856 ], [ 77.727, 29.856 ], [ 77.727, 29.856 ], [ 77.727, 29.856 ], [ 77.726, 29.856 ], [ 77.726, 29.856 ], [ 77.726, 29.856 ], [ 77.726, 29.856 ], [ 77.726, 29.856 ], [ 77.725, 29.856 ], [ 77.725, 29.856 ], [ 77.725, 29.856 ], [ 77.725, 29.856 ], [ 77.724, 29.856 ], [ 77.724, 29.856 ], [ 77.724, 29.856 ], [ 77.724, 29.856 ], [ 77.724, 29.855 ], [ 77.723, 29.855 ], [ 77.723, 29.855 ], [ 77.723, 29.856 ], [ 77.722, 29.856 ], [ 77.722, 29.856 ], [ 77.721, 29.857 ], [ 77.722, 29.857 ], [ 77.721, 29.857 ], [ 77.721, 29.858 ], [ 77.721, 29.859 ], [ 77.721, 29.859 ], [ 77.72, 29.86 ], [ 77.72, 29.86 ], [ 77.719, 29.861 ], [ 77.719, 29.861 ], [ 77.719, 29.861 ], [ 77.719, 29.861 ], [ 77.719, 29.862 ], [ 77.717, 29.863 ], [ 77.717, 29.863 ], [ 77.719, 29.865 ], [ 77.718, 29.866 ], [ 77.718, 29.866 ], [ 77.718, 29.866 ], [ 77.718, 29.867 ], [ 77.716, 29.868 ], [ 77.716, 29.868 ], [ 77.716, 29.868 ], [ 77.716, 29.869 ], [ 77.716, 29.869 ], [ 77.716, 29.869 ], [ 77.716, 29.869 ], [ 77.716, 29.869 ], [ 77.715, 29.869 ], [ 77.715, 29.869 ], [ 77.715, 29.869 ], [ 77.715, 29.869 ], [ 77.715, 29.869 ], [ 77.715, 29.869 ], [ 77.715, 29.869 ], [ 77.715, 29.869 ], [ 77.715, 29.869 ], [ 77.715, 29.869 ], [ 77.714, 29.869 ], [ 77.714, 29.869 ], [ 77.714, 29.87 ], [ 77.714, 29.87 ], [ 77.714, 29.87 ], [ 77.714, 29.87 ], [ 77.714, 29.87 ], [ 77.714, 29.87 ], [ 77.714, 29.87 ], [ 77.714, 29.87 ], [ 77.714, 29.87 ], [ 77.714, 29.871 ], [ 77.715, 29.871 ], [ 77.715, 29.871 ], [ 77.715, 29.871 ], [ 77.715, 29.871 ], [ 77.715, 29.871 ], [ 77.715, 29.871 ], [ 77.715, 29.871 ], [ 77.715, 29.872 ], [ 77.715, 29.872 ], [ 77.715, 29.872 ], [ 77.715, 29.872 ], [ 77.715, 29.873 ], [ 77.715, 29.873 ], [ 77.716, 29.873 ], [ 77.717, 29.874 ], [ 77.717, 29.874 ], [ 77.717, 29.874 ], [ 77.718, 29.874 ], [ 77.718, 29.874 ], [ 77.718, 29.874 ], [ 77.718, 29.874 ], [ 77.718, 29.874 ], [ 77.719, 29.875 ], [ 77.719, 29.874 ], [ 77.72, 29.874 ], [ 77.72, 29.875 ], [ 77.72, 29.875 ], [ 77.72, 29.875 ], [ 77.72, 29.875 ], [ 77.721, 29.876 ], [ 77.721, 29.876 ], [ 77.721, 29.876 ], [ 77.721, 29.876 ], [ 77.721, 29.876 ], [ 77.72, 29.877 ], [ 77.72, 29.877 ], [ 77.72, 29.876 ], [ 77.719, 29.876 ], [ 77.719, 29.876 ], [ 77.719, 29.876 ], [ 77.719, 29.877 ], [ 77.719, 29.877 ], [ 77.718, 29.877 ], [ 77.718, 29.877 ], [ 77.718, 29.877 ], [ 77.717, 29.878 ], [ 77.717, 29.878 ], [ 77.717, 29.878 ], [ 77.717, 29.879 ], [ 77.716, 29.88 ], [ 77.716, 29.88 ], [ 77.716, 29.881 ], [ 77.716, 29.881 ], [ 77.716, 29.882 ], [ 77.716, 29.883 ], [ 77.716, 29.883 ], [ 77.716, 29.883 ], [ 77.716, 29.883 ], [ 77.716, 29.884 ], [ 77.716, 29.884 ], [ 77.716, 29.884 ], [ 77.715, 29.884 ], [ 77.715, 29.884 ], [ 77.715, 29.885 ], [ 77.716, 29.886 ], [ 77.716, 29.886 ], [ 77.716, 29.886 ], [ 77.717, 29.887 ], [ 77.717, 29.887 ], [ 77.717, 29.887 ], [ 77.718, 29.887 ], [ 77.718, 29.887 ], [ 77.719, 29.887 ], [ 77.72, 29.886 ], [ 77.72, 29.886 ], [ 77.721, 29.886 ], [ 77.721, 29.886 ], [ 77.723, 29.884 ], [ 77.723, 29.885 ], [ 77.723, 29.885 ], [ 77.723, 29.885 ], [ 77.723, 29.885 ], [ 77.723, 29.885 ], [ 77.723, 29.885 ], [ 77.723, 29.885 ], [ 77.723, 29.886 ], [ 77.723, 29.886 ], [ 77.723, 29.886 ], [ 77.723, 29.886 ], [ 77.723, 29.886 ], [ 77.724, 29.886 ], [ 77.724, 29.886 ], [ 77.724, 29.886 ], [ 77.724, 29.886 ], [ 77.724, 29.886 ], [ 77.724, 29.886 ], [ 77.724, 29.887 ], [ 77.724, 29.887 ], [ 77.724, 29.887 ], [ 77.724, 29.887 ], [ 77.724, 29.887 ], [ 77.724, 29.887 ], [ 77.724, 29.887 ], [ 77.724, 29.887 ], [ 77.724, 29.887 ], [ 77.724, 29.887 ], [ 77.724, 29.887 ], [ 77.724, 29.887 ], [ 77.724, 29.887 ], [ 77.724, 29.887 ], [ 77.724, 29.888 ], [ 77.724, 29.888 ], [ 77.724, 29.888 ], [ 77.724, 29.888 ], [ 77.724, 29.888 ], [ 77.724, 29.888 ], [ 77.723, 29.888 ], [ 77.723, 29.888 ], [ 77.723, 29.888 ], [ 77.723, 29.888 ], [ 77.723, 29.888 ], [ 77.723, 29.888 ], [ 77.724, 29.888 ], [ 77.724, 29.888 ], [ 77.724, 29.888 ], [ 77.724, 29.888 ], [ 77.724, 29.888 ], [ 77.723, 29.888 ], [ 77.723, 29.888 ], [ 77.723, 29.888 ], [ 77.723, 29.888 ], [ 77.723, 29.889 ], [ 77.723, 29.889 ], [ 77.724, 29.889 ], [ 77.724, 29.889 ], [ 77.724, 29.889 ], [ 77.724, 29.889 ], [ 77.724, 29.889 ], [ 77.724, 29.889 ], [ 77.724, 29.889 ], [ 77.724, 29.889 ], [ 77.724, 29.889 ], [ 77.724, 29.889 ], [ 77.724, 29.889 ], [ 77.724, 29.889 ], [ 77.724, 29.889 ], [ 77.724, 29.889 ], [ 77.725, 29.889 ], [ 77.725, 29.889 ], [ 77.725, 29.89 ], [ 77.725, 29.89 ], [ 77.725, 29.89 ], [ 77.725, 29.89 ], [ 77.725, 29.89 ], [ 77.725, 29.89 ], [ 77.725, 29.89 ], [ 77.725, 29.89 ], [ 77.725, 29.89 ], [ 77.725, 29.89 ], [ 77.725, 29.89 ], [ 77.725, 29.89 ], [ 77.725, 29.89 ], [ 77.725, 29.89 ], [ 77.726, 29.89 ], [ 77.726, 29.891 ], [ 77.726, 29.891 ], [ 77.726, 29.891 ], [ 77.726, 29.891 ], [ 77.726, 29.891 ], [ 77.726, 29.891 ], [ 77.727, 29.89 ], [ 77.727, 29.89 ], [ 77.727, 29.89 ], [ 77.727, 29.89 ], [ 77.727, 29.89 ], [ 77.727, 29.89 ], [ 77.727, 29.89 ], [ 77.727, 29.89 ], [ 77.727, 29.89 ], [ 77.727, 29.891 ], [ 77.727, 29.891 ], [ 77.728, 29.891 ], [ 77.728, 29.891 ], [ 77.728, 29.891 ], [ 77.728, 29.892 ], [ 77.728, 29.892 ], [ 77.728, 29.892 ], [ 77.728, 29.892 ], [ 77.728, 29.892 ], [ 77.728, 29.892 ], [ 77.728, 29.892 ], [ 77.728, 29.892 ], [ 77.728, 29.892 ], [ 77.728, 29.892 ], [ 77.728, 29.892 ], [ 77.728, 29.892 ], [ 77.729, 29.892 ], [ 77.729, 29.892 ], [ 77.729, 29.892 ], [ 77.729, 29.892 ], [ 77.729, 29.892 ], [ 77.729, 29.892 ], [ 77.729, 29.892 ], [ 77.729, 29.892 ], [ 77.729, 29.892 ], [ 77.729, 29.892 ], [ 77.729, 29.892 ], [ 77.729, 29.892 ], [ 77.729, 29.892 ], [ 77.729, 29.892 ], [ 77.729, 29.892 ], [ 77.729, 29.892 ], [ 77.729, 29.892 ], [ 77.729, 29.892 ], [ 77.729, 29.892 ], [ 77.729, 29.892 ], [ 77.729, 29.892 ], [ 77.729, 29.892 ], [ 77.73, 29.892 ], [ 77.73, 29.892 ], [ 77.73, 29.892 ], [ 77.73, 29.892 ], [ 77.73, 29.892 ], [ 77.73, 29.892 ], [ 77.73, 29.892 ], [ 77.73, 29.892 ], [ 77.73, 29.891 ], [ 77.73, 29.891 ], [ 77.73, 29.891 ], [ 77.73, 29.891 ], [ 77.73, 29.891 ], [ 77.73, 29.891 ], [ 77.73, 29.891 ], [ 77.73, 29.891 ], [ 77.73, 29.891 ], [ 77.731, 29.891 ], [ 77.731, 29.891 ], [ 77.731, 29.891 ], [ 77.731, 29.891 ], [ 77.731, 29.892 ], [ 77.731, 29.892 ], [ 77.731, 29.892 ], [ 77.731, 29.892 ], [ 77.731, 29.892 ], [ 77.731, 29.892 ], [ 77.731, 29.892 ], [ 77.731, 29.892 ], [ 77.731, 29.892 ], [ 77.731, 29.892 ], [ 77.731, 29.892 ], [ 77.731, 29.893 ], [ 77.731, 29.893 ], [ 77.732, 29.893 ], [ 77.732, 29.893 ], [ 77.732, 29.893 ], [ 77.732, 29.893 ], [ 77.732, 29.893 ], [ 77.732, 29.893 ], [ 77.732, 29.893 ], [ 77.732, 29.893 ], [ 77.732, 29.893 ], [ 77.732, 29.893 ], [ 77.732, 29.894 ], [ 77.732, 29.894 ], [ 77.732, 29.894 ], [ 77.731, 29.894 ], [ 77.731, 29.894 ], [ 77.731, 29.894 ], [ 77.731, 29.894 ], [ 77.731, 29.894 ], [ 77.731, 29.894 ], [ 77.731, 29.894 ], [ 77.731, 29.895 ], [ 77.731, 29.895 ], [ 77.731, 29.895 ], [ 77.731, 29.895 ], [ 77.731, 29.895 ], [ 77.731, 29.895 ], [ 77.731, 29.895 ], [ 77.731, 29.895 ], [ 77.731, 29.895 ], [ 77.731, 29.895 ], [ 77.731, 29.895 ], [ 77.731, 29.895 ], [ 77.731, 29.895 ], [ 77.731, 29.895 ], [ 77.731, 29.895 ], [ 77.731, 29.895 ], [ 77.731, 29.895 ], [ 77.73, 29.895 ], [ 77.73, 29.896 ], [ 77.73, 29.896 ], [ 77.73, 29.896 ], [ 77.73, 29.896 ], [ 77.73, 29.896 ], [ 77.73, 29.896 ], [ 77.729, 29.896 ], [ 77.729, 29.896 ], [ 77.729, 29.897 ], [ 77.729, 29.897 ], [ 77.729, 29.897 ], [ 77.729, 29.897 ], [ 77.729, 29.897 ], [ 77.729, 29.897 ], [ 77.729, 29.897 ], [ 77.729, 29.897 ], [ 77.729, 29.897 ], [ 77.729, 29.897 ], [ 77.729, 29.897 ], [ 77.729, 29.898 ], [ 77.729, 29.898 ], [ 77.729, 29.898 ], [ 77.729, 29.898 ], [ 77.729, 29.898 ], [ 77.729, 29.898 ], [ 77.729, 29.898 ], [ 77.729, 29.898 ], [ 77.728, 29.898 ], [ 77.728, 29.898 ], [ 77.728, 29.898 ], [ 77.728, 29.899 ], [ 77.728, 29.899 ], [ 77.728, 29.899 ], [ 77.729, 29.899 ], [ 77.729, 29.899 ], [ 77.729, 29.899 ], [ 77.729, 29.899 ], [ 77.729, 29.899 ], [ 77.729, 29.899 ], [ 77.729, 29.899 ], [ 77.729, 29.899 ], [ 77.729, 29.899 ], [ 77.729, 29.899 ], [ 77.729, 29.899 ], [ 77.729, 29.9 ], [ 77.729, 29.9 ], [ 77.729, 29.9 ], [ 77.729, 29.9 ], [ 77.729, 29.9 ], [ 77.729, 29.9 ], [ 77.729, 29.9 ], [ 77.729, 29.9 ], [ 77.729, 29.9 ], [ 77.729, 29.9 ], [ 77.729, 29.9 ], [ 77.729, 29.9 ], [ 77.729, 29.9 ], [ 77.729, 29.9 ], [ 77.729, 29.9 ], [ 77.729, 29.901 ], [ 77.729, 29.901 ], [ 77.729, 29.901 ], [ 77.729, 29.901 ], [ 77.729, 29.901 ], [ 77.73, 29.901 ], [ 77.73, 29.901 ], [ 77.73, 29.901 ], [ 77.73, 29.901 ], [ 77.73, 29.901 ], [ 77.73, 29.901 ], [ 77.73, 29.901 ], [ 77.73, 29.9 ], [ 77.73, 29.9 ], [ 77.73, 29.9 ], [ 77.73, 29.9 ], [ 77.73, 29.9 ], [ 77.73, 29.9 ], [ 77.73, 29.9 ], [ 77.73, 29.9 ], [ 77.73, 29.9 ], [ 77.73, 29.9 ], [ 77.73, 29.9 ], [ 77.731, 29.9 ], [ 77.731, 29.9 ], [ 77.731, 29.9 ], [ 77.731, 29.9 ], [ 77.731, 29.9 ], [ 77.731, 29.899 ], [ 77.732, 29.899 ], [ 77.732, 29.9 ], [ 77.732, 29.9 ], [ 77.732, 29.9 ], [ 77.732, 29.9 ], [ 77.732, 29.9 ], [ 77.732, 29.9 ], [ 77.733, 29.9 ], [ 77.733, 29.9 ], [ 77.733, 29.9 ], [ 77.733, 29.9 ], [ 77.733, 29.9 ], [ 77.733, 29.9 ], [ 77.734, 29.9 ], [ 77.734, 29.9 ], [ 77.734, 29.9 ], [ 77.734, 29.9 ], [ 77.734, 29.9 ], [ 77.734, 29.9 ], [ 77.734, 29.9 ], [ 77.734, 29.9 ], [ 77.734, 29.9 ], [ 77.734, 29.9 ], [ 77.734, 29.9 ], [ 77.734, 29.9 ], [ 77.734, 29.9 ], [ 77.734, 29.9 ], [ 77.734, 29.9 ], [ 77.734, 29.9 ], [ 77.734, 29.901 ], [ 77.734, 29.901 ], [ 77.734, 29.901 ], [ 77.734, 29.901 ], [ 77.734, 29.901 ], [ 77.734, 29.901 ], [ 77.734, 29.901 ], [ 77.734, 29.901 ], [ 77.734, 29.901 ], [ 77.734, 29.902 ], [ 77.734, 29.902 ], [ 77.734, 29.902 ], [ 77.734, 29.902 ], [ 77.734, 29.901 ], [ 77.734, 29.901 ], [ 77.734, 29.901 ], [ 77.734, 29.901 ], [ 77.734, 29.901 ], [ 77.734, 29.901 ], [ 77.734, 29.901 ], [ 77.734, 29.901 ], [ 77.734, 29.901 ], [ 77.735, 29.901 ], [ 77.735, 29.901 ], [ 77.735, 29.901 ], [ 77.735, 29.901 ], [ 77.735, 29.901 ], [ 77.735, 29.901 ], [ 77.735, 29.902 ], [ 77.735, 29.902 ], [ 77.735, 29.902 ], [ 77.735, 29.902 ], [ 77.735, 29.902 ], [ 77.735, 29.902 ], [ 77.736, 29.902 ], [ 77.736, 29.902 ], [ 77.736, 29.902 ], [ 77.736, 29.902 ], [ 77.736, 29.902 ], [ 77.736, 29.902 ], [ 77.736, 29.902 ], [ 77.736, 29.902 ], [ 77.736, 29.903 ], [ 77.737, 29.903 ], [ 77.737, 29.903 ], [ 77.737, 29.903 ], [ 77.737, 29.902 ], [ 77.737, 29.902 ], [ 77.737, 29.902 ], [ 77.737, 29.902 ], [ 77.737, 29.902 ], [ 77.737, 29.902 ], [ 77.737, 29.902 ], [ 77.738, 29.902 ], [ 77.738, 29.902 ], [ 77.738, 29.902 ], [ 77.738, 29.903 ], [ 77.738, 29.903 ], [ 77.738, 29.903 ], [ 77.738, 29.903 ], [ 77.738, 29.903 ], [ 77.738, 29.903 ], [ 77.738, 29.903 ], [ 77.739, 29.903 ], [ 77.739, 29.903 ], [ 77.739, 29.903 ], [ 77.739, 29.903 ], [ 77.738, 29.903 ], [ 77.738, 29.903 ], [ 77.738, 29.903 ], [ 77.738, 29.903 ], [ 77.738, 29.904 ], [ 77.738, 29.904 ], [ 77.738, 29.904 ], [ 77.738, 29.904 ], [ 77.738, 29.904 ], [ 77.738, 29.904 ], [ 77.738, 29.904 ], [ 77.738, 29.904 ], [ 77.738, 29.904 ], [ 77.738, 29.904 ], [ 77.738, 29.904 ], [ 77.738, 29.904 ], [ 77.738, 29.904 ], [ 77.738, 29.905 ], [ 77.738, 29.905 ], [ 77.738, 29.905 ], [ 77.738, 29.905 ], [ 77.738, 29.905 ], [ 77.738, 29.905 ], [ 77.738, 29.905 ], [ 77.738, 29.905 ], [ 77.738, 29.905 ], [ 77.738, 29.905 ], [ 77.738, 29.905 ], [ 77.738, 29.905 ], [ 77.738, 29.906 ], [ 77.738, 29.906 ], [ 77.738, 29.906 ], [ 77.737, 29.906 ], [ 77.737, 29.906 ], [ 77.737, 29.906 ], [ 77.737, 29.906 ], [ 77.737, 29.906 ], [ 77.737, 29.906 ], [ 77.737, 29.906 ], [ 77.737, 29.906 ], [ 77.737, 29.906 ], [ 77.736, 29.906 ], [ 77.736, 29.906 ], [ 77.736, 29.906 ], [ 77.736, 29.906 ], [ 77.736, 29.906 ], [ 77.737, 29.907 ], [ 77.737, 29.907 ], [ 77.737, 29.907 ], [ 77.737, 29.907 ], [ 77.737, 29.907 ], [ 77.737, 29.907 ], [ 77.737, 29.907 ], [ 77.737, 29.907 ], [ 77.737, 29.907 ], [ 77.737, 29.907 ], [ 77.738, 29.907 ], [ 77.738, 29.907 ], [ 77.738, 29.907 ], [ 77.738, 29.907 ], [ 77.738, 29.907 ], [ 77.738, 29.907 ], [ 77.738, 29.907 ], [ 77.738, 29.907 ], [ 77.738, 29.907 ], [ 77.738, 29.907 ], [ 77.739, 29.907 ], [ 77.739, 29.907 ], [ 77.739, 29.907 ], [ 77.739, 29.907 ], [ 77.739, 29.907 ], [ 77.739, 29.907 ], [ 77.739, 29.907 ], [ 77.739, 29.908 ], [ 77.739, 29.908 ], [ 77.74, 29.908 ], [ 77.74, 29.908 ], [ 77.74, 29.908 ], [ 77.74, 29.908 ], [ 77.74, 29.908 ], [ 77.74, 29.908 ], [ 77.74, 29.908 ], [ 77.74, 29.908 ], [ 77.74, 29.908 ], [ 77.741, 29.908 ], [ 77.741, 29.908 ], [ 77.741, 29.908 ], [ 77.741, 29.908 ], [ 77.741, 29.908 ], [ 77.741, 29.908 ], [ 77.741, 29.908 ], [ 77.741, 29.908 ], [ 77.741, 29.908 ], [ 77.741, 29.908 ], [ 77.741, 29.908 ], [ 77.741, 29.908 ], [ 77.742, 29.908 ], [ 77.742, 29.908 ], [ 77.742, 29.908 ], [ 77.742, 29.908 ], [ 77.742, 29.908 ], [ 77.742, 29.908 ], [ 77.743, 29.908 ], [ 77.743, 29.908 ], [ 77.743, 29.908 ], [ 77.743, 29.908 ], [ 77.743, 29.908 ], [ 77.743, 29.908 ], [ 77.743, 29.909 ], [ 77.744, 29.909 ], [ 77.744, 29.909 ], [ 77.744, 29.909 ], [ 77.744, 29.909 ], [ 77.744, 29.909 ], [ 77.744, 29.909 ], [ 77.744, 29.909 ], [ 77.744, 29.909 ], [ 77.744, 29.909 ], [ 77.745, 29.909 ], [ 77.745, 29.909 ], [ 77.745, 29.909 ], [ 77.745, 29.91 ], [ 77.745, 29.91 ], [ 77.745, 29.91 ], [ 77.745, 29.91 ], [ 77.746, 29.91 ], [ 77.746, 29.91 ], [ 77.746, 29.91 ], [ 77.746, 29.91 ], [ 77.746, 29.91 ], [ 77.746, 29.91 ], [ 77.746, 29.91 ], [ 77.746, 29.91 ], [ 77.747, 29.91 ], [ 77.747, 29.91 ], [ 77.747, 29.91 ], [ 77.747, 29.91 ], [ 77.747, 29.91 ], [ 77.747, 29.91 ], [ 77.747, 29.91 ], [ 77.747, 29.91 ], [ 77.747, 29.91 ], [ 77.747, 29.911 ], [ 77.748, 29.911 ], [ 77.748, 29.911 ], [ 77.748, 29.911 ], [ 77.748, 29.911 ], [ 77.748, 29.911 ], [ 77.748, 29.912 ], [ 77.748, 29.912 ], [ 77.747, 29.912 ], [ 77.747, 29.912 ], [ 77.747, 29.912 ], [ 77.747, 29.912 ], [ 77.747, 29.913 ], [ 77.747, 29.913 ], [ 77.747, 29.913 ], [ 77.747, 29.913 ], [ 77.747, 29.913 ], [ 77.747, 29.913 ], [ 77.747, 29.913 ], [ 77.746, 29.913 ], [ 77.746, 29.913 ], [ 77.746, 29.913 ], [ 77.746, 29.913 ], [ 77.746, 29.913 ], [ 77.746, 29.913 ], [ 77.746, 29.913 ], [ 77.745, 29.914 ], [ 77.745, 29.914 ], [ 77.745, 29.914 ], [ 77.745, 29.914 ], [ 77.745, 29.915 ], [ 77.744, 29.915 ], [ 77.744, 29.915 ], [ 77.744, 29.915 ], [ 77.744, 29.915 ], [ 77.744, 29.916 ], [ 77.744, 29.916 ], [ 77.744, 29.916 ], [ 77.744, 29.916 ], [ 77.744, 29.916 ], [ 77.744, 29.916 ], [ 77.744, 29.916 ], [ 77.744, 29.916 ], [ 77.744, 29.916 ], [ 77.744, 29.916 ], [ 77.744, 29.916 ], [ 77.744, 29.917 ], [ 77.744, 29.917 ], [ 77.744, 29.917 ], [ 77.744, 29.917 ], [ 77.743, 29.917 ], [ 77.743, 29.917 ], [ 77.744, 29.917 ], [ 77.744, 29.917 ], [ 77.744, 29.917 ], [ 77.743, 29.918 ], [ 77.743, 29.918 ], [ 77.743, 29.918 ], [ 77.743, 29.918 ], [ 77.743, 29.918 ], [ 77.743, 29.918 ], [ 77.743, 29.919 ], [ 77.743, 29.919 ], [ 77.743, 29.919 ], [ 77.743, 29.919 ], [ 77.743, 29.919 ], [ 77.743, 29.919 ], [ 77.743, 29.919 ], [ 77.743, 29.919 ], [ 77.743, 29.919 ], [ 77.743, 29.92 ], [ 77.743, 29.92 ], [ 77.743, 29.92 ], [ 77.743, 29.92 ], [ 77.743, 29.92 ], [ 77.743, 29.92 ], [ 77.743, 29.92 ], [ 77.743, 29.92 ], [ 77.743, 29.92 ], [ 77.743, 29.921 ], [ 77.743, 29.921 ], [ 77.743, 29.921 ], [ 77.743, 29.921 ], [ 77.743, 29.921 ], [ 77.743, 29.921 ], [ 77.743, 29.921 ], [ 77.743, 29.921 ], [ 77.743, 29.921 ], [ 77.743, 29.921 ], [ 77.743, 29.921 ], [ 77.743, 29.921 ], [ 77.743, 29.921 ], [ 77.743, 29.921 ], [ 77.743, 29.922 ], [ 77.743, 29.922 ], [ 77.743, 29.922 ], [ 77.743, 29.922 ], [ 77.743, 29.922 ], [ 77.743, 29.922 ], [ 77.743, 29.922 ], [ 77.743, 29.922 ], [ 77.744, 29.922 ], [ 77.744, 29.922 ], [ 77.744, 29.922 ], [ 77.744, 29.922 ], [ 77.744, 29.922 ], [ 77.743, 29.922 ], [ 77.743, 29.922 ], [ 77.743, 29.923 ], [ 77.743, 29.923 ], [ 77.743, 29.923 ], [ 77.743, 29.923 ], [ 77.743, 29.923 ], [ 77.743, 29.923 ], [ 77.744, 29.923 ], [ 77.744, 29.923 ], [ 77.744, 29.923 ], [ 77.744, 29.923 ], [ 77.744, 29.923 ], [ 77.744, 29.923 ], [ 77.744, 29.923 ], [ 77.744, 29.923 ], [ 77.744, 29.923 ], [ 77.744, 29.923 ], [ 77.744, 29.923 ], [ 77.744, 29.923 ], [ 77.744, 29.924 ], [ 77.744, 29.924 ], [ 77.744, 29.924 ], [ 77.743, 29.924 ], [ 77.743, 29.924 ], [ 77.743, 29.924 ], [ 77.743, 29.924 ], [ 77.743, 29.924 ], [ 77.743, 29.924 ], [ 77.743, 29.925 ], [ 77.743, 29.925 ], [ 77.743, 29.925 ], [ 77.743, 29.925 ], [ 77.743, 29.925 ], [ 77.743, 29.925 ], [ 77.742, 29.925 ], [ 77.742, 29.925 ], [ 77.742, 29.925 ], [ 77.742, 29.925 ], [ 77.742, 29.925 ], [ 77.742, 29.925 ], [ 77.742, 29.925 ], [ 77.742, 29.926 ], [ 77.742, 29.926 ], [ 77.742, 29.926 ], [ 77.742, 29.926 ], [ 77.742, 29.926 ], [ 77.742, 29.926 ], [ 77.742, 29.926 ], [ 77.742, 29.926 ], [ 77.742, 29.926 ], [ 77.742, 29.926 ], [ 77.742, 29.926 ], [ 77.741, 29.926 ], [ 77.741, 29.926 ], [ 77.741, 29.926 ], [ 77.741, 29.926 ], [ 77.741, 29.926 ], [ 77.741, 29.927 ], [ 77.74, 29.927 ], [ 77.74, 29.927 ], [ 77.74, 29.927 ], [ 77.739, 29.927 ], [ 77.739, 29.928 ], [ 77.739, 29.928 ], [ 77.739, 29.928 ], [ 77.739, 29.928 ], [ 77.739, 29.928 ], [ 77.739, 29.928 ], [ 77.739, 29.928 ], [ 77.739, 29.928 ], [ 77.738, 29.929 ], [ 77.738, 29.929 ], [ 77.738, 29.929 ], [ 77.737, 29.929 ], [ 77.737, 29.929 ], [ 77.736, 29.929 ], [ 77.736, 29.929 ], [ 77.736, 29.929 ], [ 77.736, 29.929 ], [ 77.735, 29.929 ], [ 77.735, 29.929 ], [ 77.735, 29.929 ], [ 77.735, 29.929 ], [ 77.734, 29.929 ], [ 77.733, 29.93 ], [ 77.733, 29.93 ], [ 77.732, 29.931 ], [ 77.731, 29.931 ], [ 77.731, 29.932 ], [ 77.731, 29.932 ], [ 77.73, 29.932 ], [ 77.73, 29.932 ], [ 77.731, 29.932 ], [ 77.731, 29.933 ], [ 77.732, 29.933 ], [ 77.732, 29.933 ], [ 77.733, 29.934 ], [ 77.733, 29.935 ], [ 77.733, 29.935 ], [ 77.734, 29.935 ], [ 77.735, 29.936 ], [ 77.735, 29.937 ], [ 77.735, 29.937 ], [ 77.735, 29.937 ], [ 77.736, 29.938 ], [ 77.737, 29.938 ], [ 77.738, 29.94 ], [ 77.739, 29.94 ], [ 77.739, 29.941 ], [ 77.739, 29.941 ], [ 77.739, 29.941 ], [ 77.739, 29.941 ], [ 77.739, 29.941 ], [ 77.739, 29.941 ], [ 77.739, 29.941 ], [ 77.739, 29.941 ], [ 77.74, 29.941 ], [ 77.74, 29.941 ], [ 77.74, 29.941 ], [ 77.74, 29.942 ], [ 77.741, 29.942 ], [ 77.741, 29.942 ], [ 77.742, 29.942 ], [ 77.742, 29.942 ], [ 77.742, 29.941 ], [ 77.743, 29.941 ], [ 77.743, 29.941 ], [ 77.743, 29.941 ], [ 77.743, 29.941 ], [ 77.743, 29.941 ], [ 77.743, 29.941 ], [ 77.743, 29.941 ], [ 77.743, 29.942 ], [ 77.743, 29.942 ], [ 77.743, 29.943 ], [ 77.743, 29.943 ], [ 77.743, 29.943 ], [ 77.743, 29.943 ], [ 77.743, 29.943 ], [ 77.743, 29.943 ], [ 77.743, 29.943 ], [ 77.743, 29.943 ], [ 77.743, 29.944 ], [ 77.743, 29.944 ], [ 77.743, 29.944 ], [ 77.743, 29.944 ], [ 77.743, 29.944 ], [ 77.743, 29.944 ], [ 77.743, 29.944 ], [ 77.743, 29.944 ], [ 77.744, 29.944 ], [ 77.744, 29.944 ], [ 77.744, 29.944 ], [ 77.744, 29.944 ], [ 77.744, 29.944 ], [ 77.744, 29.944 ], [ 77.744, 29.944 ], [ 77.745, 29.944 ], [ 77.745, 29.944 ], [ 77.745, 29.944 ], [ 77.745, 29.944 ], [ 77.745, 29.944 ], [ 77.745, 29.945 ], [ 77.745, 29.945 ], [ 77.745, 29.945 ], [ 77.745, 29.945 ], [ 77.746, 29.945 ], [ 77.746, 29.945 ], [ 77.746, 29.945 ], [ 77.746, 29.946 ], [ 77.746, 29.946 ], [ 77.746, 29.946 ], [ 77.746, 29.946 ], [ 77.746, 29.946 ], [ 77.746, 29.946 ], [ 77.746, 29.946 ], [ 77.746, 29.946 ], [ 77.747, 29.946 ], [ 77.747, 29.947 ], [ 77.747, 29.947 ], [ 77.747, 29.947 ], [ 77.747, 29.947 ], [ 77.746, 29.947 ], [ 77.746, 29.947 ], [ 77.745, 29.947 ], [ 77.745, 29.947 ], [ 77.745, 29.948 ], [ 77.745, 29.948 ], [ 77.745, 29.948 ], [ 77.745, 29.948 ], [ 77.746, 29.949 ], [ 77.747, 29.95 ], [ 77.747, 29.951 ], [ 77.747, 29.951 ], [ 77.748, 29.951 ], [ 77.748, 29.952 ], [ 77.748, 29.952 ], [ 77.748, 29.952 ], [ 77.748, 29.952 ], [ 77.748, 29.952 ], [ 77.747, 29.952 ], [ 77.747, 29.952 ], [ 77.747, 29.952 ], [ 77.746, 29.952 ], [ 77.746, 29.952 ], [ 77.745, 29.952 ], [ 77.745, 29.952 ], [ 77.744, 29.952 ], [ 77.743, 29.953 ], [ 77.743, 29.953 ], [ 77.742, 29.953 ], [ 77.742, 29.953 ], [ 77.741, 29.953 ], [ 77.741, 29.953 ], [ 77.74, 29.953 ], [ 77.739, 29.954 ], [ 77.739, 29.954 ], [ 77.739, 29.954 ], [ 77.738, 29.954 ], [ 77.738, 29.954 ], [ 77.738, 29.954 ], [ 77.737, 29.954 ], [ 77.736, 29.954 ], [ 77.736, 29.954 ], [ 77.735, 29.955 ], [ 77.734, 29.955 ], [ 77.734, 29.955 ], [ 77.734, 29.955 ], [ 77.734, 29.956 ], [ 77.734, 29.956 ], [ 77.733, 29.956 ], [ 77.734, 29.956 ], [ 77.734, 29.956 ], [ 77.734, 29.957 ], [ 77.734, 29.957 ], [ 77.734, 29.957 ], [ 77.734, 29.957 ], [ 77.735, 29.957 ], [ 77.735, 29.958 ], [ 77.735, 29.958 ], [ 77.735, 29.959 ], [ 77.735, 29.959 ], [ 77.736, 29.96 ], [ 77.735, 29.96 ], [ 77.735, 29.96 ], [ 77.736, 29.96 ], [ 77.736, 29.961 ], [ 77.736, 29.961 ], [ 77.737, 29.962 ], [ 77.737, 29.962 ], [ 77.737, 29.962 ], [ 77.737, 29.963 ], [ 77.737, 29.963 ], [ 77.738, 29.964 ], [ 77.738, 29.964 ], [ 77.738, 29.965 ], [ 77.738, 29.966 ], [ 77.738, 29.966 ], [ 77.738, 29.967 ], [ 77.738, 29.967 ], [ 77.739, 29.967 ], [ 77.739, 29.968 ], [ 77.74, 29.968 ], [ 77.74, 29.969 ], [ 77.74, 29.969 ], [ 77.74, 29.969 ], [ 77.741, 29.97 ], [ 77.741, 29.97 ], [ 77.741, 29.97 ], [ 77.741, 29.97 ], [ 77.741, 29.97 ], [ 77.741, 29.971 ], [ 77.741, 29.971 ], [ 77.741, 29.971 ], [ 77.741, 29.971 ], [ 77.741, 29.972 ], [ 77.74, 29.973 ], [ 77.74, 29.973 ], [ 77.74, 29.973 ], [ 77.74, 29.974 ], [ 77.741, 29.974 ], [ 77.74, 29.975 ], [ 77.74, 29.975 ], [ 77.74, 29.975 ], [ 77.74, 29.975 ], [ 77.74, 29.975 ], [ 77.74, 29.975 ], [ 77.74, 29.976 ], [ 77.741, 29.976 ], [ 77.741, 29.976 ], [ 77.742, 29.976 ], [ 77.742, 29.977 ], [ 77.743, 29.978 ], [ 77.743, 29.978 ], [ 77.744, 29.979 ], [ 77.745, 29.979 ], [ 77.745, 29.979 ], [ 77.745, 29.98 ], [ 77.746, 29.98 ], [ 77.746, 29.981 ], [ 77.746, 29.981 ], [ 77.746, 29.981 ], [ 77.746, 29.981 ], [ 77.746, 29.981 ], [ 77.745, 29.981 ], [ 77.745, 29.981 ], [ 77.744, 29.982 ], [ 77.744, 29.982 ], [ 77.744, 29.982 ], [ 77.744, 29.982 ], [ 77.744, 29.982 ], [ 77.744, 29.982 ], [ 77.744, 29.983 ], [ 77.744, 29.983 ], [ 77.744, 29.983 ], [ 77.744, 29.983 ], [ 77.744, 29.983 ], [ 77.744, 29.984 ], [ 77.744, 29.984 ], [ 77.744, 29.984 ], [ 77.745, 29.984 ], [ 77.745, 29.984 ], [ 77.745, 29.984 ], [ 77.745, 29.984 ], [ 77.745, 29.984 ], [ 77.745, 29.984 ], [ 77.745, 29.984 ], [ 77.745, 29.984 ], [ 77.745, 29.984 ], [ 77.745, 29.984 ], [ 77.745, 29.984 ], [ 77.745, 29.984 ], [ 77.745, 29.985 ], [ 77.746, 29.985 ], [ 77.746, 29.985 ], [ 77.746, 29.985 ], [ 77.747, 29.985 ], [ 77.747, 29.985 ], [ 77.747, 29.985 ], [ 77.747, 29.985 ], [ 77.747, 29.985 ], [ 77.747, 29.985 ], [ 77.747, 29.985 ], [ 77.747, 29.986 ], [ 77.747, 29.986 ], [ 77.747, 29.986 ], [ 77.748, 29.986 ], [ 77.748, 29.986 ], [ 77.748, 29.986 ], [ 77.748, 29.986 ], [ 77.748, 29.986 ], [ 77.748, 29.986 ], [ 77.748, 29.986 ], [ 77.748, 29.986 ], [ 77.749, 29.986 ], [ 77.749, 29.986 ], [ 77.749, 29.986 ], [ 77.749, 29.986 ], [ 77.749, 29.986 ], [ 77.75, 29.986 ], [ 77.75, 29.986 ], [ 77.75, 29.986 ], [ 77.75, 29.986 ], [ 77.75, 29.986 ], [ 77.75, 29.986 ], [ 77.75, 29.986 ], [ 77.75, 29.986 ], [ 77.75, 29.986 ], [ 77.75, 29.986 ], [ 77.751, 29.986 ], [ 77.751, 29.987 ], [ 77.751, 29.988 ], [ 77.751, 29.988 ], [ 77.752, 29.989 ], [ 77.753, 29.99 ], [ 77.754, 29.991 ], [ 77.755, 29.991 ], [ 77.755, 29.992 ], [ 77.756, 29.993 ], [ 77.757, 29.993 ], [ 77.758, 29.994 ], [ 77.76, 29.995 ], [ 77.76, 29.995 ], [ 77.76, 29.996 ], [ 77.758, 29.997 ], [ 77.757, 29.998 ], [ 77.755, 29.999 ], [ 77.756, 29.999 ], [ 77.756, 30.0 ], [ 77.757, 30.001 ], [ 77.758, 30.002 ], [ 77.759, 30.002 ], [ 77.761, 30.003 ], [ 77.763, 30.003 ], [ 77.764, 30.004 ], [ 77.764, 30.004 ], [ 77.764, 30.005 ], [ 77.763, 30.006 ], [ 77.763, 30.007 ], [ 77.762, 30.008 ], [ 77.762, 30.009 ], [ 77.762, 30.009 ], [ 77.763, 30.01 ], [ 77.763, 30.01 ], [ 77.764, 30.011 ], [ 77.766, 30.012 ], [ 77.768, 30.013 ], [ 77.77, 30.014 ], [ 77.772, 30.015 ], [ 77.772, 30.015 ], [ 77.773, 30.015 ], [ 77.774, 30.015 ], [ 77.774, 30.015 ], [ 77.774, 30.015 ], [ 77.775, 30.016 ], [ 77.775, 30.017 ], [ 77.776, 30.018 ], [ 77.776, 30.018 ], [ 77.778, 30.017 ], [ 77.778, 30.017 ], [ 77.779, 30.018 ], [ 77.78, 30.018 ], [ 77.781, 30.018 ], [ 77.782, 30.019 ], [ 77.782, 30.019 ], [ 77.782, 30.022 ], [ 77.783, 30.024 ], [ 77.784, 30.026 ], [ 77.785, 30.027 ], [ 77.785, 30.028 ], [ 77.783, 30.029 ], [ 77.781, 30.03 ], [ 77.78, 30.03 ], [ 77.779, 30.031 ], [ 77.78, 30.032 ], [ 77.781, 30.033 ], [ 77.781, 30.034 ], [ 77.78, 30.035 ], [ 77.778, 30.036 ], [ 77.777, 30.037 ], [ 77.776, 30.038 ], [ 77.775, 30.039 ], [ 77.774, 30.04 ], [ 77.773, 30.04 ], [ 77.773, 30.041 ], [ 77.772, 30.042 ], [ 77.772, 30.042 ], [ 77.77, 30.042 ], [ 77.77, 30.043 ], [ 77.77, 30.043 ], [ 77.77, 30.044 ], [ 77.771, 30.046 ], [ 77.771, 30.048 ], [ 77.771, 30.048 ], [ 77.772, 30.049 ], [ 77.773, 30.051 ], [ 77.773, 30.051 ], [ 77.775, 30.053 ], [ 77.775, 30.055 ], [ 77.775, 30.055 ], [ 77.775, 30.055 ], [ 77.775, 30.056 ], [ 77.778, 30.058 ], [ 77.781, 30.06 ], [ 77.781, 30.062 ], [ 77.782, 30.062 ], [ 77.783, 30.064 ], [ 77.783, 30.065 ], [ 77.784, 30.066 ], [ 77.785, 30.067 ], [ 77.785, 30.067 ], [ 77.786, 30.068 ], [ 77.788, 30.069 ], [ 77.789, 30.071 ], [ 77.79, 30.072 ], [ 77.79, 30.072 ], [ 77.79, 30.073 ], [ 77.791, 30.074 ], [ 77.791, 30.074 ], [ 77.791, 30.075 ], [ 77.793, 30.077 ], [ 77.794, 30.078 ], [ 77.795, 30.079 ], [ 77.796, 30.08 ], [ 77.795, 30.081 ], [ 77.795, 30.081 ], [ 77.797, 30.083 ], [ 77.797, 30.083 ], [ 77.798, 30.083 ], [ 77.798, 30.084 ], [ 77.798, 30.084 ], [ 77.798, 30.084 ], [ 77.798, 30.084 ], [ 77.798, 30.085 ], [ 77.797, 30.085 ], [ 77.799, 30.087 ], [ 77.8, 30.087 ], [ 77.8, 30.088 ], [ 77.799, 30.089 ], [ 77.799, 30.09 ], [ 77.799, 30.09 ], [ 77.8, 30.092 ], [ 77.8, 30.093 ], [ 77.801, 30.094 ], [ 77.801, 30.095 ], [ 77.802, 30.095 ], [ 77.803, 30.095 ], [ 77.805, 30.094 ], [ 77.806, 30.093 ], [ 77.807, 30.093 ], [ 77.808, 30.093 ], [ 77.809, 30.093 ], [ 77.81, 30.093 ], [ 77.811, 30.092 ], [ 77.813, 30.091 ], [ 77.814, 30.09 ], [ 77.815, 30.09 ], [ 77.816, 30.089 ], [ 77.817, 30.088 ], [ 77.818, 30.088 ], [ 77.818, 30.088 ], [ 77.82, 30.087 ], [ 77.821, 30.087 ], [ 77.822, 30.086 ], [ 77.823, 30.086 ], [ 77.825, 30.086 ], [ 77.827, 30.086 ], [ 77.828, 30.086 ], [ 77.828, 30.086 ], [ 77.828, 30.086 ], [ 77.829, 30.087 ], [ 77.829, 30.087 ], [ 77.83, 30.087 ], [ 77.833, 30.089 ], [ 77.834, 30.091 ], [ 77.834, 30.091 ], [ 77.834, 30.092 ], [ 77.833, 30.094 ], [ 77.833, 30.095 ], [ 77.834, 30.096 ], [ 77.834, 30.097 ], [ 77.835, 30.097 ], [ 77.836, 30.098 ], [ 77.836, 30.098 ], [ 77.837, 30.098 ], [ 77.837, 30.099 ], [ 77.836, 30.099 ], [ 77.836, 30.1 ], [ 77.836, 30.1 ], [ 77.836, 30.1 ], [ 77.836, 30.101 ], [ 77.836, 30.101 ], [ 77.836, 30.101 ], [ 77.836, 30.102 ], [ 77.836, 30.102 ], [ 77.836, 30.102 ], [ 77.837, 30.103 ], [ 77.837, 30.104 ], [ 77.837, 30.104 ], [ 77.838, 30.103 ], [ 77.838, 30.103 ], [ 77.838, 30.103 ], [ 77.838, 30.103 ], [ 77.839, 30.103 ], [ 77.839, 30.103 ], [ 77.839, 30.103 ], [ 77.839, 30.103 ], [ 77.84, 30.102 ], [ 77.84, 30.103 ], [ 77.84, 30.103 ], [ 77.841, 30.103 ], [ 77.841, 30.103 ], [ 77.841, 30.103 ], [ 77.842, 30.103 ], [ 77.842, 30.103 ], [ 77.842, 30.103 ], [ 77.842, 30.103 ], [ 77.842, 30.104 ], [ 77.843, 30.104 ], [ 77.843, 30.104 ], [ 77.844, 30.104 ], [ 77.844, 30.104 ], [ 77.844, 30.104 ], [ 77.845, 30.104 ], [ 77.845, 30.104 ], [ 77.845, 30.104 ], [ 77.845, 30.104 ], [ 77.845, 30.104 ], [ 77.846, 30.104 ], [ 77.846, 30.104 ], [ 77.847, 30.105 ], [ 77.847, 30.104 ], [ 77.847, 30.104 ], [ 77.848, 30.104 ], [ 77.848, 30.105 ], [ 77.849, 30.105 ], [ 77.849, 30.105 ], [ 77.849, 30.105 ], [ 77.849, 30.105 ], [ 77.85, 30.106 ], [ 77.85, 30.106 ], [ 77.851, 30.106 ], [ 77.851, 30.106 ], [ 77.851, 30.106 ], [ 77.851, 30.106 ], [ 77.852, 30.107 ], [ 77.852, 30.107 ], [ 77.853, 30.107 ], [ 77.853, 30.107 ], [ 77.853, 30.107 ], [ 77.853, 30.107 ], [ 77.853, 30.107 ], [ 77.854, 30.108 ], [ 77.854, 30.108 ], [ 77.855, 30.109 ], [ 77.856, 30.109 ], [ 77.857, 30.11 ], [ 77.858, 30.111 ], [ 77.859, 30.112 ], [ 77.86, 30.113 ], [ 77.861, 30.114 ], [ 77.861, 30.114 ], [ 77.863, 30.116 ], [ 77.864, 30.117 ], [ 77.865, 30.118 ], [ 77.866, 30.119 ], [ 77.866, 30.12 ], [ 77.866, 30.12 ], [ 77.867, 30.121 ], [ 77.867, 30.122 ], [ 77.867, 30.122 ], [ 77.867, 30.122 ], [ 77.867, 30.123 ], [ 77.868, 30.124 ], [ 77.868, 30.124 ], [ 77.868, 30.125 ], [ 77.868, 30.125 ], [ 77.868, 30.126 ], [ 77.868, 30.127 ], [ 77.869, 30.127 ], [ 77.87, 30.128 ], [ 77.87, 30.129 ], [ 77.871, 30.13 ], [ 77.871, 30.131 ], [ 77.873, 30.134 ], [ 77.874, 30.135 ], [ 77.874, 30.135 ], [ 77.874, 30.136 ], [ 77.874, 30.137 ], [ 77.875, 30.137 ], [ 77.876, 30.138 ], [ 77.876, 30.139 ], [ 77.877, 30.139 ], [ 77.877, 30.14 ], [ 77.877, 30.141 ], [ 77.877, 30.141 ], [ 77.877, 30.141 ], [ 77.877, 30.142 ], [ 77.878, 30.143 ], [ 77.878, 30.143 ], [ 77.879, 30.144 ], [ 77.879, 30.145 ], [ 77.88, 30.146 ], [ 77.88, 30.146 ], [ 77.88, 30.147 ], [ 77.88, 30.147 ], [ 77.88, 30.148 ], [ 77.88, 30.149 ], [ 77.881, 30.15 ], [ 77.881, 30.151 ], [ 77.882, 30.151 ], [ 77.882, 30.152 ], [ 77.883, 30.152 ], [ 77.883, 30.152 ], [ 77.884, 30.153 ], [ 77.885, 30.154 ], [ 77.887, 30.155 ], [ 77.887, 30.156 ], [ 77.888, 30.156 ], [ 77.888, 30.157 ], [ 77.889, 30.157 ], [ 77.889, 30.158 ], [ 77.89, 30.159 ], [ 77.891, 30.159 ], [ 77.891, 30.16 ], [ 77.892, 30.161 ], [ 77.893, 30.162 ], [ 77.893, 30.162 ], [ 77.894, 30.163 ], [ 77.894, 30.164 ], [ 77.895, 30.165 ], [ 77.895, 30.166 ], [ 77.896, 30.167 ], [ 77.896, 30.168 ], [ 77.897, 30.168 ], [ 77.898, 30.169 ], [ 77.899, 30.17 ], [ 77.899, 30.17 ], [ 77.899, 30.171 ], [ 77.9, 30.172 ], [ 77.9, 30.173 ], [ 77.901, 30.173 ], [ 77.901, 30.174 ], [ 77.902, 30.174 ], [ 77.902, 30.174 ], [ 77.903, 30.175 ], [ 77.904, 30.175 ], [ 77.905, 30.176 ], [ 77.906, 30.177 ], [ 77.906, 30.177 ], [ 77.907, 30.177 ], [ 77.908, 30.178 ], [ 77.909, 30.179 ], [ 77.909, 30.179 ], [ 77.91, 30.18 ], [ 77.911, 30.181 ], [ 77.911, 30.182 ], [ 77.912, 30.183 ], [ 77.912, 30.183 ], [ 77.912, 30.184 ], [ 77.912, 30.184 ], [ 77.912, 30.185 ], [ 77.912, 30.185 ], [ 77.912, 30.186 ], [ 77.912, 30.187 ], [ 77.912, 30.188 ], [ 77.913, 30.189 ], [ 77.913, 30.189 ], [ 77.913, 30.189 ], [ 77.913, 30.189 ], [ 77.913, 30.19 ], [ 77.914, 30.19 ], [ 77.914, 30.19 ], [ 77.914, 30.191 ], [ 77.915, 30.191 ], [ 77.915, 30.191 ], [ 77.915, 30.192 ], [ 77.915, 30.192 ], [ 77.914, 30.193 ], [ 77.914, 30.193 ], [ 77.914, 30.194 ], [ 77.913, 30.194 ], [ 77.913, 30.194 ], [ 77.914, 30.195 ], [ 77.914, 30.195 ], [ 77.914, 30.195 ], [ 77.914, 30.196 ], [ 77.914, 30.196 ], [ 77.914, 30.197 ], [ 77.914, 30.197 ], [ 77.914, 30.198 ], [ 77.915, 30.198 ], [ 77.915, 30.198 ], [ 77.915, 30.199 ], [ 77.915, 30.199 ], [ 77.915, 30.2 ], [ 77.915, 30.2 ], [ 77.916, 30.2 ], [ 77.916, 30.201 ], [ 77.917, 30.202 ], [ 77.917, 30.202 ], [ 77.918, 30.203 ], [ 77.918, 30.203 ], [ 77.918, 30.203 ], [ 77.918, 30.204 ], [ 77.917, 30.204 ], [ 77.917, 30.204 ], [ 77.917, 30.204 ], [ 77.917, 30.205 ], [ 77.917, 30.205 ], [ 77.918, 30.205 ], [ 77.918, 30.206 ], [ 77.918, 30.206 ], [ 77.918, 30.206 ], [ 77.918, 30.207 ], [ 77.918, 30.207 ], [ 77.918, 30.208 ], [ 77.918, 30.208 ], [ 77.918, 30.209 ], [ 77.918, 30.209 ], [ 77.918, 30.21 ], [ 77.918, 30.21 ], [ 77.919, 30.211 ], [ 77.919, 30.211 ], [ 77.92, 30.212 ], [ 77.921, 30.212 ], [ 77.922, 30.213 ], [ 77.923, 30.213 ], [ 77.923, 30.213 ], [ 77.924, 30.213 ], [ 77.926, 30.213 ], [ 77.926, 30.213 ], [ 77.928, 30.213 ], [ 77.928, 30.213 ], [ 77.929, 30.213 ], [ 77.929, 30.214 ], [ 77.93, 30.214 ], [ 77.93, 30.214 ], [ 77.931, 30.214 ], [ 77.932, 30.214 ], [ 77.932, 30.214 ], [ 77.932, 30.215 ], [ 77.933, 30.215 ], [ 77.933, 30.215 ], [ 77.933, 30.216 ], [ 77.934, 30.217 ], [ 77.934, 30.218 ], [ 77.934, 30.218 ], [ 77.935, 30.219 ], [ 77.935, 30.219 ], [ 77.935, 30.22 ], [ 77.936, 30.22 ], [ 77.937, 30.22 ], [ 77.938, 30.221 ], [ 77.938, 30.221 ], [ 77.938, 30.221 ], [ 77.938, 30.222 ], [ 77.938, 30.223 ], [ 77.939, 30.223 ], [ 77.938, 30.224 ], [ 77.938, 30.224 ], [ 77.938, 30.224 ], [ 77.939, 30.225 ], [ 77.939, 30.225 ], [ 77.94, 30.225 ], [ 77.94, 30.226 ], [ 77.94, 30.226 ], [ 77.94, 30.226 ], [ 77.941, 30.227 ], [ 77.941, 30.227 ], [ 77.941, 30.228 ], [ 77.941, 30.228 ], [ 77.942, 30.228 ], [ 77.943, 30.228 ], [ 77.943, 30.228 ], [ 77.944, 30.229 ], [ 77.944, 30.229 ], [ 77.944, 30.229 ], [ 77.945, 30.229 ], [ 77.945, 30.23 ], [ 77.945, 30.23 ], [ 77.946, 30.23 ], [ 77.946, 30.23 ], [ 77.946, 30.231 ], [ 77.946, 30.231 ], [ 77.946, 30.232 ], [ 77.946, 30.232 ], [ 77.946, 30.233 ], [ 77.946, 30.233 ], [ 77.947, 30.234 ], [ 77.947, 30.234 ], [ 77.947, 30.234 ], [ 77.948, 30.234 ], [ 77.949, 30.235 ], [ 77.949, 30.235 ], [ 77.95, 30.235 ], [ 77.95, 30.235 ], [ 77.95, 30.236 ], [ 77.951, 30.236 ], [ 77.951, 30.236 ], [ 77.951, 30.236 ], [ 77.951, 30.237 ], [ 77.952, 30.237 ], [ 77.952, 30.238 ], [ 77.952, 30.238 ], [ 77.953, 30.238 ], [ 77.954, 30.239 ], [ 77.954, 30.239 ], [ 77.954, 30.239 ], [ 77.955, 30.239 ], [ 77.955, 30.24 ], [ 77.955, 30.24 ], [ 77.955, 30.24 ], [ 77.955, 30.24 ], [ 77.955, 30.24 ], [ 77.956, 30.24 ], [ 77.956, 30.24 ], [ 77.956, 30.24 ], [ 77.957, 30.241 ], [ 77.957, 30.242 ], [ 77.958, 30.242 ], [ 77.958, 30.242 ], [ 77.958, 30.242 ], [ 77.959, 30.242 ], [ 77.959, 30.242 ], [ 77.96, 30.242 ], [ 77.96, 30.242 ], [ 77.96, 30.242 ], [ 77.961, 30.242 ], [ 77.961, 30.242 ], [ 77.962, 30.242 ], [ 77.962, 30.243 ], [ 77.961, 30.243 ], [ 77.961, 30.244 ], [ 77.96, 30.244 ], [ 77.959, 30.245 ], [ 77.959, 30.245 ], [ 77.958, 30.245 ], [ 77.958, 30.245 ], [ 77.957, 30.245 ], [ 77.957, 30.245 ], [ 77.957, 30.245 ], [ 77.957, 30.245 ], [ 77.957, 30.245 ], [ 77.956, 30.245 ], [ 77.956, 30.245 ], [ 77.955, 30.245 ], [ 77.954, 30.245 ], [ 77.953, 30.245 ], [ 77.952, 30.245 ], [ 77.952, 30.245 ], [ 77.95, 30.244 ], [ 77.95, 30.242 ], [ 77.948, 30.242 ], [ 77.946, 30.241 ], [ 77.946, 30.241 ], [ 77.945, 30.24 ], [ 77.945, 30.24 ], [ 77.944, 30.24 ], [ 77.944, 30.239 ], [ 77.943, 30.239 ], [ 77.942, 30.24 ], [ 77.941, 30.24 ], [ 77.941, 30.24 ], [ 77.941, 30.241 ], [ 77.941, 30.241 ], [ 77.94, 30.242 ], [ 77.94, 30.243 ], [ 77.939, 30.243 ], [ 77.938, 30.243 ], [ 77.938, 30.244 ], [ 77.938, 30.244 ], [ 77.939, 30.245 ], [ 77.939, 30.245 ], [ 77.939, 30.246 ], [ 77.938, 30.246 ], [ 77.937, 30.247 ], [ 77.937, 30.247 ], [ 77.937, 30.248 ], [ 77.937, 30.248 ], [ 77.937, 30.249 ], [ 77.934, 30.249 ], [ 77.933, 30.25 ], [ 77.932, 30.25 ], [ 77.932, 30.25 ], [ 77.932, 30.25 ], [ 77.932, 30.251 ], [ 77.931, 30.251 ], [ 77.93, 30.251 ], [ 77.929, 30.251 ], [ 77.929, 30.251 ], [ 77.927, 30.252 ], [ 77.925, 30.252 ], [ 77.924, 30.253 ], [ 77.922, 30.254 ], [ 77.921, 30.254 ], [ 77.92, 30.254 ], [ 77.918, 30.255 ], [ 77.917, 30.255 ], [ 77.915, 30.256 ], [ 77.913, 30.256 ], [ 77.911, 30.257 ], [ 77.91, 30.258 ], [ 77.909, 30.258 ], [ 77.908, 30.259 ], [ 77.907, 30.26 ], [ 77.906, 30.26 ], [ 77.905, 30.261 ], [ 77.904, 30.261 ], [ 77.902, 30.262 ], [ 77.901, 30.263 ], [ 77.9, 30.263 ], [ 77.898, 30.263 ], [ 77.898, 30.264 ], [ 77.896, 30.264 ], [ 77.894, 30.265 ], [ 77.893, 30.266 ], [ 77.892, 30.266 ], [ 77.89, 30.266 ], [ 77.889, 30.266 ], [ 77.888, 30.267 ], [ 77.887, 30.267 ], [ 77.886, 30.267 ], [ 77.886, 30.267 ], [ 77.885, 30.267 ], [ 77.885, 30.267 ], [ 77.885, 30.266 ], [ 77.885, 30.265 ], [ 77.884, 30.264 ], [ 77.883, 30.264 ], [ 77.882, 30.263 ], [ 77.882, 30.262 ], [ 77.881, 30.262 ], [ 77.88, 30.262 ], [ 77.88, 30.262 ], [ 77.879, 30.262 ], [ 77.878, 30.263 ], [ 77.877, 30.263 ], [ 77.876, 30.263 ], [ 77.876, 30.264 ], [ 77.875, 30.264 ], [ 77.874, 30.264 ], [ 77.873, 30.264 ], [ 77.873, 30.265 ], [ 77.872, 30.264 ], [ 77.871, 30.265 ], [ 77.87, 30.265 ], [ 77.869, 30.266 ], [ 77.868, 30.266 ], [ 77.867, 30.266 ], [ 77.866, 30.266 ], [ 77.865, 30.266 ], [ 77.864, 30.267 ], [ 77.863, 30.268 ], [ 77.862, 30.268 ], [ 77.861, 30.269 ], [ 77.861, 30.27 ], [ 77.86, 30.27 ], [ 77.859, 30.271 ], [ 77.858, 30.271 ], [ 77.858, 30.27 ], [ 77.857, 30.271 ], [ 77.856, 30.271 ], [ 77.855, 30.271 ], [ 77.855, 30.272 ], [ 77.854, 30.272 ], [ 77.854, 30.271 ], [ 77.854, 30.271 ], [ 77.853, 30.271 ], [ 77.851, 30.271 ], [ 77.85, 30.271 ], [ 77.849, 30.271 ], [ 77.848, 30.271 ], [ 77.848, 30.271 ], [ 77.847, 30.271 ], [ 77.847, 30.272 ], [ 77.846, 30.272 ], [ 77.846, 30.273 ], [ 77.847, 30.273 ], [ 77.847, 30.274 ], [ 77.847, 30.275 ], [ 77.847, 30.276 ], [ 77.847, 30.277 ], [ 77.847, 30.276 ], [ 77.846, 30.276 ], [ 77.846, 30.277 ], [ 77.845, 30.277 ], [ 77.844, 30.277 ], [ 77.843, 30.276 ], [ 77.843, 30.276 ], [ 77.842, 30.276 ], [ 77.842, 30.276 ], [ 77.841, 30.275 ], [ 77.841, 30.274 ], [ 77.84, 30.274 ], [ 77.84, 30.274 ], [ 77.839, 30.275 ], [ 77.838, 30.275 ], [ 77.837, 30.276 ], [ 77.837, 30.276 ], [ 77.836, 30.277 ], [ 77.836, 30.277 ], [ 77.834, 30.279 ], [ 77.834, 30.279 ], [ 77.833, 30.28 ], [ 77.833, 30.28 ], [ 77.832, 30.28 ], [ 77.831, 30.281 ], [ 77.829, 30.282 ], [ 77.827, 30.282 ], [ 77.825, 30.283 ], [ 77.824, 30.284 ], [ 77.822, 30.284 ], [ 77.82, 30.285 ], [ 77.819, 30.285 ], [ 77.818, 30.286 ], [ 77.817, 30.287 ], [ 77.816, 30.287 ], [ 77.813, 30.288 ], [ 77.812, 30.288 ], [ 77.811, 30.289 ], [ 77.81, 30.29 ], [ 77.809, 30.29 ], [ 77.807, 30.291 ], [ 77.805, 30.291 ], [ 77.804, 30.292 ], [ 77.803, 30.293 ], [ 77.802, 30.293 ], [ 77.8, 30.294 ], [ 77.798, 30.296 ], [ 77.796, 30.296 ], [ 77.795, 30.297 ], [ 77.794, 30.297 ], [ 77.793, 30.298 ], [ 77.793, 30.298 ], [ 77.792, 30.299 ], [ 77.791, 30.3 ], [ 77.79, 30.3 ], [ 77.788, 30.301 ], [ 77.787, 30.302 ], [ 77.786, 30.303 ], [ 77.785, 30.304 ], [ 77.785, 30.305 ], [ 77.784, 30.306 ], [ 77.783, 30.306 ], [ 77.78, 30.308 ], [ 77.777, 30.309 ], [ 77.775, 30.31 ], [ 77.774, 30.311 ], [ 77.772, 30.312 ], [ 77.771, 30.312 ], [ 77.77, 30.312 ], [ 77.768, 30.313 ], [ 77.767, 30.314 ], [ 77.766, 30.314 ], [ 77.764, 30.316 ], [ 77.764, 30.316 ], [ 77.763, 30.317 ], [ 77.762, 30.318 ], [ 77.762, 30.318 ], [ 77.761, 30.318 ], [ 77.761, 30.318 ], [ 77.759, 30.318 ], [ 77.757, 30.318 ], [ 77.756, 30.318 ], [ 77.755, 30.318 ], [ 77.754, 30.318 ], [ 77.753, 30.319 ], [ 77.751, 30.319 ], [ 77.75, 30.32 ], [ 77.749, 30.32 ], [ 77.749, 30.32 ], [ 77.748, 30.32 ], [ 77.748, 30.32 ], [ 77.747, 30.32 ], [ 77.747, 30.32 ], [ 77.746, 30.321 ], [ 77.745, 30.322 ], [ 77.744, 30.322 ], [ 77.74, 30.323 ], [ 77.738, 30.324 ], [ 77.738, 30.324 ], [ 77.737, 30.325 ], [ 77.736, 30.326 ], [ 77.734, 30.326 ], [ 77.734, 30.326 ], [ 77.733, 30.327 ], [ 77.733, 30.328 ], [ 77.732, 30.328 ], [ 77.73, 30.329 ], [ 77.729, 30.329 ], [ 77.728, 30.329 ], [ 77.728, 30.329 ], [ 77.727, 30.329 ], [ 77.727, 30.329 ], [ 77.727, 30.33 ], [ 77.727, 30.33 ], [ 77.726, 30.33 ], [ 77.725, 30.33 ], [ 77.725, 30.329 ], [ 77.724, 30.33 ], [ 77.723, 30.33 ], [ 77.722, 30.33 ], [ 77.721, 30.331 ], [ 77.719, 30.333 ], [ 77.718, 30.334 ], [ 77.717, 30.335 ], [ 77.716, 30.337 ], [ 77.715, 30.337 ], [ 77.714, 30.338 ], [ 77.714, 30.339 ], [ 77.714, 30.34 ], [ 77.714, 30.34 ], [ 77.712, 30.34 ], [ 77.711, 30.341 ], [ 77.71, 30.342 ], [ 77.709, 30.343 ], [ 77.709, 30.345 ], [ 77.709, 30.345 ], [ 77.706, 30.347 ], [ 77.706, 30.347 ], [ 77.706, 30.348 ], [ 77.706, 30.35 ], [ 77.703, 30.354 ], [ 77.702, 30.356 ], [ 77.699, 30.358 ], [ 77.698, 30.36 ], [ 77.698, 30.362 ], [ 77.697, 30.364 ], [ 77.696, 30.365 ], [ 77.695, 30.366 ], [ 77.694, 30.369 ], [ 77.693, 30.371 ], [ 77.692, 30.372 ], [ 77.691, 30.373 ], [ 77.691, 30.375 ], [ 77.69, 30.376 ], [ 77.69, 30.377 ], [ 77.688, 30.378 ], [ 77.686, 30.379 ], [ 77.685, 30.378 ], [ 77.683, 30.376 ], [ 77.681, 30.375 ], [ 77.679, 30.375 ], [ 77.678, 30.376 ], [ 77.677, 30.377 ], [ 77.677, 30.379 ], [ 77.676, 30.38 ], [ 77.676, 30.383 ], [ 77.677, 30.384 ], [ 77.677, 30.385 ], [ 77.677, 30.386 ], [ 77.677, 30.387 ], [ 77.677, 30.388 ], [ 77.675, 30.388 ], [ 77.674, 30.389 ], [ 77.674, 30.39 ], [ 77.673, 30.39 ], [ 77.672, 30.39 ], [ 77.671, 30.391 ], [ 77.669, 30.39 ], [ 77.667, 30.39 ], [ 77.665, 30.39 ], [ 77.663, 30.39 ], [ 77.661, 30.39 ], [ 77.66, 30.391 ], [ 77.66, 30.392 ], [ 77.66, 30.393 ], [ 77.659, 30.394 ], [ 77.658, 30.396 ], [ 77.657, 30.397 ], [ 77.657, 30.398 ], [ 77.657, 30.399 ], [ 77.657, 30.4 ], [ 77.658, 30.4 ], [ 77.657, 30.401 ], [ 77.657, 30.401 ], [ 77.656, 30.401 ], [ 77.655, 30.401 ], [ 77.653, 30.401 ], [ 77.652, 30.402 ], [ 77.652, 30.402 ], [ 77.651, 30.403 ], [ 77.651, 30.403 ], [ 77.65, 30.403 ], [ 77.649, 30.403 ], [ 77.648, 30.404 ], [ 77.648, 30.405 ], [ 77.647, 30.405 ], [ 77.646, 30.404 ], [ 77.645, 30.404 ], [ 77.643, 30.403 ], [ 77.641, 30.403 ], [ 77.64, 30.402 ], [ 77.639, 30.401 ], [ 77.636, 30.399 ], [ 77.633, 30.398 ], [ 77.631, 30.398 ], [ 77.629, 30.398 ], [ 77.628, 30.399 ], [ 77.627, 30.4 ], [ 77.626, 30.402 ], [ 77.625, 30.403 ], [ 77.625, 30.404 ], [ 77.625, 30.405 ], [ 77.624, 30.405 ], [ 77.624, 30.405 ], [ 77.623, 30.405 ], [ 77.622, 30.405 ], [ 77.621, 30.404 ], [ 77.62, 30.403 ], [ 77.618, 30.402 ], [ 77.617, 30.402 ], [ 77.616, 30.402 ], [ 77.615, 30.403 ], [ 77.614, 30.403 ], [ 77.612, 30.403 ], [ 77.611, 30.403 ], [ 77.61, 30.402 ], [ 77.609, 30.402 ], [ 77.607, 30.402 ], [ 77.606, 30.402 ], [ 77.605, 30.402 ], [ 77.605, 30.402 ], [ 77.604, 30.402 ], [ 77.604, 30.403 ], [ 77.603, 30.403 ], [ 77.603, 30.403 ], [ 77.603, 30.402 ], [ 77.602, 30.402 ], [ 77.602, 30.402 ], [ 77.602, 30.401 ], [ 77.602, 30.401 ], [ 77.602, 30.401 ], [ 77.602, 30.4 ], [ 77.602, 30.4 ], [ 77.602, 30.4 ], [ 77.602, 30.4 ], [ 77.601, 30.4 ], [ 77.6, 30.401 ], [ 77.6, 30.401 ], [ 77.6, 30.402 ], [ 77.6, 30.402 ], [ 77.6, 30.403 ], [ 77.599, 30.404 ], [ 77.598, 30.405 ], [ 77.597, 30.406 ], [ 77.596, 30.406 ], [ 77.595, 30.406 ], [ 77.593, 30.406 ], [ 77.592, 30.406 ], [ 77.59, 30.406 ], [ 77.59, 30.406 ], [ 77.588, 30.406 ], [ 77.587, 30.405 ], [ 77.586, 30.405 ], [ 77.585, 30.405 ], [ 77.584, 30.403 ], [ 77.582, 30.402 ], [ 77.582, 30.401 ], [ 77.582, 30.401 ], [ 77.582, 30.4 ], [ 77.583, 30.4 ], [ 77.583, 30.4 ], [ 77.582, 30.4 ], [ 77.581, 30.4 ], [ 77.58, 30.399 ], [ 77.58, 30.399 ], [ 77.579, 30.399 ], [ 77.578, 30.398 ], [ 77.576, 30.397 ], [ 77.576, 30.397 ], [ 77.576, 30.397 ], [ 77.576, 30.398 ], [ 77.575, 30.399 ], [ 77.575, 30.4 ], [ 77.575, 30.4 ], [ 77.575, 30.4 ], [ 77.575, 30.4 ], [ 77.575, 30.4 ], [ 77.575, 30.4 ], [ 77.575, 30.401 ], [ 77.574, 30.403 ], [ 77.573, 30.404 ], [ 77.573, 30.407 ], [ 77.572, 30.408 ], [ 77.572, 30.408 ], [ 77.572, 30.409 ], [ 77.572, 30.41 ], [ 77.572, 30.411 ], [ 77.573, 30.412 ], [ 77.574, 30.413 ], [ 77.576, 30.414 ], [ 77.576, 30.414 ], [ 77.577, 30.415 ], [ 77.579, 30.416 ], [ 77.58, 30.416 ], [ 77.581, 30.417 ], [ 77.581, 30.418 ], [ 77.581, 30.418 ], [ 77.581, 30.418 ], [ 77.581, 30.418 ], [ 77.582, 30.418 ], [ 77.582, 30.418 ], [ 77.583, 30.42 ], [ 77.584, 30.42 ], [ 77.584, 30.421 ], [ 77.586, 30.422 ], [ 77.589, 30.423 ], [ 77.591, 30.423 ], [ 77.592, 30.423 ], [ 77.592, 30.423 ], [ 77.592, 30.424 ], [ 77.593, 30.425 ], [ 77.593, 30.425 ], [ 77.594, 30.426 ], [ 77.595, 30.427 ], [ 77.596, 30.427 ], [ 77.599, 30.428 ], [ 77.603, 30.429 ], [ 77.604, 30.429 ], [ 77.609, 30.43 ], [ 77.61, 30.431 ], [ 77.612, 30.431 ], [ 77.612, 30.431 ], [ 77.613, 30.431 ], [ 77.615, 30.432 ], [ 77.619, 30.434 ], [ 77.621, 30.434 ], [ 77.623, 30.435 ], [ 77.624, 30.435 ], [ 77.626, 30.435 ], [ 77.627, 30.434 ], [ 77.627, 30.434 ], [ 77.628, 30.433 ], [ 77.629, 30.432 ], [ 77.631, 30.432 ], [ 77.632, 30.431 ], [ 77.633, 30.431 ], [ 77.634, 30.432 ], [ 77.635, 30.432 ], [ 77.636, 30.433 ], [ 77.636, 30.433 ], [ 77.637, 30.433 ], [ 77.637, 30.433 ], [ 77.639, 30.433 ], [ 77.641, 30.432 ], [ 77.641, 30.432 ], [ 77.643, 30.432 ], [ 77.644, 30.432 ], [ 77.645, 30.433 ], [ 77.646, 30.433 ], [ 77.646, 30.433 ], [ 77.647, 30.435 ], [ 77.647, 30.436 ], [ 77.648, 30.438 ], [ 77.649, 30.44 ], [ 77.649, 30.442 ], [ 77.649, 30.443 ], [ 77.649, 30.444 ], [ 77.649, 30.445 ], [ 77.649, 30.446 ], [ 77.649, 30.446 ], [ 77.65, 30.447 ], [ 77.651, 30.448 ], [ 77.652, 30.448 ], [ 77.654, 30.448 ], [ 77.655, 30.448 ], [ 77.657, 30.448 ], [ 77.658, 30.447 ], [ 77.66, 30.447 ], [ 77.662, 30.447 ], [ 77.663, 30.447 ], [ 77.664, 30.446 ], [ 77.665, 30.446 ], [ 77.666, 30.446 ], [ 77.667, 30.446 ], [ 77.668, 30.446 ], [ 77.669, 30.445 ], [ 77.671, 30.444 ], [ 77.674, 30.445 ], [ 77.679, 30.446 ], [ 77.682, 30.446 ], [ 77.682, 30.446 ], [ 77.684, 30.447 ], [ 77.688, 30.447 ], [ 77.69, 30.448 ], [ 77.692, 30.449 ], [ 77.693, 30.45 ], [ 77.694, 30.452 ], [ 77.695, 30.453 ], [ 77.696, 30.455 ], [ 77.698, 30.456 ], [ 77.701, 30.457 ], [ 77.703, 30.458 ], [ 77.704, 30.459 ], [ 77.706, 30.459 ], [ 77.707, 30.459 ], [ 77.708, 30.46 ], [ 77.708, 30.461 ], [ 77.708, 30.462 ], [ 77.71, 30.463 ], [ 77.711, 30.463 ], [ 77.713, 30.465 ], [ 77.715, 30.467 ], [ 77.716, 30.468 ], [ 77.717, 30.47 ], [ 77.718, 30.471 ], [ 77.719, 30.472 ], [ 77.721, 30.473 ], [ 77.723, 30.473 ], [ 77.726, 30.474 ], [ 77.728, 30.474 ], [ 77.73, 30.473 ], [ 77.732, 30.473 ], [ 77.734, 30.474 ], [ 77.739, 30.476 ], [ 77.743, 30.478 ], [ 77.745, 30.479 ], [ 77.746, 30.48 ], [ 77.747, 30.481 ], [ 77.748, 30.482 ], [ 77.749, 30.482 ], [ 77.749, 30.482 ], [ 77.751, 30.483 ], [ 77.751, 30.483 ], [ 77.752, 30.483 ], [ 77.753, 30.484 ], [ 77.755, 30.486 ], [ 77.757, 30.487 ], [ 77.758, 30.488 ], [ 77.761, 30.489 ], [ 77.763, 30.49 ], [ 77.764, 30.491 ], [ 77.767, 30.492 ], [ 77.769, 30.493 ], [ 77.77, 30.493 ], [ 77.773, 30.494 ], [ 77.775, 30.494 ], [ 77.776, 30.494 ], [ 77.776, 30.495 ], [ 77.777, 30.496 ], [ 77.778, 30.496 ], [ 77.779, 30.498 ], [ 77.78, 30.498 ], [ 77.781, 30.499 ], [ 77.781, 30.499 ], [ 77.781, 30.499 ], [ 77.782, 30.499 ], [ 77.782, 30.5 ], [ 77.782, 30.5 ], [ 77.782, 30.5 ], [ 77.782, 30.5 ], [ 77.782, 30.5 ], [ 77.783, 30.501 ], [ 77.784, 30.501 ], [ 77.786, 30.501 ], [ 77.788, 30.501 ], [ 77.789, 30.501 ], [ 77.791, 30.501 ], [ 77.792, 30.501 ], [ 77.794, 30.501 ], [ 77.795, 30.501 ], [ 77.797, 30.501 ], [ 77.798, 30.501 ], [ 77.799, 30.501 ], [ 77.8, 30.501 ], [ 77.801, 30.501 ], [ 77.802, 30.502 ], [ 77.804, 30.502 ], [ 77.805, 30.503 ], [ 77.806, 30.503 ], [ 77.807, 30.504 ], [ 77.808, 30.505 ], [ 77.808, 30.505 ], [ 77.808, 30.505 ], [ 77.809, 30.505 ], [ 77.809, 30.505 ], [ 77.81, 30.505 ], [ 77.811, 30.505 ], [ 77.812, 30.505 ], [ 77.814, 30.505 ], [ 77.815, 30.505 ], [ 77.815, 30.505 ], [ 77.815, 30.505 ], [ 77.816, 30.506 ], [ 77.817, 30.506 ], [ 77.817, 30.506 ], [ 77.817, 30.506 ], [ 77.817, 30.506 ], [ 77.818, 30.507 ], [ 77.818, 30.507 ], [ 77.818, 30.507 ], [ 77.818, 30.507 ], [ 77.818, 30.508 ], [ 77.819, 30.508 ], [ 77.819, 30.508 ], [ 77.819, 30.508 ], [ 77.819, 30.508 ], [ 77.819, 30.508 ], [ 77.819, 30.508 ], [ 77.819, 30.509 ], [ 77.819, 30.51 ], [ 77.819, 30.51 ], [ 77.819, 30.511 ], [ 77.819, 30.511 ], [ 77.818, 30.512 ], [ 77.818, 30.513 ], [ 77.818, 30.513 ], [ 77.818, 30.513 ], [ 77.818, 30.513 ], [ 77.818, 30.515 ], [ 77.819, 30.516 ], [ 77.819, 30.516 ], [ 77.819, 30.516 ], [ 77.819, 30.519 ], [ 77.819, 30.52 ], [ 77.82, 30.521 ], [ 77.82, 30.524 ], [ 77.82, 30.524 ], [ 77.82, 30.525 ], [ 77.821, 30.525 ], [ 77.822, 30.526 ], [ 77.823, 30.526 ], [ 77.824, 30.526 ], [ 77.825, 30.526 ], [ 77.825, 30.526 ], [ 77.826, 30.526 ], [ 77.826, 30.527 ], [ 77.826, 30.527 ], [ 77.826, 30.527 ], [ 77.827, 30.527 ], [ 77.827, 30.528 ], [ 77.827, 30.529 ], [ 77.828, 30.531 ], [ 77.828, 30.533 ], [ 77.828, 30.533 ], [ 77.827, 30.534 ], [ 77.826, 30.534 ], [ 77.825, 30.535 ], [ 77.825, 30.536 ], [ 77.824, 30.539 ], [ 77.824, 30.54 ], [ 77.824, 30.541 ], [ 77.824, 30.542 ], [ 77.823, 30.542 ], [ 77.822, 30.543 ], [ 77.822, 30.544 ], [ 77.821, 30.545 ], [ 77.82, 30.545 ], [ 77.82, 30.546 ], [ 77.82, 30.546 ], [ 77.82, 30.546 ], [ 77.82, 30.546 ], [ 77.82, 30.546 ], [ 77.82, 30.547 ], [ 77.82, 30.547 ], [ 77.82, 30.548 ], [ 77.82, 30.548 ], [ 77.821, 30.55 ], [ 77.822, 30.552 ], [ 77.823, 30.554 ], [ 77.823, 30.554 ], [ 77.822, 30.554 ], [ 77.822, 30.555 ], [ 77.821, 30.556 ], [ 77.821, 30.556 ], [ 77.82, 30.556 ], [ 77.82, 30.557 ], [ 77.82, 30.557 ], [ 77.819, 30.558 ], [ 77.818, 30.559 ], [ 77.818, 30.561 ], [ 77.818, 30.561 ], [ 77.817, 30.561 ], [ 77.817, 30.561 ], [ 77.816, 30.561 ], [ 77.814, 30.56 ], [ 77.812, 30.559 ], [ 77.811, 30.557 ], [ 77.81, 30.557 ], [ 77.808, 30.556 ], [ 77.807, 30.555 ], [ 77.806, 30.554 ], [ 77.805, 30.554 ], [ 77.804, 30.555 ], [ 77.803, 30.556 ], [ 77.803, 30.556 ], [ 77.803, 30.557 ], [ 77.802, 30.557 ], [ 77.802, 30.557 ], [ 77.802, 30.557 ], [ 77.802, 30.557 ], [ 77.801, 30.558 ], [ 77.8, 30.558 ], [ 77.799, 30.557 ], [ 77.799, 30.557 ], [ 77.798, 30.556 ], [ 77.798, 30.555 ], [ 77.797, 30.554 ], [ 77.796, 30.554 ], [ 77.794, 30.553 ], [ 77.793, 30.553 ], [ 77.791, 30.554 ], [ 77.791, 30.554 ], [ 77.79, 30.555 ], [ 77.79, 30.555 ], [ 77.789, 30.556 ], [ 77.788, 30.557 ], [ 77.788, 30.557 ], [ 77.788, 30.557 ], [ 77.787, 30.557 ], [ 77.787, 30.558 ], [ 77.786, 30.559 ], [ 77.784, 30.559 ], [ 77.784, 30.56 ], [ 77.783, 30.56 ], [ 77.783, 30.56 ], [ 77.783, 30.56 ], [ 77.782, 30.56 ], [ 77.78, 30.559 ], [ 77.779, 30.558 ], [ 77.779, 30.558 ], [ 77.779, 30.558 ], [ 77.778, 30.558 ], [ 77.777, 30.558 ], [ 77.775, 30.558 ], [ 77.774, 30.558 ], [ 77.774, 30.558 ], [ 77.773, 30.559 ], [ 77.772, 30.559 ], [ 77.771, 30.56 ], [ 77.771, 30.561 ], [ 77.771, 30.562 ], [ 77.77, 30.563 ], [ 77.769, 30.564 ], [ 77.768, 30.565 ], [ 77.768, 30.565 ], [ 77.767, 30.567 ], [ 77.767, 30.567 ], [ 77.767, 30.568 ], [ 77.767, 30.569 ], [ 77.767, 30.57 ], [ 77.767, 30.57 ], [ 77.767, 30.571 ], [ 77.767, 30.572 ], [ 77.766, 30.572 ], [ 77.766, 30.573 ], [ 77.765, 30.573 ], [ 77.764, 30.574 ], [ 77.763, 30.575 ], [ 77.763, 30.576 ], [ 77.763, 30.576 ], [ 77.762, 30.576 ], [ 77.762, 30.577 ], [ 77.761, 30.577 ], [ 77.761, 30.577 ], [ 77.761, 30.578 ], [ 77.761, 30.578 ], [ 77.76, 30.578 ], [ 77.76, 30.578 ], [ 77.76, 30.579 ], [ 77.76, 30.579 ], [ 77.76, 30.579 ], [ 77.759, 30.579 ], [ 77.759, 30.58 ], [ 77.759, 30.58 ], [ 77.758, 30.582 ], [ 77.758, 30.583 ], [ 77.757, 30.584 ], [ 77.757, 30.584 ], [ 77.757, 30.585 ], [ 77.757, 30.585 ], [ 77.757, 30.586 ], [ 77.756, 30.586 ], [ 77.756, 30.586 ], [ 77.756, 30.586 ], [ 77.756, 30.586 ], [ 77.755, 30.586 ], [ 77.754, 30.587 ], [ 77.753, 30.587 ], [ 77.752, 30.588 ], [ 77.751, 30.589 ], [ 77.749, 30.59 ], [ 77.749, 30.59 ], [ 77.749, 30.591 ], [ 77.749, 30.591 ], [ 77.748, 30.591 ], [ 77.747, 30.592 ], [ 77.746, 30.592 ], [ 77.745, 30.592 ], [ 77.744, 30.592 ], [ 77.744, 30.592 ], [ 77.743, 30.593 ], [ 77.743, 30.594 ], [ 77.743, 30.594 ], [ 77.743, 30.595 ], [ 77.743, 30.596 ], [ 77.743, 30.596 ], [ 77.743, 30.596 ], [ 77.744, 30.597 ], [ 77.746, 30.597 ], [ 77.746, 30.597 ], [ 77.747, 30.597 ], [ 77.747, 30.597 ], [ 77.747, 30.598 ], [ 77.747, 30.598 ], [ 77.747, 30.599 ], [ 77.746, 30.599 ], [ 77.745, 30.6 ], [ 77.744, 30.6 ], [ 77.743, 30.601 ], [ 77.743, 30.601 ], [ 77.743, 30.601 ], [ 77.743, 30.601 ], [ 77.743, 30.602 ], [ 77.743, 30.602 ], [ 77.744, 30.603 ], [ 77.744, 30.603 ], [ 77.744, 30.603 ], [ 77.744, 30.603 ], [ 77.746, 30.604 ], [ 77.747, 30.604 ], [ 77.749, 30.603 ], [ 77.749, 30.603 ], [ 77.75, 30.602 ], [ 77.751, 30.602 ], [ 77.752, 30.602 ], [ 77.752, 30.602 ], [ 77.753, 30.602 ], [ 77.754, 30.603 ], [ 77.754, 30.604 ], [ 77.755, 30.604 ], [ 77.756, 30.605 ], [ 77.757, 30.604 ], [ 77.758, 30.603 ], [ 77.759, 30.602 ], [ 77.76, 30.601 ], [ 77.76, 30.601 ], [ 77.76, 30.601 ], [ 77.76, 30.601 ], [ 77.76, 30.601 ], [ 77.761, 30.6 ], [ 77.761, 30.599 ], [ 77.761, 30.599 ], [ 77.762, 30.597 ], [ 77.763, 30.597 ], [ 77.764, 30.596 ], [ 77.764, 30.596 ], [ 77.765, 30.596 ], [ 77.765, 30.596 ], [ 77.766, 30.596 ], [ 77.766, 30.596 ], [ 77.766, 30.595 ], [ 77.767, 30.595 ], [ 77.767, 30.595 ], [ 77.768, 30.596 ], [ 77.769, 30.596 ], [ 77.77, 30.596 ], [ 77.771, 30.596 ], [ 77.771, 30.596 ], [ 77.772, 30.597 ], [ 77.772, 30.598 ], [ 77.772, 30.599 ], [ 77.772, 30.599 ], [ 77.772, 30.599 ], [ 77.772, 30.6 ], [ 77.772, 30.6 ], [ 77.771, 30.601 ], [ 77.771, 30.603 ], [ 77.771, 30.603 ], [ 77.77, 30.604 ], [ 77.77, 30.605 ], [ 77.77, 30.605 ], [ 77.77, 30.606 ], [ 77.77, 30.607 ], [ 77.77, 30.608 ], [ 77.771, 30.609 ], [ 77.771, 30.61 ], [ 77.771, 30.611 ], [ 77.771, 30.611 ], [ 77.771, 30.611 ], [ 77.77, 30.612 ], [ 77.77, 30.612 ], [ 77.77, 30.613 ], [ 77.769, 30.614 ], [ 77.769, 30.614 ], [ 77.769, 30.615 ], [ 77.769, 30.615 ], [ 77.769, 30.615 ], [ 77.77, 30.616 ], [ 77.771, 30.616 ], [ 77.772, 30.617 ], [ 77.772, 30.617 ], [ 77.772, 30.617 ], [ 77.773, 30.616 ], [ 77.774, 30.616 ], [ 77.774, 30.616 ], [ 77.774, 30.615 ], [ 77.775, 30.614 ], [ 77.775, 30.614 ], [ 77.775, 30.614 ], [ 77.776, 30.614 ], [ 77.778, 30.613 ], [ 77.78, 30.613 ], [ 77.781, 30.613 ], [ 77.782, 30.613 ], [ 77.783, 30.613 ], [ 77.784, 30.614 ], [ 77.786, 30.614 ], [ 77.787, 30.614 ], [ 77.788, 30.614 ], [ 77.791, 30.614 ], [ 77.793, 30.614 ], [ 77.794, 30.613 ], [ 77.795, 30.613 ], [ 77.796, 30.613 ], [ 77.796, 30.614 ], [ 77.796, 30.614 ], [ 77.796, 30.614 ], [ 77.796, 30.614 ], [ 77.796, 30.615 ], [ 77.796, 30.615 ], [ 77.796, 30.616 ], [ 77.795, 30.617 ], [ 77.794, 30.617 ], [ 77.794, 30.618 ], [ 77.794, 30.618 ], [ 77.793, 30.619 ], [ 77.793, 30.619 ], [ 77.793, 30.62 ], [ 77.793, 30.621 ], [ 77.792, 30.621 ], [ 77.791, 30.621 ], [ 77.79, 30.622 ], [ 77.789, 30.622 ], [ 77.788, 30.623 ], [ 77.787, 30.623 ], [ 77.787, 30.624 ], [ 77.786, 30.624 ], [ 77.786, 30.624 ], [ 77.786, 30.624 ], [ 77.786, 30.624 ], [ 77.786, 30.625 ], [ 77.786, 30.625 ], [ 77.786, 30.626 ], [ 77.786, 30.628 ], [ 77.786, 30.629 ], [ 77.786, 30.63 ], [ 77.787, 30.631 ], [ 77.788, 30.632 ], [ 77.789, 30.632 ], [ 77.79, 30.633 ], [ 77.791, 30.634 ], [ 77.791, 30.634 ], [ 77.791, 30.634 ], [ 77.79, 30.634 ], [ 77.79, 30.635 ], [ 77.788, 30.635 ], [ 77.787, 30.636 ], [ 77.787, 30.636 ], [ 77.787, 30.636 ], [ 77.786, 30.637 ], [ 77.786, 30.637 ], [ 77.786, 30.638 ], [ 77.786, 30.638 ], [ 77.786, 30.639 ], [ 77.786, 30.64 ], [ 77.786, 30.64 ], [ 77.787, 30.641 ], [ 77.787, 30.641 ], [ 77.787, 30.641 ], [ 77.787, 30.642 ], [ 77.786, 30.642 ], [ 77.786, 30.642 ], [ 77.786, 30.642 ], [ 77.786, 30.642 ], [ 77.785, 30.643 ], [ 77.784, 30.643 ], [ 77.783, 30.644 ], [ 77.782, 30.645 ], [ 77.782, 30.645 ], [ 77.782, 30.646 ], [ 77.782, 30.646 ], [ 77.781, 30.646 ], [ 77.781, 30.646 ], [ 77.781, 30.647 ], [ 77.781, 30.647 ], [ 77.781, 30.647 ], [ 77.781, 30.647 ], [ 77.781, 30.647 ], [ 77.781, 30.647 ], [ 77.782, 30.648 ], [ 77.784, 30.649 ], [ 77.785, 30.65 ], [ 77.785, 30.651 ], [ 77.786, 30.652 ], [ 77.786, 30.653 ], [ 77.787, 30.654 ], [ 77.787, 30.655 ], [ 77.788, 30.656 ], [ 77.789, 30.656 ], [ 77.79, 30.656 ], [ 77.792, 30.656 ], [ 77.792, 30.657 ], [ 77.793, 30.658 ], [ 77.793, 30.659 ], [ 77.793, 30.659 ], [ 77.792, 30.66 ], [ 77.791, 30.661 ], [ 77.791, 30.662 ], [ 77.79, 30.662 ], [ 77.79, 30.662 ], [ 77.789, 30.662 ], [ 77.787, 30.662 ], [ 77.787, 30.661 ], [ 77.786, 30.66 ], [ 77.784, 30.66 ], [ 77.784, 30.659 ], [ 77.783, 30.659 ], [ 77.782, 30.66 ], [ 77.781, 30.66 ], [ 77.781, 30.66 ], [ 77.78, 30.661 ], [ 77.779, 30.661 ], [ 77.779, 30.662 ], [ 77.778, 30.663 ], [ 77.777, 30.663 ], [ 77.776, 30.664 ], [ 77.775, 30.664 ], [ 77.775, 30.665 ], [ 77.774, 30.666 ], [ 77.774, 30.666 ], [ 77.774, 30.667 ], [ 77.774, 30.667 ], [ 77.774, 30.668 ], [ 77.774, 30.668 ], [ 77.773, 30.669 ], [ 77.773, 30.669 ], [ 77.771, 30.67 ], [ 77.77, 30.67 ], [ 77.769, 30.67 ], [ 77.768, 30.67 ], [ 77.768, 30.67 ], [ 77.768, 30.67 ], [ 77.766, 30.67 ], [ 77.764, 30.671 ], [ 77.764, 30.671 ], [ 77.763, 30.671 ], [ 77.763, 30.671 ], [ 77.763, 30.672 ], [ 77.763, 30.672 ], [ 77.763, 30.672 ], [ 77.762, 30.672 ], [ 77.761, 30.672 ], [ 77.76, 30.673 ], [ 77.76, 30.673 ], [ 77.76, 30.673 ], [ 77.759, 30.674 ], [ 77.759, 30.674 ], [ 77.76, 30.674 ], [ 77.76, 30.675 ], [ 77.76, 30.675 ], [ 77.759, 30.676 ], [ 77.759, 30.676 ], [ 77.758, 30.676 ], [ 77.757, 30.676 ], [ 77.757, 30.676 ], [ 77.755, 30.677 ], [ 77.754, 30.677 ], [ 77.752, 30.678 ], [ 77.75, 30.678 ], [ 77.749, 30.679 ], [ 77.747, 30.68 ], [ 77.747, 30.681 ], [ 77.747, 30.681 ], [ 77.747, 30.683 ], [ 77.747, 30.683 ], [ 77.747, 30.683 ], [ 77.747, 30.685 ], [ 77.748, 30.687 ], [ 77.748, 30.688 ], [ 77.748, 30.688 ], [ 77.748, 30.689 ], [ 77.747, 30.691 ], [ 77.747, 30.694 ], [ 77.747, 30.694 ], [ 77.747, 30.694 ], [ 77.748, 30.695 ], [ 77.751, 30.696 ], [ 77.753, 30.697 ], [ 77.753, 30.698 ], [ 77.753, 30.698 ], [ 77.752, 30.698 ], [ 77.751, 30.699 ], [ 77.751, 30.699 ], [ 77.751, 30.699 ], [ 77.751, 30.699 ], [ 77.75, 30.7 ], [ 77.75, 30.7 ], [ 77.751, 30.7 ], [ 77.751, 30.701 ], [ 77.752, 30.702 ], [ 77.752, 30.702 ], [ 77.752, 30.703 ], [ 77.752, 30.703 ], [ 77.756, 30.706 ], [ 77.756, 30.706 ], [ 77.756, 30.707 ], [ 77.756, 30.707 ], [ 77.756, 30.707 ], [ 77.755, 30.708 ], [ 77.753, 30.709 ], [ 77.753, 30.709 ], [ 77.752, 30.71 ], [ 77.751, 30.711 ], [ 77.75, 30.712 ], [ 77.75, 30.712 ], [ 77.749, 30.712 ], [ 77.749, 30.712 ], [ 77.749, 30.712 ], [ 77.748, 30.712 ], [ 77.748, 30.712 ], [ 77.747, 30.712 ], [ 77.746, 30.713 ], [ 77.746, 30.714 ], [ 77.745, 30.714 ], [ 77.745, 30.714 ], [ 77.745, 30.714 ], [ 77.745, 30.715 ], [ 77.747, 30.715 ], [ 77.747, 30.715 ], [ 77.747, 30.716 ], [ 77.747, 30.717 ], [ 77.748, 30.718 ], [ 77.748, 30.718 ], [ 77.747, 30.719 ], [ 77.747, 30.72 ], [ 77.746, 30.72 ], [ 77.744, 30.721 ], [ 77.742, 30.722 ], [ 77.739, 30.722 ], [ 77.738, 30.723 ], [ 77.737, 30.724 ], [ 77.736, 30.725 ], [ 77.736, 30.726 ], [ 77.736, 30.726 ], [ 77.736, 30.727 ], [ 77.736, 30.728 ], [ 77.737, 30.728 ], [ 77.737, 30.729 ], [ 77.737, 30.729 ], [ 77.737, 30.73 ], [ 77.737, 30.73 ], [ 77.737, 30.73 ], [ 77.737, 30.731 ], [ 77.736, 30.731 ], [ 77.736, 30.731 ], [ 77.736, 30.732 ], [ 77.735, 30.733 ], [ 77.734, 30.734 ], [ 77.734, 30.735 ], [ 77.733, 30.735 ], [ 77.733, 30.735 ], [ 77.732, 30.735 ], [ 77.731, 30.735 ], [ 77.731, 30.735 ], [ 77.73, 30.734 ], [ 77.73, 30.734 ], [ 77.73, 30.734 ], [ 77.729, 30.734 ], [ 77.728, 30.734 ], [ 77.728, 30.734 ], [ 77.728, 30.734 ], [ 77.727, 30.735 ], [ 77.726, 30.736 ], [ 77.726, 30.738 ], [ 77.725, 30.739 ], [ 77.724, 30.74 ], [ 77.723, 30.741 ], [ 77.723, 30.741 ], [ 77.722, 30.742 ], [ 77.721, 30.742 ], [ 77.72, 30.742 ], [ 77.719, 30.741 ], [ 77.717, 30.741 ], [ 77.716, 30.741 ], [ 77.716, 30.74 ], [ 77.716, 30.74 ], [ 77.715, 30.74 ], [ 77.715, 30.74 ], [ 77.714, 30.74 ], [ 77.713, 30.74 ], [ 77.711, 30.74 ], [ 77.71, 30.74 ], [ 77.709, 30.74 ], [ 77.708, 30.74 ], [ 77.707, 30.74 ], [ 77.706, 30.742 ], [ 77.705, 30.743 ], [ 77.704, 30.744 ], [ 77.703, 30.745 ], [ 77.703, 30.746 ], [ 77.702, 30.746 ], [ 77.702, 30.746 ], [ 77.702, 30.746 ], [ 77.703, 30.747 ], [ 77.703, 30.748 ], [ 77.704, 30.749 ], [ 77.704, 30.749 ], [ 77.704, 30.75 ], [ 77.705, 30.75 ], [ 77.705, 30.75 ], [ 77.705, 30.751 ], [ 77.706, 30.751 ], [ 77.706, 30.751 ], [ 77.706, 30.752 ], [ 77.706, 30.752 ], [ 77.707, 30.752 ], [ 77.707, 30.752 ], [ 77.707, 30.752 ], [ 77.707, 30.752 ], [ 77.708, 30.752 ], [ 77.709, 30.752 ], [ 77.709, 30.752 ], [ 77.709, 30.753 ], [ 77.709, 30.753 ], [ 77.709, 30.753 ], [ 77.708, 30.754 ], [ 77.708, 30.754 ], [ 77.708, 30.754 ], [ 77.708, 30.755 ], [ 77.708, 30.755 ], [ 77.707, 30.756 ], [ 77.707, 30.756 ], [ 77.707, 30.757 ], [ 77.706, 30.757 ], [ 77.706, 30.757 ], [ 77.706, 30.757 ], [ 77.706, 30.758 ], [ 77.706, 30.758 ], [ 77.706, 30.758 ], [ 77.706, 30.758 ], [ 77.706, 30.759 ], [ 77.706, 30.76 ], [ 77.706, 30.76 ], [ 77.706, 30.76 ], [ 77.706, 30.76 ], [ 77.705, 30.761 ], [ 77.705, 30.761 ], [ 77.705, 30.761 ], [ 77.705, 30.761 ], [ 77.705, 30.762 ], [ 77.705, 30.762 ], [ 77.705, 30.762 ], [ 77.704, 30.763 ], [ 77.704, 30.764 ], [ 77.704, 30.764 ], [ 77.704, 30.764 ], [ 77.704, 30.765 ], [ 77.704, 30.765 ], [ 77.704, 30.765 ], [ 77.704, 30.765 ], [ 77.704, 30.766 ], [ 77.705, 30.766 ], [ 77.705, 30.766 ], [ 77.705, 30.766 ], [ 77.707, 30.767 ], [ 77.708, 30.768 ], [ 77.708, 30.768 ], [ 77.71, 30.769 ], [ 77.713, 30.77 ], [ 77.713, 30.77 ], [ 77.715, 30.771 ], [ 77.717, 30.772 ], [ 77.72, 30.774 ], [ 77.721, 30.776 ], [ 77.722, 30.777 ], [ 77.723, 30.779 ], [ 77.724, 30.78 ], [ 77.724, 30.782 ], [ 77.726, 30.783 ], [ 77.728, 30.785 ], [ 77.728, 30.786 ], [ 77.728, 30.786 ], [ 77.729, 30.787 ], [ 77.73, 30.788 ], [ 77.731, 30.79 ], [ 77.732, 30.791 ], [ 77.732, 30.792 ], [ 77.732, 30.793 ], [ 77.732, 30.795 ], [ 77.732, 30.797 ], [ 77.732, 30.799 ], [ 77.733, 30.801 ], [ 77.734, 30.803 ], [ 77.735, 30.804 ], [ 77.735, 30.804 ], [ 77.735, 30.804 ], [ 77.737, 30.806 ], [ 77.738, 30.806 ], [ 77.739, 30.807 ], [ 77.741, 30.809 ], [ 77.742, 30.81 ], [ 77.743, 30.811 ], [ 77.744, 30.812 ], [ 77.745, 30.813 ], [ 77.746, 30.813 ], [ 77.746, 30.814 ], [ 77.746, 30.814 ], [ 77.746, 30.815 ], [ 77.746, 30.815 ], [ 77.747, 30.816 ], [ 77.747, 30.819 ], [ 77.748, 30.82 ], [ 77.748, 30.82 ], [ 77.748, 30.821 ], [ 77.748, 30.822 ], [ 77.749, 30.822 ], [ 77.75, 30.822 ], [ 77.751, 30.822 ], [ 77.752, 30.823 ], [ 77.754, 30.824 ], [ 77.756, 30.825 ], [ 77.758, 30.825 ], [ 77.76, 30.826 ], [ 77.761, 30.826 ], [ 77.761, 30.826 ], [ 77.761, 30.826 ], [ 77.761, 30.828 ], [ 77.76, 30.829 ], [ 77.76, 30.83 ], [ 77.76, 30.831 ], [ 77.759, 30.831 ], [ 77.758, 30.834 ], [ 77.758, 30.834 ], [ 77.758, 30.835 ], [ 77.757, 30.836 ], [ 77.754, 30.838 ], [ 77.754, 30.838 ], [ 77.753, 30.839 ], [ 77.753, 30.839 ], [ 77.752, 30.84 ], [ 77.751, 30.84 ], [ 77.75, 30.841 ], [ 77.75, 30.842 ], [ 77.749, 30.843 ], [ 77.749, 30.843 ], [ 77.748, 30.844 ], [ 77.747, 30.844 ], [ 77.747, 30.844 ], [ 77.746, 30.845 ], [ 77.745, 30.846 ], [ 77.744, 30.846 ], [ 77.744, 30.847 ], [ 77.744, 30.847 ], [ 77.744, 30.847 ], [ 77.744, 30.847 ], [ 77.744, 30.848 ], [ 77.745, 30.848 ], [ 77.745, 30.849 ], [ 77.746, 30.849 ], [ 77.746, 30.849 ], [ 77.745, 30.85 ], [ 77.745, 30.85 ], [ 77.745, 30.85 ], [ 77.745, 30.85 ], [ 77.745, 30.85 ], [ 77.746, 30.851 ], [ 77.747, 30.852 ], [ 77.748, 30.853 ], [ 77.749, 30.853 ], [ 77.749, 30.854 ], [ 77.75, 30.854 ], [ 77.751, 30.854 ], [ 77.752, 30.854 ], [ 77.753, 30.855 ], [ 77.753, 30.855 ], [ 77.754, 30.855 ], [ 77.755, 30.856 ], [ 77.755, 30.857 ], [ 77.755, 30.857 ], [ 77.756, 30.858 ], [ 77.756, 30.858 ], [ 77.756, 30.858 ], [ 77.757, 30.859 ], [ 77.757, 30.86 ], [ 77.757, 30.86 ], [ 77.757, 30.86 ], [ 77.757, 30.86 ], [ 77.757, 30.861 ], [ 77.757, 30.861 ], [ 77.757, 30.866 ], [ 77.757, 30.866 ], [ 77.756, 30.871 ], [ 77.756, 30.872 ], [ 77.756, 30.872 ], [ 77.756, 30.873 ], [ 77.756, 30.873 ], [ 77.757, 30.874 ], [ 77.757, 30.874 ], [ 77.757, 30.874 ], [ 77.757, 30.874 ], [ 77.757, 30.874 ], [ 77.757, 30.875 ], [ 77.758, 30.876 ], [ 77.758, 30.877 ], [ 77.759, 30.877 ], [ 77.76, 30.878 ], [ 77.761, 30.878 ], [ 77.763, 30.88 ], [ 77.763, 30.88 ], [ 77.764, 30.88 ], [ 77.764, 30.88 ], [ 77.764, 30.88 ], [ 77.766, 30.88 ], [ 77.769, 30.879 ], [ 77.771, 30.879 ], [ 77.773, 30.878 ], [ 77.775, 30.877 ], [ 77.776, 30.876 ], [ 77.776, 30.876 ], [ 77.776, 30.875 ], [ 77.777, 30.874 ], [ 77.777, 30.873 ], [ 77.777, 30.872 ], [ 77.777, 30.871 ], [ 77.777, 30.871 ], [ 77.777, 30.87 ], [ 77.777, 30.87 ], [ 77.777, 30.87 ], [ 77.777, 30.87 ], [ 77.777, 30.87 ], [ 77.777, 30.868 ], [ 77.777, 30.868 ], [ 77.777, 30.867 ], [ 77.777, 30.867 ], [ 77.777, 30.866 ], [ 77.777, 30.865 ], [ 77.777, 30.865 ], [ 77.777, 30.865 ], [ 77.777, 30.863 ], [ 77.777, 30.863 ], [ 77.778, 30.862 ], [ 77.778, 30.862 ], [ 77.778, 30.862 ], [ 77.778, 30.861 ], [ 77.779, 30.86 ], [ 77.781, 30.86 ], [ 77.783, 30.859 ], [ 77.783, 30.858 ], [ 77.785, 30.858 ], [ 77.786, 30.857 ], [ 77.787, 30.857 ], [ 77.787, 30.857 ], [ 77.788, 30.857 ], [ 77.789, 30.857 ], [ 77.79, 30.856 ], [ 77.792, 30.856 ], [ 77.793, 30.856 ], [ 77.794, 30.856 ], [ 77.794, 30.855 ], [ 77.796, 30.855 ], [ 77.798, 30.855 ], [ 77.799, 30.855 ], [ 77.8, 30.854 ], [ 77.8, 30.854 ], [ 77.802, 30.854 ], [ 77.803, 30.854 ], [ 77.804, 30.853 ], [ 77.805, 30.853 ], [ 77.806, 30.853 ], [ 77.806, 30.853 ], [ 77.805, 30.855 ], [ 77.805, 30.855 ], [ 77.805, 30.857 ], [ 77.805, 30.861 ], [ 77.804, 30.862 ], [ 77.804, 30.864 ], [ 77.804, 30.865 ], [ 77.804, 30.865 ], [ 77.803, 30.865 ], [ 77.802, 30.866 ], [ 77.802, 30.866 ], [ 77.799, 30.868 ], [ 77.799, 30.868 ], [ 77.799, 30.869 ], [ 77.799, 30.87 ], [ 77.799, 30.87 ], [ 77.8, 30.873 ], [ 77.801, 30.875 ], [ 77.801, 30.877 ], [ 77.801, 30.879 ], [ 77.801, 30.88 ], [ 77.801, 30.88 ], [ 77.801, 30.881 ], [ 77.801, 30.882 ], [ 77.8, 30.883 ], [ 77.8, 30.883 ], [ 77.801, 30.884 ], [ 77.801, 30.885 ], [ 77.801, 30.887 ], [ 77.801, 30.888 ], [ 77.801, 30.891 ], [ 77.801, 30.892 ], [ 77.801, 30.893 ], [ 77.802, 30.894 ], [ 77.803, 30.894 ], [ 77.804, 30.895 ], [ 77.805, 30.895 ], [ 77.806, 30.895 ], [ 77.808, 30.896 ], [ 77.809, 30.897 ], [ 77.809, 30.897 ], [ 77.81, 30.898 ], [ 77.812, 30.9 ], [ 77.813, 30.902 ], [ 77.813, 30.902 ], [ 77.814, 30.903 ], [ 77.815, 30.904 ], [ 77.815, 30.904 ], [ 77.815, 30.905 ], [ 77.816, 30.908 ], [ 77.816, 30.909 ], [ 77.816, 30.91 ], [ 77.816, 30.91 ], [ 77.816, 30.91 ], [ 77.816, 30.91 ], [ 77.816, 30.91 ], [ 77.815, 30.911 ], [ 77.814, 30.913 ], [ 77.813, 30.914 ], [ 77.812, 30.915 ], [ 77.811, 30.916 ], [ 77.811, 30.917 ], [ 77.811, 30.917 ], [ 77.812, 30.918 ], [ 77.813, 30.92 ], [ 77.813, 30.921 ], [ 77.813, 30.921 ], [ 77.814, 30.921 ], [ 77.814, 30.921 ], [ 77.813, 30.922 ], [ 77.813, 30.922 ], [ 77.812, 30.923 ], [ 77.812, 30.923 ], [ 77.812, 30.923 ], [ 77.811, 30.923 ], [ 77.81, 30.923 ], [ 77.809, 30.923 ], [ 77.808, 30.923 ], [ 77.807, 30.923 ], [ 77.806, 30.923 ], [ 77.805, 30.924 ], [ 77.805, 30.924 ], [ 77.804, 30.924 ], [ 77.803, 30.923 ], [ 77.802, 30.923 ], [ 77.801, 30.923 ], [ 77.801, 30.923 ], [ 77.799, 30.922 ], [ 77.797, 30.922 ], [ 77.797, 30.922 ], [ 77.795, 30.922 ], [ 77.793, 30.922 ], [ 77.792, 30.922 ], [ 77.792, 30.922 ], [ 77.791, 30.922 ], [ 77.79, 30.921 ], [ 77.79, 30.921 ], [ 77.789, 30.921 ], [ 77.789, 30.921 ], [ 77.788, 30.92 ], [ 77.787, 30.92 ], [ 77.787, 30.92 ], [ 77.787, 30.92 ], [ 77.786, 30.92 ], [ 77.786, 30.92 ], [ 77.785, 30.918 ], [ 77.785, 30.918 ], [ 77.785, 30.918 ], [ 77.785, 30.917 ], [ 77.785, 30.917 ], [ 77.784, 30.917 ], [ 77.784, 30.917 ], [ 77.783, 30.917 ], [ 77.781, 30.917 ], [ 77.778, 30.917 ], [ 77.777, 30.917 ], [ 77.777, 30.917 ], [ 77.776, 30.918 ], [ 77.775, 30.918 ], [ 77.774, 30.918 ], [ 77.774, 30.918 ], [ 77.774, 30.918 ], [ 77.773, 30.918 ], [ 77.773, 30.918 ], [ 77.773, 30.918 ], [ 77.773, 30.918 ], [ 77.772, 30.918 ], [ 77.772, 30.919 ], [ 77.772, 30.919 ], [ 77.771, 30.918 ], [ 77.771, 30.918 ], [ 77.771, 30.918 ], [ 77.771, 30.918 ], [ 77.771, 30.918 ], [ 77.771, 30.918 ], [ 77.771, 30.918 ], [ 77.771, 30.917 ], [ 77.77, 30.917 ], [ 77.77, 30.917 ], [ 77.77, 30.918 ], [ 77.769, 30.917 ], [ 77.769, 30.917 ], [ 77.768, 30.917 ], [ 77.768, 30.917 ], [ 77.768, 30.917 ], [ 77.768, 30.917 ], [ 77.768, 30.917 ], [ 77.768, 30.917 ], [ 77.767, 30.917 ], [ 77.767, 30.918 ], [ 77.767, 30.918 ], [ 77.767, 30.918 ], [ 77.766, 30.92 ], [ 77.766, 30.92 ], [ 77.765, 30.919 ], [ 77.765, 30.919 ], [ 77.764, 30.919 ], [ 77.764, 30.919 ], [ 77.764, 30.918 ], [ 77.763, 30.918 ], [ 77.763, 30.918 ], [ 77.763, 30.918 ], [ 77.763, 30.919 ], [ 77.762, 30.919 ], [ 77.762, 30.919 ], [ 77.762, 30.919 ], [ 77.763, 30.92 ], [ 77.763, 30.92 ], [ 77.763, 30.921 ], [ 77.763, 30.921 ], [ 77.763, 30.921 ], [ 77.764, 30.922 ], [ 77.764, 30.922 ], [ 77.764, 30.922 ], [ 77.764, 30.923 ], [ 77.764, 30.923 ], [ 77.764, 30.923 ], [ 77.763, 30.924 ], [ 77.763, 30.924 ], [ 77.763, 30.924 ], [ 77.763, 30.924 ], [ 77.764, 30.925 ], [ 77.764, 30.925 ], [ 77.764, 30.925 ], [ 77.764, 30.926 ], [ 77.764, 30.927 ], [ 77.764, 30.927 ], [ 77.764, 30.927 ], [ 77.764, 30.928 ], [ 77.764, 30.928 ], [ 77.764, 30.929 ], [ 77.764, 30.929 ], [ 77.764, 30.929 ], [ 77.764, 30.93 ], [ 77.764, 30.93 ], [ 77.764, 30.93 ], [ 77.764, 30.93 ], [ 77.764, 30.93 ], [ 77.764, 30.931 ], [ 77.763, 30.932 ], [ 77.762, 30.932 ], [ 77.761, 30.932 ], [ 77.761, 30.932 ], [ 77.759, 30.932 ], [ 77.759, 30.932 ], [ 77.757, 30.932 ], [ 77.756, 30.932 ], [ 77.755, 30.933 ], [ 77.754, 30.933 ], [ 77.754, 30.933 ], [ 77.754, 30.933 ], [ 77.754, 30.933 ], [ 77.754, 30.933 ], [ 77.753, 30.934 ], [ 77.753, 30.934 ], [ 77.753, 30.935 ], [ 77.754, 30.936 ], [ 77.754, 30.937 ], [ 77.754, 30.938 ], [ 77.754, 30.938 ], [ 77.754, 30.938 ], [ 77.753, 30.939 ], [ 77.753, 30.939 ], [ 77.752, 30.942 ], [ 77.751, 30.943 ], [ 77.751, 30.943 ], [ 77.751, 30.944 ], [ 77.751, 30.944 ], [ 77.75, 30.946 ], [ 77.751, 30.947 ], [ 77.751, 30.947 ], [ 77.751, 30.948 ], [ 77.751, 30.948 ], [ 77.75, 30.949 ], [ 77.75, 30.95 ], [ 77.749, 30.95 ], [ 77.749, 30.951 ], [ 77.749, 30.951 ], [ 77.749, 30.951 ], [ 77.749, 30.952 ], [ 77.749, 30.953 ], [ 77.749, 30.953 ], [ 77.749, 30.953 ], [ 77.75, 30.955 ], [ 77.75, 30.956 ], [ 77.751, 30.957 ], [ 77.751, 30.958 ], [ 77.752, 30.96 ], [ 77.753, 30.961 ], [ 77.753, 30.962 ], [ 77.753, 30.962 ], [ 77.753, 30.963 ], [ 77.754, 30.963 ], [ 77.754, 30.963 ], [ 77.754, 30.964 ], [ 77.754, 30.964 ], [ 77.755, 30.965 ], [ 77.757, 30.966 ], [ 77.758, 30.967 ], [ 77.76, 30.967 ], [ 77.762, 30.968 ], [ 77.763, 30.968 ], [ 77.763, 30.968 ], [ 77.763, 30.968 ], [ 77.764, 30.969 ], [ 77.765, 30.97 ], [ 77.767, 30.97 ], [ 77.767, 30.971 ], [ 77.767, 30.971 ], [ 77.768, 30.973 ], [ 77.769, 30.973 ], [ 77.769, 30.973 ], [ 77.769, 30.974 ], [ 77.769, 30.974 ], [ 77.769, 30.974 ], [ 77.771, 30.974 ], [ 77.772, 30.974 ], [ 77.774, 30.974 ], [ 77.776, 30.973 ], [ 77.778, 30.973 ], [ 77.779, 30.973 ], [ 77.781, 30.972 ], [ 77.785, 30.972 ], [ 77.788, 30.971 ], [ 77.788, 30.971 ], [ 77.79, 30.97 ], [ 77.794, 30.969 ], [ 77.796, 30.967 ], [ 77.798, 30.965 ], [ 77.798, 30.965 ], [ 77.799, 30.965 ], [ 77.799, 30.965 ], [ 77.8, 30.964 ], [ 77.801, 30.964 ], [ 77.802, 30.964 ], [ 77.802, 30.963 ], [ 77.802, 30.963 ], [ 77.804, 30.962 ], [ 77.805, 30.96 ], [ 77.806, 30.959 ], [ 77.806, 30.959 ], [ 77.807, 30.958 ], [ 77.808, 30.958 ], [ 77.809, 30.957 ], [ 77.809, 30.957 ], [ 77.809, 30.956 ], [ 77.81, 30.956 ], [ 77.811, 30.955 ], [ 77.812, 30.955 ], [ 77.813, 30.954 ], [ 77.814, 30.954 ], [ 77.815, 30.954 ], [ 77.816, 30.953 ], [ 77.817, 30.953 ], [ 77.818, 30.953 ], [ 77.819, 30.953 ], [ 77.82, 30.952 ], [ 77.822, 30.952 ], [ 77.822, 30.952 ], [ 77.823, 30.951 ], [ 77.824, 30.95 ], [ 77.826, 30.952 ], [ 77.828, 30.953 ], [ 77.829, 30.953 ], [ 77.829, 30.953 ], [ 77.831, 30.953 ], [ 77.833, 30.952 ], [ 77.835, 30.952 ], [ 77.836, 30.952 ], [ 77.838, 30.953 ], [ 77.838, 30.953 ], [ 77.838, 30.954 ], [ 77.838, 30.954 ], [ 77.838, 30.955 ], [ 77.836, 30.957 ], [ 77.836, 30.957 ], [ 77.835, 30.958 ], [ 77.834, 30.959 ], [ 77.833, 30.959 ], [ 77.833, 30.959 ], [ 77.832, 30.96 ], [ 77.832, 30.96 ], [ 77.831, 30.96 ], [ 77.83, 30.959 ], [ 77.83, 30.959 ], [ 77.828, 30.959 ], [ 77.826, 30.958 ], [ 77.825, 30.957 ], [ 77.824, 30.957 ], [ 77.824, 30.957 ], [ 77.823, 30.957 ], [ 77.82, 30.959 ], [ 77.817, 30.96 ], [ 77.815, 30.961 ], [ 77.814, 30.962 ], [ 77.814, 30.962 ], [ 77.814, 30.963 ], [ 77.814, 30.963 ], [ 77.814, 30.964 ], [ 77.814, 30.966 ], [ 77.814, 30.967 ], [ 77.815, 30.969 ], [ 77.815, 30.97 ], [ 77.816, 30.971 ], [ 77.816, 30.973 ], [ 77.817, 30.974 ], [ 77.819, 30.975 ], [ 77.82, 30.975 ], [ 77.822, 30.976 ], [ 77.822, 30.976 ], [ 77.822, 30.977 ], [ 77.823, 30.977 ], [ 77.823, 30.978 ], [ 77.823, 30.979 ], [ 77.824, 30.98 ], [ 77.824, 30.98 ], [ 77.824, 30.98 ], [ 77.824, 30.981 ], [ 77.824, 30.981 ], [ 77.824, 30.982 ], [ 77.824, 30.982 ], [ 77.824, 30.983 ], [ 77.824, 30.984 ], [ 77.825, 30.985 ], [ 77.825, 30.985 ], [ 77.825, 30.986 ], [ 77.824, 30.986 ], [ 77.824, 30.987 ], [ 77.824, 30.987 ], [ 77.824, 30.987 ], [ 77.824, 30.987 ], [ 77.824, 30.988 ], [ 77.826, 30.991 ], [ 77.828, 30.992 ], [ 77.83, 30.993 ], [ 77.832, 30.994 ], [ 77.832, 30.994 ], [ 77.831, 30.995 ], [ 77.83, 30.996 ], [ 77.827, 30.999 ], [ 77.827, 31.0 ], [ 77.825, 31.001 ], [ 77.823, 31.003 ], [ 77.822, 31.004 ], [ 77.822, 31.004 ], [ 77.823, 31.005 ], [ 77.823, 31.006 ], [ 77.823, 31.006 ], [ 77.823, 31.006 ], [ 77.823, 31.007 ], [ 77.823, 31.007 ], [ 77.824, 31.008 ], [ 77.824, 31.008 ], [ 77.825, 31.009 ], [ 77.825, 31.01 ], [ 77.825, 31.01 ], [ 77.824, 31.01 ], [ 77.824, 31.01 ], [ 77.823, 31.01 ], [ 77.821, 31.01 ], [ 77.82, 31.01 ], [ 77.819, 31.009 ], [ 77.817, 31.01 ], [ 77.816, 31.01 ], [ 77.814, 31.01 ], [ 77.813, 31.011 ], [ 77.811, 31.011 ], [ 77.81, 31.011 ], [ 77.81, 31.012 ], [ 77.809, 31.013 ], [ 77.809, 31.014 ], [ 77.809, 31.014 ], [ 77.808, 31.015 ], [ 77.808, 31.016 ], [ 77.807, 31.017 ], [ 77.807, 31.017 ], [ 77.808, 31.019 ], [ 77.808, 31.021 ], [ 77.808, 31.022 ], [ 77.808, 31.022 ], [ 77.807, 31.024 ], [ 77.807, 31.024 ], [ 77.807, 31.025 ], [ 77.807, 31.026 ], [ 77.807, 31.027 ], [ 77.807, 31.027 ], [ 77.809, 31.028 ], [ 77.809, 31.029 ], [ 77.81, 31.029 ], [ 77.81, 31.029 ], [ 77.81, 31.03 ], [ 77.81, 31.03 ], [ 77.811, 31.031 ], [ 77.811, 31.031 ], [ 77.811, 31.032 ], [ 77.813, 31.032 ], [ 77.814, 31.033 ], [ 77.816, 31.033 ], [ 77.817, 31.033 ], [ 77.817, 31.033 ], [ 77.818, 31.033 ], [ 77.819, 31.032 ], [ 77.821, 31.032 ], [ 77.821, 31.031 ], [ 77.822, 31.03 ], [ 77.822, 31.03 ], [ 77.823, 31.029 ], [ 77.824, 31.029 ], [ 77.825, 31.03 ], [ 77.825, 31.03 ], [ 77.826, 31.029 ], [ 77.826, 31.029 ], [ 77.827, 31.029 ], [ 77.828, 31.028 ], [ 77.829, 31.028 ], [ 77.829, 31.028 ], [ 77.83, 31.029 ], [ 77.83, 31.029 ], [ 77.829, 31.029 ], [ 77.829, 31.029 ], [ 77.829, 31.029 ], [ 77.828, 31.03 ], [ 77.828, 31.03 ], [ 77.828, 31.03 ], [ 77.828, 31.031 ], [ 77.828, 31.031 ], [ 77.827, 31.031 ], [ 77.827, 31.032 ], [ 77.826, 31.034 ], [ 77.825, 31.036 ], [ 77.825, 31.037 ], [ 77.825, 31.038 ], [ 77.824, 31.038 ], [ 77.823, 31.04 ], [ 77.823, 31.041 ], [ 77.823, 31.041 ], [ 77.823, 31.041 ], [ 77.822, 31.042 ], [ 77.821, 31.043 ], [ 77.821, 31.043 ], [ 77.821, 31.043 ], [ 77.821, 31.043 ], [ 77.821, 31.043 ], [ 77.822, 31.044 ], [ 77.822, 31.044 ], [ 77.822, 31.045 ], [ 77.822, 31.045 ], [ 77.822, 31.046 ], [ 77.822, 31.046 ], [ 77.822, 31.047 ], [ 77.821, 31.047 ], [ 77.821, 31.047 ], [ 77.82, 31.047 ], [ 77.82, 31.048 ], [ 77.819, 31.048 ], [ 77.819, 31.049 ], [ 77.819, 31.049 ], [ 77.818, 31.049 ], [ 77.817, 31.049 ], [ 77.817, 31.049 ], [ 77.816, 31.05 ], [ 77.816, 31.051 ], [ 77.816, 31.051 ], [ 77.816, 31.051 ], [ 77.816, 31.052 ], [ 77.816, 31.053 ], [ 77.816, 31.053 ], [ 77.817, 31.054 ], [ 77.817, 31.054 ], [ 77.817, 31.055 ], [ 77.817, 31.055 ], [ 77.817, 31.056 ], [ 77.817, 31.056 ], [ 77.817, 31.057 ], [ 77.816, 31.057 ], [ 77.816, 31.057 ], [ 77.815, 31.058 ], [ 77.813, 31.058 ], [ 77.812, 31.059 ], [ 77.812, 31.059 ], [ 77.812, 31.059 ], [ 77.811, 31.059 ], [ 77.811, 31.059 ], [ 77.812, 31.059 ], [ 77.813, 31.059 ], [ 77.814, 31.059 ], [ 77.815, 31.059 ], [ 77.816, 31.059 ], [ 77.817, 31.059 ], [ 77.819, 31.059 ], [ 77.82, 31.059 ], [ 77.82, 31.059 ], [ 77.821, 31.059 ], [ 77.821, 31.059 ], [ 77.822, 31.059 ], [ 77.822, 31.059 ], [ 77.823, 31.059 ], [ 77.823, 31.059 ], [ 77.823, 31.059 ], [ 77.823, 31.059 ], [ 77.823, 31.058 ], [ 77.824, 31.058 ], [ 77.824, 31.058 ], [ 77.823, 31.058 ], [ 77.823, 31.057 ], [ 77.823, 31.057 ], [ 77.822, 31.056 ], [ 77.822, 31.055 ], [ 77.822, 31.055 ], [ 77.822, 31.055 ], [ 77.822, 31.055 ], [ 77.822, 31.055 ], [ 77.823, 31.055 ], [ 77.824, 31.055 ], [ 77.826, 31.056 ], [ 77.828, 31.057 ], [ 77.828, 31.057 ], [ 77.829, 31.058 ], [ 77.83, 31.059 ], [ 77.83, 31.061 ], [ 77.831, 31.061 ], [ 77.831, 31.062 ], [ 77.833, 31.065 ], [ 77.834, 31.067 ], [ 77.836, 31.07 ], [ 77.836, 31.07 ], [ 77.837, 31.072 ], [ 77.838, 31.073 ], [ 77.84, 31.073 ], [ 77.841, 31.073 ], [ 77.844, 31.073 ], [ 77.844, 31.073 ], [ 77.846, 31.073 ], [ 77.848, 31.073 ], [ 77.848, 31.073 ], [ 77.85, 31.073 ], [ 77.851, 31.073 ], [ 77.854, 31.077 ], [ 77.855, 31.079 ], [ 77.856, 31.081 ], [ 77.857, 31.082 ], [ 77.857, 31.084 ], [ 77.857, 31.084 ], [ 77.857, 31.084 ], [ 77.858, 31.085 ], [ 77.859, 31.087 ], [ 77.86, 31.089 ], [ 77.86, 31.089 ], [ 77.861, 31.09 ], [ 77.861, 31.091 ], [ 77.862, 31.092 ], [ 77.862, 31.093 ], [ 77.863, 31.094 ], [ 77.864, 31.094 ], [ 77.864, 31.094 ], [ 77.864, 31.094 ], [ 77.864, 31.094 ], [ 77.864, 31.094 ], [ 77.863, 31.095 ], [ 77.863, 31.096 ], [ 77.862, 31.097 ], [ 77.861, 31.098 ], [ 77.861, 31.099 ], [ 77.861, 31.099 ], [ 77.861, 31.099 ], [ 77.861, 31.099 ], [ 77.861, 31.1 ], [ 77.861, 31.101 ], [ 77.861, 31.101 ], [ 77.861, 31.101 ], [ 77.861, 31.101 ], [ 77.86, 31.102 ], [ 77.86, 31.102 ], [ 77.861, 31.102 ], [ 77.861, 31.102 ], [ 77.861, 31.102 ], [ 77.862, 31.103 ], [ 77.862, 31.103 ], [ 77.863, 31.104 ], [ 77.863, 31.105 ], [ 77.863, 31.106 ], [ 77.863, 31.107 ], [ 77.863, 31.108 ], [ 77.864, 31.108 ], [ 77.864, 31.109 ], [ 77.865, 31.109 ], [ 77.866, 31.11 ], [ 77.867, 31.11 ], [ 77.868, 31.111 ], [ 77.869, 31.112 ], [ 77.87, 31.112 ], [ 77.87, 31.113 ], [ 77.87, 31.113 ], [ 77.871, 31.114 ], [ 77.871, 31.114 ], [ 77.871, 31.114 ], [ 77.872, 31.114 ], [ 77.873, 31.115 ], [ 77.874, 31.115 ], [ 77.875, 31.115 ], [ 77.875, 31.115 ], [ 77.876, 31.115 ], [ 77.876, 31.116 ], [ 77.877, 31.116 ], [ 77.877, 31.116 ], [ 77.878, 31.116 ], [ 77.878, 31.116 ], [ 77.878, 31.116 ], [ 77.878, 31.116 ], [ 77.878, 31.116 ], [ 77.878, 31.116 ], [ 77.879, 31.116 ], [ 77.879, 31.116 ], [ 77.879, 31.116 ], [ 77.878, 31.115 ], [ 77.878, 31.115 ], [ 77.878, 31.115 ], [ 77.879, 31.115 ], [ 77.879, 31.115 ], [ 77.88, 31.115 ], [ 77.881, 31.115 ], [ 77.881, 31.115 ], [ 77.881, 31.115 ], [ 77.881, 31.115 ], [ 77.881, 31.116 ], [ 77.881, 31.116 ], [ 77.881, 31.116 ], [ 77.881, 31.116 ], [ 77.881, 31.117 ], [ 77.881, 31.117 ], [ 77.882, 31.117 ], [ 77.882, 31.118 ], [ 77.882, 31.118 ], [ 77.884, 31.118 ], [ 77.885, 31.119 ], [ 77.887, 31.119 ], [ 77.887, 31.119 ], [ 77.888, 31.119 ], [ 77.889, 31.119 ], [ 77.889, 31.119 ], [ 77.889, 31.12 ], [ 77.889, 31.12 ], [ 77.889, 31.12 ], [ 77.89, 31.121 ], [ 77.89, 31.121 ], [ 77.89, 31.121 ], [ 77.891, 31.122 ], [ 77.891, 31.122 ], [ 77.891, 31.122 ], [ 77.89, 31.123 ], [ 77.89, 31.123 ], [ 77.89, 31.124 ], [ 77.89, 31.125 ], [ 77.89, 31.126 ], [ 77.889, 31.128 ], [ 77.889, 31.128 ], [ 77.889, 31.128 ], [ 77.889, 31.128 ], [ 77.889, 31.128 ], [ 77.889, 31.129 ], [ 77.889, 31.129 ], [ 77.889, 31.13 ], [ 77.889, 31.13 ], [ 77.889, 31.131 ], [ 77.889, 31.132 ], [ 77.889, 31.132 ], [ 77.889, 31.132 ], [ 77.889, 31.132 ], [ 77.889, 31.133 ], [ 77.889, 31.133 ], [ 77.89, 31.133 ], [ 77.892, 31.133 ], [ 77.893, 31.133 ], [ 77.893, 31.134 ], [ 77.894, 31.134 ], [ 77.895, 31.135 ], [ 77.896, 31.136 ], [ 77.897, 31.137 ], [ 77.899, 31.139 ], [ 77.9, 31.141 ], [ 77.9, 31.142 ], [ 77.901, 31.143 ], [ 77.901, 31.144 ], [ 77.901, 31.144 ], [ 77.901, 31.144 ], [ 77.901, 31.145 ], [ 77.9, 31.145 ], [ 77.9, 31.146 ], [ 77.899, 31.148 ], [ 77.899, 31.15 ], [ 77.899, 31.15 ], [ 77.899, 31.15 ], [ 77.899, 31.151 ], [ 77.901, 31.152 ], [ 77.904, 31.153 ], [ 77.906, 31.154 ], [ 77.908, 31.154 ], [ 77.909, 31.154 ], [ 77.91, 31.154 ], [ 77.911, 31.154 ], [ 77.912, 31.154 ], [ 77.914, 31.154 ], [ 77.916, 31.154 ], [ 77.917, 31.154 ], [ 77.917, 31.154 ], [ 77.917, 31.154 ], [ 77.918, 31.153 ], [ 77.918, 31.153 ], [ 77.918, 31.153 ], [ 77.919, 31.153 ], [ 77.92, 31.152 ], [ 77.921, 31.151 ], [ 77.921, 31.151 ], [ 77.922, 31.15 ], [ 77.923, 31.15 ], [ 77.924, 31.15 ], [ 77.925, 31.15 ], [ 77.926, 31.151 ], [ 77.927, 31.152 ], [ 77.929, 31.153 ], [ 77.93, 31.153 ], [ 77.931, 31.154 ], [ 77.931, 31.154 ], [ 77.931, 31.154 ], [ 77.932, 31.154 ], [ 77.934, 31.154 ], [ 77.935, 31.155 ], [ 77.936, 31.155 ], [ 77.936, 31.155 ], [ 77.936, 31.155 ], [ 77.936, 31.156 ], [ 77.938, 31.158 ], [ 77.941, 31.159 ], [ 77.943, 31.161 ], [ 77.944, 31.162 ], [ 77.945, 31.162 ], [ 77.947, 31.162 ], [ 77.948, 31.162 ], [ 77.949, 31.162 ], [ 77.949, 31.162 ], [ 77.95, 31.162 ], [ 77.95, 31.162 ], [ 77.951, 31.161 ], [ 77.951, 31.161 ], [ 77.951, 31.161 ], [ 77.952, 31.162 ], [ 77.952, 31.164 ], [ 77.953, 31.164 ], [ 77.954, 31.166 ], [ 77.955, 31.167 ], [ 77.956, 31.169 ], [ 77.958, 31.17 ], [ 77.959, 31.171 ], [ 77.96, 31.171 ], [ 77.962, 31.172 ], [ 77.964, 31.173 ], [ 77.966, 31.173 ], [ 77.967, 31.173 ], [ 77.968, 31.173 ], [ 77.968, 31.173 ], [ 77.968, 31.173 ], [ 77.969, 31.172 ], [ 77.969, 31.172 ], [ 77.97, 31.171 ], [ 77.971, 31.17 ], [ 77.971, 31.169 ], [ 77.972, 31.168 ], [ 77.973, 31.167 ], [ 77.973, 31.166 ], [ 77.975, 31.165 ], [ 77.975, 31.165 ], [ 77.975, 31.165 ], [ 77.976, 31.165 ], [ 77.976, 31.165 ], [ 77.977, 31.164 ], [ 77.977, 31.164 ], [ 77.977, 31.164 ], [ 77.978, 31.163 ], [ 77.978, 31.163 ], [ 77.979, 31.163 ], [ 77.979, 31.163 ], [ 77.98, 31.163 ], [ 77.98, 31.162 ], [ 77.981, 31.162 ], [ 77.981, 31.162 ], [ 77.982, 31.161 ], [ 77.983, 31.16 ], [ 77.984, 31.159 ], [ 77.984, 31.158 ], [ 77.985, 31.157 ], [ 77.985, 31.157 ], [ 77.986, 31.158 ], [ 77.988, 31.159 ], [ 77.99, 31.159 ], [ 77.991, 31.16 ], [ 77.992, 31.16 ], [ 77.993, 31.16 ], [ 77.994, 31.16 ], [ 77.994, 31.161 ], [ 77.995, 31.161 ], [ 77.996, 31.161 ], [ 77.997, 31.161 ], [ 77.998, 31.161 ], [ 77.998, 31.161 ], [ 77.999, 31.162 ], [ 77.999, 31.162 ], [ 78.0, 31.162 ], [ 78.0, 31.162 ], [ 78.001, 31.162 ], [ 78.001, 31.162 ], [ 78.002, 31.162 ], [ 78.003, 31.161 ], [ 78.004, 31.161 ], [ 78.005, 31.161 ], [ 78.006, 31.161 ], [ 78.007, 31.161 ], [ 78.008, 31.161 ], [ 78.009, 31.161 ], [ 78.01, 31.16 ], [ 78.011, 31.159 ], [ 78.012, 31.158 ], [ 78.013, 31.158 ], [ 78.013, 31.158 ], [ 78.014, 31.158 ], [ 78.014, 31.158 ], [ 78.015, 31.157 ], [ 78.016, 31.156 ], [ 78.017, 31.155 ], [ 78.018, 31.154 ], [ 78.019, 31.153 ], [ 78.021, 31.152 ], [ 78.022, 31.151 ], [ 78.024, 31.151 ], [ 78.025, 31.151 ], [ 78.027, 31.151 ], [ 78.029, 31.151 ], [ 78.03, 31.151 ], [ 78.03, 31.151 ], [ 78.03, 31.151 ], [ 78.03, 31.152 ], [ 78.03, 31.152 ], [ 78.03, 31.153 ], [ 78.03, 31.155 ], [ 78.03, 31.156 ], [ 78.031, 31.157 ], [ 78.031, 31.157 ], [ 78.031, 31.158 ], [ 78.031, 31.158 ], [ 78.031, 31.158 ], [ 78.03, 31.159 ], [ 78.029, 31.16 ], [ 78.029, 31.16 ], [ 78.029, 31.161 ], [ 78.029, 31.161 ], [ 78.029, 31.161 ], [ 78.029, 31.162 ], [ 78.029, 31.163 ], [ 78.03, 31.164 ], [ 78.031, 31.166 ], [ 78.032, 31.167 ], [ 78.033, 31.169 ], [ 78.034, 31.17 ], [ 78.035, 31.17 ], [ 78.037, 31.171 ], [ 78.038, 31.172 ], [ 78.039, 31.172 ], [ 78.04, 31.173 ], [ 78.04, 31.173 ], [ 78.041, 31.173 ], [ 78.041, 31.173 ], [ 78.041, 31.173 ], [ 78.042, 31.174 ], [ 78.042, 31.175 ], [ 78.042, 31.176 ], [ 78.043, 31.177 ], [ 78.043, 31.179 ], [ 78.044, 31.179 ], [ 78.045, 31.179 ], [ 78.046, 31.179 ], [ 78.048, 31.18 ], [ 78.048, 31.18 ], [ 78.049, 31.18 ], [ 78.049, 31.18 ], [ 78.05, 31.18 ], [ 78.051, 31.18 ], [ 78.051, 31.18 ], [ 78.052, 31.18 ], [ 78.053, 31.181 ], [ 78.054, 31.182 ], [ 78.055, 31.182 ], [ 78.055, 31.182 ], [ 78.056, 31.183 ], [ 78.056, 31.183 ], [ 78.057, 31.183 ], [ 78.058, 31.183 ], [ 78.059, 31.184 ], [ 78.06, 31.184 ], [ 78.061, 31.185 ], [ 78.061, 31.185 ], [ 78.062, 31.186 ], [ 78.063, 31.186 ], [ 78.064, 31.187 ], [ 78.066, 31.187 ], [ 78.066, 31.187 ], [ 78.068, 31.187 ], [ 78.068, 31.187 ], [ 78.068, 31.187 ], [ 78.069, 31.187 ], [ 78.072, 31.187 ], [ 78.075, 31.187 ], [ 78.077, 31.187 ], [ 78.078, 31.187 ], [ 78.078, 31.187 ], [ 78.081, 31.187 ], [ 78.083, 31.187 ], [ 78.084, 31.187 ], [ 78.087, 31.187 ], [ 78.087, 31.187 ], [ 78.088, 31.187 ], [ 78.089, 31.187 ], [ 78.089, 31.187 ], [ 78.091, 31.186 ], [ 78.091, 31.186 ], [ 78.093, 31.186 ], [ 78.094, 31.185 ], [ 78.094, 31.185 ], [ 78.096, 31.184 ], [ 78.097, 31.184 ], [ 78.098, 31.184 ], [ 78.1, 31.185 ], [ 78.101, 31.185 ], [ 78.102, 31.185 ], [ 78.104, 31.185 ], [ 78.104, 31.186 ], [ 78.104, 31.186 ], [ 78.105, 31.186 ], [ 78.105, 31.187 ], [ 78.108, 31.189 ], [ 78.108, 31.189 ], [ 78.111, 31.192 ], [ 78.112, 31.193 ], [ 78.115, 31.195 ], [ 78.116, 31.195 ], [ 78.118, 31.196 ], [ 78.119, 31.196 ], [ 78.119, 31.196 ], [ 78.12, 31.197 ], [ 78.121, 31.198 ], [ 78.122, 31.198 ], [ 78.122, 31.198 ], [ 78.122, 31.199 ], [ 78.123, 31.199 ], [ 78.123, 31.2 ], [ 78.124, 31.2 ], [ 78.125, 31.2 ], [ 78.125, 31.2 ], [ 78.126, 31.2 ], [ 78.127, 31.2 ], [ 78.128, 31.201 ], [ 78.129, 31.201 ], [ 78.129, 31.201 ], [ 78.129, 31.201 ], [ 78.129, 31.202 ], [ 78.13, 31.202 ], [ 78.13, 31.203 ], [ 78.13, 31.204 ], [ 78.13, 31.204 ], [ 78.13, 31.205 ], [ 78.131, 31.205 ], [ 78.132, 31.205 ], [ 78.132, 31.206 ], [ 78.132, 31.207 ], [ 78.132, 31.207 ], [ 78.133, 31.208 ], [ 78.133, 31.208 ], [ 78.134, 31.209 ], [ 78.135, 31.209 ], [ 78.136, 31.209 ], [ 78.137, 31.209 ], [ 78.138, 31.209 ], [ 78.14, 31.209 ], [ 78.14, 31.209 ], [ 78.141, 31.209 ], [ 78.142, 31.21 ], [ 78.143, 31.21 ], [ 78.144, 31.211 ], [ 78.144, 31.211 ], [ 78.145, 31.211 ], [ 78.146, 31.21 ], [ 78.147, 31.21 ], [ 78.148, 31.211 ], [ 78.148, 31.211 ], [ 78.148, 31.211 ], [ 78.148, 31.212 ], [ 78.148, 31.212 ], [ 78.148, 31.213 ], [ 78.148, 31.214 ], [ 78.149, 31.214 ], [ 78.151, 31.216 ], [ 78.152, 31.217 ], [ 78.154, 31.218 ], [ 78.154, 31.219 ], [ 78.155, 31.219 ], [ 78.156, 31.219 ], [ 78.157, 31.219 ], [ 78.157, 31.219 ], [ 78.158, 31.219 ], [ 78.158, 31.219 ], [ 78.158, 31.219 ], [ 78.158, 31.22 ], [ 78.158, 31.221 ], [ 78.158, 31.221 ], [ 78.159, 31.222 ], [ 78.159, 31.223 ], [ 78.16, 31.224 ], [ 78.16, 31.225 ], [ 78.16, 31.225 ], [ 78.161, 31.226 ], [ 78.162, 31.226 ], [ 78.162, 31.226 ], [ 78.162, 31.226 ], [ 78.162, 31.225 ], [ 78.164, 31.225 ], [ 78.165, 31.225 ], [ 78.166, 31.225 ], [ 78.166, 31.225 ], [ 78.166, 31.225 ], [ 78.167, 31.225 ], [ 78.167, 31.225 ], [ 78.168, 31.225 ], [ 78.171, 31.226 ], [ 78.173, 31.227 ], [ 78.174, 31.227 ], [ 78.174, 31.227 ], [ 78.175, 31.226 ], [ 78.176, 31.226 ], [ 78.176, 31.226 ], [ 78.176, 31.226 ], [ 78.176, 31.226 ], [ 78.177, 31.226 ], [ 78.178, 31.226 ], [ 78.178, 31.226 ], [ 78.179, 31.226 ], [ 78.179, 31.226 ], [ 78.18, 31.226 ], [ 78.181, 31.226 ], [ 78.181, 31.226 ], [ 78.182, 31.226 ], [ 78.183, 31.226 ], [ 78.183, 31.226 ], [ 78.184, 31.226 ], [ 78.185, 31.227 ], [ 78.185, 31.227 ], [ 78.186, 31.227 ], [ 78.187, 31.227 ], [ 78.188, 31.227 ], [ 78.188, 31.227 ], [ 78.188, 31.226 ], [ 78.189, 31.226 ], [ 78.189, 31.226 ], [ 78.19, 31.226 ], [ 78.191, 31.226 ], [ 78.191, 31.225 ], [ 78.192, 31.225 ], [ 78.193, 31.224 ], [ 78.194, 31.222 ], [ 78.196, 31.22 ], [ 78.196, 31.22 ], [ 78.196, 31.22 ], [ 78.198, 31.218 ], [ 78.199, 31.217 ], [ 78.201, 31.217 ], [ 78.203, 31.218 ], [ 78.205, 31.218 ], [ 78.207, 31.219 ], [ 78.208, 31.219 ], [ 78.208, 31.22 ], [ 78.209, 31.22 ], [ 78.209, 31.22 ], [ 78.21, 31.22 ], [ 78.21, 31.22 ], [ 78.211, 31.22 ], [ 78.212, 31.22 ], [ 78.212, 31.22 ], [ 78.213, 31.22 ], [ 78.214, 31.221 ], [ 78.214, 31.221 ], [ 78.215, 31.221 ], [ 78.215, 31.222 ], [ 78.215, 31.222 ], [ 78.215, 31.222 ], [ 78.215, 31.222 ], [ 78.215, 31.223 ], [ 78.215, 31.224 ], [ 78.215, 31.224 ], [ 78.215, 31.226 ], [ 78.215, 31.226 ], [ 78.215, 31.228 ], [ 78.216, 31.229 ], [ 78.216, 31.23 ], [ 78.217, 31.23 ], [ 78.218, 31.231 ], [ 78.219, 31.232 ], [ 78.22, 31.232 ], [ 78.22, 31.233 ], [ 78.22, 31.233 ], [ 78.22, 31.234 ], [ 78.22, 31.234 ], [ 78.221, 31.234 ], [ 78.222, 31.234 ], [ 78.223, 31.234 ], [ 78.225, 31.235 ], [ 78.225, 31.235 ], [ 78.226, 31.235 ], [ 78.226, 31.235 ], [ 78.227, 31.235 ], [ 78.228, 31.234 ], [ 78.229, 31.234 ], [ 78.229, 31.234 ], [ 78.23, 31.234 ], [ 78.232, 31.234 ], [ 78.233, 31.234 ], [ 78.234, 31.233 ], [ 78.236, 31.233 ], [ 78.237, 31.233 ], [ 78.238, 31.232 ], [ 78.239, 31.232 ], [ 78.24, 31.231 ], [ 78.24, 31.231 ], [ 78.241, 31.231 ], [ 78.242, 31.23 ], [ 78.243, 31.229 ], [ 78.243, 31.229 ], [ 78.245, 31.229 ], [ 78.246, 31.23 ], [ 78.247, 31.23 ], [ 78.249, 31.232 ], [ 78.249, 31.232 ], [ 78.25, 31.233 ], [ 78.251, 31.233 ], [ 78.251, 31.234 ], [ 78.251, 31.234 ], [ 78.251, 31.235 ], [ 78.251, 31.235 ], [ 78.251, 31.237 ], [ 78.251, 31.237 ], [ 78.251, 31.238 ], [ 78.25, 31.238 ], [ 78.25, 31.239 ], [ 78.25, 31.24 ], [ 78.25, 31.24 ], [ 78.25, 31.24 ], [ 78.251, 31.24 ], [ 78.252, 31.24 ], [ 78.253, 31.239 ], [ 78.254, 31.239 ], [ 78.254, 31.239 ], [ 78.255, 31.239 ], [ 78.256, 31.239 ], [ 78.258, 31.239 ], [ 78.259, 31.239 ], [ 78.26, 31.239 ], [ 78.26, 31.24 ], [ 78.261, 31.241 ], [ 78.262, 31.241 ], [ 78.262, 31.242 ], [ 78.262, 31.243 ], [ 78.262, 31.244 ], [ 78.263, 31.245 ], [ 78.263, 31.246 ], [ 78.264, 31.246 ], [ 78.265, 31.247 ], [ 78.267, 31.248 ], [ 78.268, 31.248 ], [ 78.269, 31.249 ], [ 78.269, 31.249 ], [ 78.269, 31.25 ], [ 78.269, 31.251 ], [ 78.269, 31.251 ], [ 78.269, 31.251 ], [ 78.269, 31.252 ], [ 78.269, 31.252 ], [ 78.269, 31.252 ], [ 78.269, 31.252 ], [ 78.269, 31.253 ], [ 78.27, 31.253 ], [ 78.271, 31.254 ], [ 78.272, 31.254 ], [ 78.273, 31.255 ], [ 78.273, 31.256 ], [ 78.274, 31.257 ], [ 78.275, 31.259 ], [ 78.276, 31.259 ], [ 78.276, 31.26 ], [ 78.276, 31.261 ], [ 78.276, 31.261 ], [ 78.276, 31.262 ], [ 78.276, 31.262 ], [ 78.277, 31.262 ], [ 78.277, 31.262 ], [ 78.278, 31.262 ], [ 78.278, 31.262 ], [ 78.279, 31.262 ], [ 78.279, 31.262 ], [ 78.28, 31.262 ], [ 78.28, 31.263 ], [ 78.281, 31.263 ], [ 78.281, 31.264 ], [ 78.282, 31.265 ], [ 78.283, 31.266 ], [ 78.283, 31.266 ], [ 78.284, 31.266 ], [ 78.285, 31.265 ], [ 78.287, 31.263 ], [ 78.287, 31.263 ], [ 78.287, 31.263 ], [ 78.288, 31.262 ], [ 78.289, 31.262 ], [ 78.29, 31.262 ], [ 78.29, 31.261 ], [ 78.291, 31.26 ], [ 78.292, 31.26 ], [ 78.293, 31.26 ], [ 78.294, 31.26 ], [ 78.295, 31.261 ], [ 78.296, 31.261 ], [ 78.296, 31.261 ], [ 78.297, 31.261 ], [ 78.298, 31.261 ], [ 78.299, 31.26 ], [ 78.3, 31.26 ], [ 78.3, 31.26 ], [ 78.301, 31.259 ], [ 78.301, 31.259 ], [ 78.303, 31.259 ], [ 78.303, 31.259 ], [ 78.304, 31.259 ], [ 78.306, 31.259 ], [ 78.306, 31.26 ], [ 78.307, 31.26 ], [ 78.308, 31.261 ], [ 78.308, 31.262 ], [ 78.308, 31.263 ], [ 78.309, 31.264 ], [ 78.309, 31.265 ], [ 78.309, 31.266 ], [ 78.309, 31.266 ], [ 78.309, 31.267 ], [ 78.309, 31.267 ], [ 78.309, 31.268 ], [ 78.309, 31.268 ], [ 78.309, 31.269 ], [ 78.309, 31.27 ], [ 78.31, 31.27 ], [ 78.31, 31.271 ], [ 78.311, 31.272 ], [ 78.311, 31.273 ], [ 78.311, 31.273 ], [ 78.31, 31.273 ], [ 78.31, 31.274 ], [ 78.31, 31.275 ], [ 78.309, 31.275 ], [ 78.308, 31.275 ], [ 78.308, 31.276 ], [ 78.308, 31.276 ], [ 78.308, 31.277 ], [ 78.309, 31.278 ], [ 78.309, 31.279 ], [ 78.31, 31.279 ], [ 78.311, 31.281 ], [ 78.311, 31.281 ], [ 78.311, 31.282 ], [ 78.311, 31.282 ], [ 78.311, 31.282 ], [ 78.311, 31.283 ], [ 78.311, 31.283 ], [ 78.311, 31.283 ], [ 78.311, 31.283 ], [ 78.312, 31.282 ], [ 78.313, 31.282 ], [ 78.314, 31.282 ], [ 78.316, 31.282 ], [ 78.317, 31.282 ], [ 78.317, 31.281 ], [ 78.317, 31.281 ], [ 78.318, 31.279 ], [ 78.318, 31.279 ], [ 78.318, 31.279 ], [ 78.319, 31.279 ], [ 78.32, 31.279 ], [ 78.321, 31.279 ], [ 78.323, 31.278 ], [ 78.323, 31.278 ], [ 78.324, 31.278 ], [ 78.325, 31.278 ], [ 78.326, 31.278 ], [ 78.327, 31.278 ], [ 78.329, 31.278 ], [ 78.33, 31.278 ], [ 78.331, 31.278 ], [ 78.332, 31.278 ], [ 78.332, 31.278 ], [ 78.333, 31.278 ], [ 78.334, 31.279 ], [ 78.335, 31.28 ], [ 78.335, 31.28 ], [ 78.336, 31.281 ], [ 78.337, 31.281 ], [ 78.338, 31.282 ], [ 78.339, 31.282 ], [ 78.339, 31.282 ], [ 78.34, 31.283 ], [ 78.34, 31.283 ], [ 78.34, 31.283 ], [ 78.341, 31.282 ], [ 78.341, 31.282 ], [ 78.342, 31.281 ], [ 78.343, 31.281 ], [ 78.344, 31.281 ], [ 78.346, 31.281 ], [ 78.347, 31.28 ], [ 78.347, 31.28 ], [ 78.349, 31.28 ], [ 78.351, 31.281 ], [ 78.352, 31.281 ], [ 78.352, 31.281 ], [ 78.353, 31.281 ], [ 78.353, 31.281 ], [ 78.353, 31.281 ], [ 78.354, 31.281 ], [ 78.354, 31.282 ], [ 78.356, 31.282 ], [ 78.357, 31.283 ], [ 78.359, 31.283 ], [ 78.36, 31.284 ], [ 78.361, 31.284 ], [ 78.362, 31.285 ], [ 78.363, 31.285 ], [ 78.364, 31.285 ], [ 78.365, 31.285 ], [ 78.366, 31.285 ], [ 78.367, 31.285 ], [ 78.368, 31.286 ], [ 78.37, 31.286 ], [ 78.37, 31.286 ], [ 78.371, 31.286 ], [ 78.372, 31.285 ], [ 78.373, 31.285 ], [ 78.374, 31.285 ], [ 78.375, 31.285 ], [ 78.376, 31.284 ], [ 78.376, 31.284 ], [ 78.376, 31.284 ], [ 78.377, 31.285 ], [ 78.378, 31.285 ], [ 78.379, 31.285 ], [ 78.379, 31.284 ], [ 78.381, 31.284 ], [ 78.382, 31.283 ], [ 78.383, 31.283 ], [ 78.384, 31.282 ], [ 78.384, 31.282 ], [ 78.384, 31.282 ], [ 78.385, 31.28 ], [ 78.385, 31.279 ], [ 78.385, 31.279 ], [ 78.385, 31.277 ], [ 78.386, 31.276 ], [ 78.386, 31.274 ], [ 78.386, 31.273 ], [ 78.386, 31.272 ], [ 78.386, 31.271 ], [ 78.387, 31.272 ], [ 78.387, 31.273 ], [ 78.388, 31.273 ], [ 78.389, 31.274 ], [ 78.39, 31.274 ], [ 78.391, 31.275 ], [ 78.392, 31.275 ], [ 78.393, 31.275 ], [ 78.393, 31.275 ], [ 78.394, 31.275 ], [ 78.395, 31.275 ], [ 78.396, 31.275 ], [ 78.396, 31.275 ], [ 78.396, 31.275 ], [ 78.396, 31.275 ], [ 78.396, 31.275 ], [ 78.396, 31.274 ], [ 78.396, 31.274 ], [ 78.396, 31.274 ], [ 78.396, 31.273 ], [ 78.396, 31.273 ], [ 78.396, 31.271 ], [ 78.396, 31.271 ], [ 78.396, 31.27 ], [ 78.396, 31.27 ], [ 78.396, 31.269 ], [ 78.397, 31.269 ], [ 78.397, 31.269 ], [ 78.397, 31.268 ], [ 78.397, 31.268 ], [ 78.397, 31.267 ], [ 78.398, 31.266 ], [ 78.398, 31.266 ], [ 78.399, 31.265 ], [ 78.4, 31.265 ], [ 78.401, 31.264 ], [ 78.401, 31.264 ], [ 78.402, 31.262 ], [ 78.403, 31.262 ], [ 78.403, 31.26 ], [ 78.404, 31.259 ], [ 78.405, 31.259 ], [ 78.405, 31.258 ], [ 78.406, 31.257 ], [ 78.407, 31.257 ], [ 78.407, 31.256 ], [ 78.407, 31.256 ], [ 78.407, 31.256 ], [ 78.407, 31.255 ], [ 78.407, 31.255 ], [ 78.407, 31.255 ], [ 78.406, 31.254 ], [ 78.406, 31.254 ], [ 78.406, 31.254 ], [ 78.405, 31.253 ], [ 78.405, 31.253 ], [ 78.404, 31.252 ], [ 78.404, 31.252 ], [ 78.404, 31.252 ], [ 78.404, 31.251 ], [ 78.404, 31.251 ], [ 78.404, 31.25 ], [ 78.404, 31.25 ], [ 78.403, 31.249 ], [ 78.403, 31.248 ], [ 78.403, 31.248 ], [ 78.403, 31.248 ], [ 78.403, 31.247 ], [ 78.404, 31.247 ], [ 78.405, 31.245 ], [ 78.406, 31.243 ], [ 78.407, 31.242 ], [ 78.409, 31.241 ], [ 78.409, 31.241 ], [ 78.41, 31.241 ], [ 78.411, 31.24 ], [ 78.412, 31.24 ], [ 78.413, 31.24 ], [ 78.413, 31.24 ], [ 78.414, 31.24 ], [ 78.415, 31.24 ], [ 78.416, 31.24 ], [ 78.417, 31.241 ], [ 78.418, 31.242 ], [ 78.418, 31.243 ], [ 78.419, 31.243 ], [ 78.42, 31.244 ], [ 78.421, 31.244 ], [ 78.421, 31.244 ], [ 78.421, 31.244 ], [ 78.423, 31.244 ], [ 78.425, 31.244 ], [ 78.426, 31.244 ], [ 78.426, 31.244 ], [ 78.427, 31.245 ], [ 78.428, 31.247 ], [ 78.428, 31.248 ], [ 78.428, 31.249 ], [ 78.429, 31.249 ], [ 78.429, 31.25 ], [ 78.429, 31.25 ], [ 78.43, 31.252 ], [ 78.431, 31.253 ], [ 78.432, 31.254 ], [ 78.432, 31.254 ], [ 78.433, 31.254 ], [ 78.434, 31.255 ], [ 78.435, 31.254 ], [ 78.436, 31.254 ], [ 78.436, 31.254 ], [ 78.437, 31.254 ], [ 78.437, 31.254 ], [ 78.437, 31.253 ], [ 78.437, 31.253 ], [ 78.437, 31.252 ], [ 78.437, 31.252 ], [ 78.437, 31.252 ], [ 78.437, 31.252 ], [ 78.438, 31.252 ], [ 78.439, 31.251 ], [ 78.439, 31.251 ], [ 78.439, 31.251 ], [ 78.44, 31.25 ], [ 78.441, 31.249 ], [ 78.441, 31.248 ], [ 78.442, 31.248 ], [ 78.442, 31.248 ], [ 78.442, 31.248 ], [ 78.442, 31.247 ], [ 78.442, 31.247 ], [ 78.443, 31.246 ], [ 78.443, 31.245 ], [ 78.444, 31.244 ], [ 78.444, 31.244 ], [ 78.445, 31.244 ], [ 78.446, 31.243 ], [ 78.446, 31.243 ], [ 78.447, 31.243 ], [ 78.448, 31.242 ], [ 78.448, 31.242 ], [ 78.448, 31.242 ], [ 78.449, 31.241 ], [ 78.45, 31.241 ], [ 78.45, 31.241 ], [ 78.451, 31.241 ], [ 78.452, 31.241 ], [ 78.453, 31.241 ], [ 78.453, 31.241 ], [ 78.453, 31.241 ], [ 78.454, 31.241 ], [ 78.455, 31.241 ], [ 78.455, 31.241 ], [ 78.455, 31.241 ], [ 78.456, 31.241 ], [ 78.456, 31.241 ], [ 78.456, 31.241 ], [ 78.456, 31.24 ], [ 78.456, 31.24 ], [ 78.457, 31.239 ], [ 78.458, 31.238 ], [ 78.458, 31.237 ], [ 78.459, 31.237 ], [ 78.459, 31.237 ], [ 78.46, 31.237 ], [ 78.461, 31.236 ], [ 78.461, 31.236 ], [ 78.462, 31.236 ], [ 78.462, 31.236 ], [ 78.462, 31.236 ], [ 78.462, 31.235 ], [ 78.462, 31.234 ], [ 78.462, 31.233 ], [ 78.463, 31.233 ], [ 78.464, 31.232 ], [ 78.465, 31.231 ], [ 78.466, 31.23 ], [ 78.466, 31.229 ], [ 78.466, 31.228 ], [ 78.466, 31.228 ], [ 78.467, 31.227 ], [ 78.467, 31.227 ], [ 78.468, 31.227 ], [ 78.469, 31.225 ], [ 78.469, 31.224 ], [ 78.47, 31.223 ], [ 78.47, 31.222 ], [ 78.472, 31.22 ], [ 78.472, 31.219 ], [ 78.473, 31.218 ], [ 78.475, 31.217 ], [ 78.475, 31.217 ], [ 78.477, 31.216 ], [ 78.478, 31.215 ], [ 78.479, 31.214 ], [ 78.48, 31.214 ], [ 78.48, 31.213 ], [ 78.48, 31.212 ], [ 78.481, 31.211 ], [ 78.481, 31.21 ], [ 78.481, 31.208 ], [ 78.481, 31.208 ], [ 78.481, 31.206 ], [ 78.481, 31.206 ], [ 78.481, 31.205 ], [ 78.482, 31.204 ], [ 78.483, 31.203 ], [ 78.484, 31.202 ], [ 78.484, 31.201 ], [ 78.484, 31.201 ], [ 78.484, 31.2 ], [ 78.484, 31.2 ], [ 78.484, 31.199 ], [ 78.484, 31.199 ], [ 78.484, 31.199 ], [ 78.485, 31.199 ], [ 78.486, 31.199 ], [ 78.487, 31.199 ], [ 78.489, 31.199 ], [ 78.492, 31.198 ], [ 78.494, 31.198 ], [ 78.495, 31.198 ], [ 78.497, 31.198 ], [ 78.498, 31.198 ], [ 78.499, 31.198 ], [ 78.5, 31.198 ], [ 78.503, 31.197 ], [ 78.504, 31.197 ], [ 78.505, 31.197 ], [ 78.507, 31.196 ], [ 78.508, 31.196 ], [ 78.508, 31.196 ], [ 78.508, 31.196 ], [ 78.509, 31.196 ], [ 78.509, 31.196 ], [ 78.509, 31.196 ], [ 78.511, 31.197 ], [ 78.513, 31.197 ], [ 78.516, 31.197 ], [ 78.519, 31.197 ], [ 78.52, 31.197 ], [ 78.522, 31.197 ], [ 78.524, 31.197 ], [ 78.525, 31.197 ], [ 78.525, 31.197 ], [ 78.527, 31.196 ], [ 78.528, 31.197 ], [ 78.531, 31.197 ], [ 78.535, 31.198 ], [ 78.536, 31.198 ], [ 78.537, 31.198 ], [ 78.538, 31.198 ], [ 78.539, 31.198 ], [ 78.541, 31.198 ], [ 78.542, 31.198 ], [ 78.544, 31.198 ], [ 78.545, 31.199 ], [ 78.547, 31.199 ], [ 78.549, 31.2 ], [ 78.55, 31.2 ], [ 78.55, 31.2 ], [ 78.552, 31.2 ], [ 78.552, 31.2 ], [ 78.552, 31.2 ], [ 78.553, 31.201 ], [ 78.553, 31.202 ], [ 78.554, 31.203 ], [ 78.555, 31.205 ], [ 78.557, 31.206 ], [ 78.559, 31.208 ], [ 78.561, 31.209 ], [ 78.562, 31.211 ], [ 78.563, 31.212 ], [ 78.564, 31.212 ], [ 78.565, 31.213 ], [ 78.565, 31.213 ], [ 78.566, 31.214 ], [ 78.566, 31.214 ], [ 78.566, 31.215 ], [ 78.566, 31.217 ], [ 78.567, 31.218 ], [ 78.567, 31.218 ], [ 78.568, 31.219 ], [ 78.569, 31.22 ], [ 78.573, 31.221 ], [ 78.574, 31.221 ], [ 78.575, 31.221 ], [ 78.575, 31.221 ], [ 78.575, 31.222 ], [ 78.576, 31.223 ], [ 78.576, 31.224 ], [ 78.577, 31.224 ], [ 78.578, 31.225 ], [ 78.58, 31.226 ], [ 78.582, 31.226 ], [ 78.584, 31.227 ], [ 78.587, 31.227 ], [ 78.589, 31.227 ], [ 78.591, 31.227 ], [ 78.593, 31.227 ], [ 78.594, 31.226 ], [ 78.595, 31.226 ], [ 78.595, 31.226 ], [ 78.596, 31.225 ], [ 78.597, 31.225 ], [ 78.597, 31.225 ], [ 78.598, 31.226 ], [ 78.599, 31.227 ], [ 78.6, 31.228 ], [ 78.601, 31.228 ], [ 78.602, 31.229 ], [ 78.603, 31.229 ], [ 78.604, 31.229 ], [ 78.607, 31.229 ], [ 78.607, 31.229 ], [ 78.609, 31.229 ], [ 78.611, 31.229 ], [ 78.612, 31.229 ], [ 78.614, 31.228 ], [ 78.615, 31.228 ], [ 78.617, 31.227 ], [ 78.619, 31.226 ], [ 78.619, 31.226 ], [ 78.62, 31.225 ], [ 78.62, 31.225 ], [ 78.621, 31.225 ], [ 78.622, 31.224 ], [ 78.623, 31.224 ], [ 78.623, 31.224 ], [ 78.624, 31.222 ], [ 78.625, 31.221 ], [ 78.625, 31.22 ], [ 78.625, 31.219 ], [ 78.625, 31.219 ], [ 78.625, 31.218 ], [ 78.626, 31.218 ], [ 78.628, 31.217 ], [ 78.63, 31.217 ], [ 78.632, 31.216 ], [ 78.637, 31.215 ], [ 78.64, 31.214 ], [ 78.643, 31.215 ], [ 78.645, 31.215 ], [ 78.646, 31.215 ], [ 78.646, 31.215 ], [ 78.647, 31.215 ], [ 78.647, 31.215 ], [ 78.648, 31.214 ], [ 78.649, 31.213 ], [ 78.649, 31.212 ], [ 78.649, 31.212 ], [ 78.649, 31.211 ], [ 78.649, 31.211 ], [ 78.649, 31.211 ], [ 78.649, 31.21 ], [ 78.649, 31.21 ], [ 78.649, 31.208 ], [ 78.649, 31.207 ], [ 78.649, 31.207 ], [ 78.649, 31.205 ], [ 78.649, 31.204 ], [ 78.649, 31.203 ], [ 78.649, 31.203 ], [ 78.649, 31.203 ], [ 78.649, 31.202 ], [ 78.65, 31.201 ], [ 78.651, 31.2 ], [ 78.651, 31.199 ], [ 78.652, 31.199 ], [ 78.654, 31.198 ], [ 78.655, 31.197 ], [ 78.656, 31.197 ], [ 78.657, 31.196 ], [ 78.657, 31.196 ], [ 78.657, 31.195 ], [ 78.657, 31.195 ], [ 78.657, 31.194 ], [ 78.657, 31.194 ], [ 78.657, 31.194 ], [ 78.657, 31.194 ], [ 78.657, 31.194 ], [ 78.658, 31.193 ], [ 78.659, 31.192 ], [ 78.66, 31.191 ], [ 78.66, 31.191 ], [ 78.66, 31.191 ], [ 78.66, 31.19 ], [ 78.659, 31.19 ], [ 78.659, 31.189 ], [ 78.658, 31.187 ], [ 78.658, 31.187 ], [ 78.658, 31.186 ], [ 78.658, 31.186 ], [ 78.658, 31.186 ], [ 78.658, 31.185 ], [ 78.658, 31.185 ], [ 78.658, 31.185 ], [ 78.659, 31.185 ], [ 78.66, 31.186 ], [ 78.66, 31.187 ], [ 78.661, 31.188 ], [ 78.661, 31.189 ], [ 78.662, 31.189 ], [ 78.663, 31.189 ], [ 78.664, 31.19 ], [ 78.664, 31.19 ], [ 78.665, 31.19 ], [ 78.666, 31.19 ], [ 78.667, 31.191 ], [ 78.668, 31.191 ], [ 78.668, 31.192 ], [ 78.668, 31.193 ], [ 78.669, 31.194 ], [ 78.669, 31.195 ], [ 78.67, 31.196 ], [ 78.671, 31.196 ], [ 78.671, 31.197 ], [ 78.672, 31.197 ], [ 78.673, 31.197 ], [ 78.675, 31.197 ], [ 78.675, 31.196 ], [ 78.677, 31.196 ], [ 78.679, 31.196 ], [ 78.68, 31.197 ], [ 78.681, 31.197 ], [ 78.682, 31.198 ], [ 78.682, 31.198 ], [ 78.684, 31.198 ], [ 78.685, 31.198 ], [ 78.687, 31.198 ], [ 78.688, 31.197 ], [ 78.689, 31.197 ], [ 78.691, 31.196 ], [ 78.692, 31.195 ], [ 78.693, 31.194 ], [ 78.693, 31.193 ], [ 78.694, 31.193 ], [ 78.695, 31.192 ], [ 78.696, 31.192 ], [ 78.698, 31.192 ], [ 78.698, 31.192 ], [ 78.699, 31.191 ], [ 78.699, 31.191 ], [ 78.7, 31.191 ], [ 78.701, 31.19 ], [ 78.701, 31.19 ], [ 78.702, 31.19 ], [ 78.702, 31.189 ], [ 78.703, 31.189 ], [ 78.703, 31.189 ], [ 78.704, 31.189 ], [ 78.704, 31.189 ], [ 78.705, 31.189 ], [ 78.706, 31.189 ], [ 78.708, 31.19 ], [ 78.71, 31.19 ], [ 78.712, 31.19 ], [ 78.714, 31.189 ], [ 78.717, 31.188 ], [ 78.718, 31.188 ], [ 78.718, 31.188 ], [ 78.719, 31.188 ], [ 78.72, 31.188 ], [ 78.722, 31.188 ], [ 78.723, 31.188 ], [ 78.723, 31.188 ], [ 78.724, 31.189 ], [ 78.725, 31.189 ], [ 78.726, 31.189 ], [ 78.726, 31.19 ], [ 78.727, 31.19 ], [ 78.728, 31.19 ], [ 78.73, 31.189 ], [ 78.731, 31.189 ], [ 78.732, 31.189 ], [ 78.733, 31.189 ], [ 78.733, 31.189 ], [ 78.734, 31.189 ], [ 78.734, 31.189 ], [ 78.736, 31.189 ], [ 78.738, 31.188 ], [ 78.74, 31.188 ], [ 78.741, 31.188 ], [ 78.742, 31.189 ], [ 78.744, 31.188 ], [ 78.745, 31.188 ], [ 78.746, 31.188 ], [ 78.747, 31.188 ], [ 78.748, 31.188 ], [ 78.748, 31.188 ], [ 78.748, 31.188 ], [ 78.748, 31.188 ], [ 78.748, 31.188 ], [ 78.749, 31.188 ], [ 78.749, 31.188 ], [ 78.749, 31.188 ], [ 78.75, 31.188 ], [ 78.751, 31.188 ], [ 78.752, 31.188 ], [ 78.753, 31.188 ], [ 78.755, 31.188 ], [ 78.756, 31.188 ], [ 78.757, 31.188 ], [ 78.758, 31.187 ], [ 78.759, 31.187 ], [ 78.76, 31.187 ], [ 78.761, 31.187 ], [ 78.761, 31.186 ], [ 78.762, 31.186 ], [ 78.763, 31.186 ], [ 78.764, 31.186 ], [ 78.765, 31.186 ], [ 78.768, 31.186 ], [ 78.769, 31.186 ], [ 78.77, 31.186 ], [ 78.771, 31.187 ], [ 78.773, 31.187 ], [ 78.774, 31.188 ], [ 78.775, 31.188 ], [ 78.776, 31.188 ], [ 78.777, 31.188 ], [ 78.777, 31.188 ], [ 78.778, 31.189 ], [ 78.779, 31.189 ], [ 78.78, 31.189 ], [ 78.782, 31.19 ], [ 78.784, 31.191 ], [ 78.785, 31.192 ], [ 78.786, 31.192 ], [ 78.787, 31.192 ], [ 78.788, 31.193 ], [ 78.789, 31.193 ], [ 78.79, 31.193 ], [ 78.792, 31.194 ], [ 78.793, 31.195 ], [ 78.794, 31.195 ], [ 78.795, 31.196 ], [ 78.797, 31.196 ], [ 78.798, 31.197 ], [ 78.799, 31.197 ], [ 78.799, 31.197 ], [ 78.8, 31.197 ], [ 78.801, 31.197 ], [ 78.801, 31.197 ], [ 78.802, 31.197 ], [ 78.802, 31.197 ], [ 78.803, 31.198 ], [ 78.804, 31.198 ], [ 78.805, 31.198 ], [ 78.805, 31.198 ], [ 78.806, 31.198 ], [ 78.807, 31.198 ], [ 78.807, 31.198 ], [ 78.807, 31.198 ], [ 78.808, 31.198 ], [ 78.808, 31.198 ], [ 78.809, 31.198 ], [ 78.81, 31.198 ], [ 78.81, 31.198 ], [ 78.811, 31.198 ], [ 78.812, 31.197 ], [ 78.813, 31.197 ], [ 78.815, 31.196 ], [ 78.816, 31.195 ], [ 78.816, 31.194 ], [ 78.816, 31.194 ], [ 78.817, 31.194 ], [ 78.817, 31.193 ], [ 78.817, 31.192 ], [ 78.817, 31.191 ], [ 78.817, 31.19 ], [ 78.817, 31.19 ], [ 78.817, 31.19 ], [ 78.817, 31.19 ], [ 78.817, 31.19 ], [ 78.817, 31.189 ], [ 78.817, 31.189 ], [ 78.816, 31.189 ], [ 78.816, 31.189 ], [ 78.815, 31.188 ], [ 78.814, 31.188 ], [ 78.814, 31.187 ], [ 78.813, 31.186 ], [ 78.812, 31.183 ], [ 78.811, 31.181 ], [ 78.81, 31.18 ], [ 78.81, 31.18 ], [ 78.81, 31.179 ], [ 78.81, 31.179 ], [ 78.81, 31.179 ], [ 78.81, 31.178 ], [ 78.81, 31.178 ], [ 78.81, 31.178 ], [ 78.81, 31.178 ], [ 78.81, 31.177 ], [ 78.81, 31.177 ], [ 78.81, 31.177 ], [ 78.81, 31.177 ], [ 78.81, 31.177 ], [ 78.81, 31.176 ], [ 78.811, 31.175 ], [ 78.811, 31.174 ], [ 78.811, 31.174 ], [ 78.811, 31.174 ], [ 78.811, 31.174 ], [ 78.811, 31.173 ], [ 78.811, 31.172 ], [ 78.811, 31.172 ], [ 78.811, 31.172 ], [ 78.811, 31.172 ], [ 78.811, 31.171 ], [ 78.812, 31.171 ], [ 78.812, 31.17 ], [ 78.813, 31.169 ], [ 78.813, 31.169 ], [ 78.814, 31.169 ], [ 78.814, 31.169 ], [ 78.815, 31.169 ], [ 78.816, 31.168 ], [ 78.818, 31.168 ], [ 78.818, 31.168 ], [ 78.819, 31.167 ], [ 78.821, 31.166 ], [ 78.822, 31.165 ], [ 78.823, 31.164 ], [ 78.824, 31.164 ], [ 78.825, 31.164 ], [ 78.825, 31.164 ], [ 78.825, 31.164 ], [ 78.825, 31.163 ], [ 78.825, 31.163 ], [ 78.824, 31.162 ], [ 78.824, 31.161 ], [ 78.823, 31.161 ], [ 78.823, 31.161 ], [ 78.823, 31.161 ], [ 78.823, 31.161 ], [ 78.823, 31.16 ], [ 78.823, 31.16 ], [ 78.823, 31.16 ], [ 78.823, 31.159 ], [ 78.823, 31.158 ], [ 78.823, 31.158 ], [ 78.823, 31.158 ], [ 78.823, 31.158 ], [ 78.823, 31.157 ], [ 78.824, 31.157 ], [ 78.824, 31.155 ], [ 78.825, 31.155 ], [ 78.826, 31.154 ], [ 78.827, 31.154 ], [ 78.827, 31.153 ], [ 78.827, 31.153 ], [ 78.827, 31.153 ], [ 78.828, 31.152 ], [ 78.828, 31.151 ], [ 78.828, 31.151 ], [ 78.828, 31.15 ], [ 78.828, 31.15 ], [ 78.828, 31.149 ], [ 78.829, 31.148 ], [ 78.829, 31.147 ], [ 78.829, 31.146 ], [ 78.829, 31.145 ], [ 78.829, 31.145 ], [ 78.829, 31.144 ], [ 78.83, 31.144 ], [ 78.83, 31.144 ], [ 78.83, 31.144 ], [ 78.83, 31.143 ], [ 78.83, 31.143 ], [ 78.83, 31.142 ], [ 78.831, 31.142 ], [ 78.831, 31.141 ], [ 78.831, 31.141 ], [ 78.831, 31.141 ], [ 78.832, 31.14 ], [ 78.833, 31.14 ], [ 78.834, 31.14 ], [ 78.835, 31.139 ], [ 78.836, 31.139 ], [ 78.836, 31.139 ], [ 78.837, 31.139 ], [ 78.837, 31.138 ], [ 78.837, 31.138 ], [ 78.838, 31.138 ], [ 78.838, 31.138 ], [ 78.838, 31.138 ], [ 78.839, 31.138 ], [ 78.839, 31.137 ], [ 78.839, 31.135 ], [ 78.84, 31.133 ], [ 78.841, 31.131 ], [ 78.841, 31.13 ], [ 78.843, 31.129 ], [ 78.844, 31.128 ], [ 78.844, 31.127 ], [ 78.845, 31.127 ], [ 78.845, 31.127 ], [ 78.846, 31.126 ], [ 78.848, 31.125 ], [ 78.849, 31.125 ], [ 78.85, 31.124 ], [ 78.851, 31.124 ], [ 78.851, 31.124 ], [ 78.852, 31.123 ], [ 78.852, 31.123 ], [ 78.853, 31.122 ], [ 78.853, 31.122 ], [ 78.854, 31.122 ], [ 78.854, 31.122 ], [ 78.854, 31.122 ], [ 78.855, 31.122 ], [ 78.857, 31.121 ], [ 78.857, 31.121 ], [ 78.859, 31.121 ], [ 78.859, 31.121 ], [ 78.86, 31.12 ], [ 78.86, 31.12 ], [ 78.86, 31.12 ], [ 78.86, 31.12 ], [ 78.861, 31.12 ], [ 78.861, 31.12 ], [ 78.862, 31.121 ], [ 78.862, 31.121 ], [ 78.863, 31.121 ], [ 78.863, 31.121 ], [ 78.864, 31.121 ], [ 78.865, 31.12 ], [ 78.866, 31.119 ], [ 78.866, 31.119 ], [ 78.868, 31.116 ], [ 78.869, 31.115 ], [ 78.87, 31.114 ], [ 78.87, 31.114 ], [ 78.871, 31.114 ], [ 78.871, 31.113 ], [ 78.871, 31.112 ], [ 78.872, 31.11 ], [ 78.873, 31.109 ], [ 78.874, 31.108 ], [ 78.875, 31.107 ], [ 78.876, 31.107 ], [ 78.876, 31.106 ], [ 78.877, 31.105 ], [ 78.877, 31.105 ], [ 78.877, 31.104 ], [ 78.877, 31.104 ], [ 78.877, 31.104 ], [ 78.878, 31.104 ], [ 78.879, 31.104 ], [ 78.879, 31.104 ], [ 78.88, 31.103 ], [ 78.88, 31.103 ], [ 78.881, 31.103 ], [ 78.881, 31.102 ], [ 78.882, 31.101 ], [ 78.882, 31.101 ], [ 78.882, 31.101 ], [ 78.883, 31.1 ], [ 78.883, 31.1 ], [ 78.884, 31.099 ], [ 78.885, 31.099 ], [ 78.887, 31.098 ], [ 78.888, 31.098 ], [ 78.888, 31.098 ], [ 78.89, 31.097 ], [ 78.891, 31.097 ], [ 78.891, 31.097 ], [ 78.891, 31.097 ], [ 78.891, 31.097 ], [ 78.893, 31.097 ], [ 78.893, 31.097 ], [ 78.893, 31.097 ], [ 78.894, 31.097 ], [ 78.895, 31.098 ], [ 78.896, 31.099 ], [ 78.899, 31.099 ], [ 78.899, 31.099 ], [ 78.9, 31.1 ], [ 78.9, 31.1 ], [ 78.901, 31.1 ], [ 78.901, 31.1 ], [ 78.903, 31.099 ], [ 78.904, 31.099 ], [ 78.905, 31.099 ], [ 78.906, 31.099 ], [ 78.906, 31.099 ], [ 78.907, 31.099 ], [ 78.907, 31.099 ], [ 78.907, 31.099 ], [ 78.908, 31.099 ], [ 78.908, 31.099 ], [ 78.909, 31.099 ], [ 78.909, 31.099 ], [ 78.909, 31.1 ], [ 78.91, 31.1 ], [ 78.91, 31.1 ], [ 78.91, 31.1 ], [ 78.911, 31.1 ], [ 78.912, 31.101 ], [ 78.912, 31.102 ], [ 78.912, 31.102 ], [ 78.912, 31.102 ], [ 78.912, 31.103 ], [ 78.912, 31.104 ], [ 78.912, 31.104 ], [ 78.912, 31.104 ], [ 78.912, 31.104 ], [ 78.912, 31.105 ], [ 78.912, 31.105 ], [ 78.912, 31.105 ], [ 78.912, 31.107 ], [ 78.913, 31.108 ], [ 78.913, 31.108 ], [ 78.914, 31.108 ], [ 78.915, 31.109 ], [ 78.916, 31.109 ], [ 78.916, 31.109 ], [ 78.917, 31.109 ], [ 78.918, 31.11 ], [ 78.919, 31.11 ], [ 78.921, 31.111 ], [ 78.922, 31.111 ], [ 78.923, 31.111 ], [ 78.925, 31.11 ], [ 78.926, 31.109 ], [ 78.927, 31.109 ], [ 78.928, 31.107 ], [ 78.929, 31.105 ], [ 78.931, 31.102 ], [ 78.932, 31.101 ], [ 78.933, 31.101 ], [ 78.933, 31.101 ], [ 78.934, 31.101 ], [ 78.934, 31.101 ], [ 78.935, 31.101 ], [ 78.935, 31.101 ], [ 78.936, 31.101 ], [ 78.936, 31.101 ], [ 78.937, 31.102 ], [ 78.937, 31.102 ], [ 78.938, 31.102 ], [ 78.939, 31.101 ], [ 78.94, 31.101 ], [ 78.941, 31.101 ], [ 78.943, 31.101 ], [ 78.945, 31.101 ], [ 78.947, 31.1 ], [ 78.948, 31.099 ], [ 78.949, 31.099 ], [ 78.949, 31.098 ], [ 78.949, 31.098 ], [ 78.95, 31.098 ], [ 78.95, 31.098 ], [ 78.951, 31.098 ], [ 78.951, 31.098 ], [ 78.952, 31.098 ], [ 78.952, 31.098 ], [ 78.954, 31.098 ], [ 78.956, 31.099 ], [ 78.958, 31.099 ], [ 78.959, 31.099 ], [ 78.961, 31.1 ], [ 78.963, 31.101 ], [ 78.964, 31.102 ], [ 78.966, 31.103 ], [ 78.968, 31.104 ], [ 78.969, 31.105 ], [ 78.97, 31.106 ], [ 78.971, 31.107 ], [ 78.972, 31.107 ], [ 78.973, 31.108 ], [ 78.973, 31.108 ], [ 78.974, 31.108 ], [ 78.975, 31.108 ], [ 78.976, 31.108 ], [ 78.977, 31.108 ], [ 78.978, 31.108 ], [ 78.979, 31.109 ], [ 78.979, 31.109 ], [ 78.98, 31.109 ], [ 78.981, 31.109 ], [ 78.982, 31.109 ], [ 78.984, 31.108 ], [ 78.985, 31.108 ], [ 78.986, 31.108 ], [ 78.987, 31.108 ], [ 78.988, 31.108 ], [ 78.989, 31.109 ], [ 78.99, 31.109 ], [ 78.99, 31.109 ], [ 78.992, 31.109 ], [ 78.992, 31.109 ], [ 78.993, 31.109 ], [ 78.994, 31.11 ], [ 78.995, 31.11 ], [ 78.996, 31.11 ], [ 78.997, 31.11 ], [ 78.997, 31.11 ], [ 78.998, 31.11 ], [ 78.999, 31.11 ], [ 78.999, 31.11 ], [ 78.999, 31.11 ], [ 78.999, 31.111 ], [ 78.999, 31.112 ], [ 79.0, 31.112 ], [ 79.0, 31.112 ], [ 79.001, 31.112 ], [ 79.001, 31.112 ], [ 79.002, 31.112 ], [ 79.003, 31.112 ], [ 79.003, 31.112 ], [ 79.005, 31.112 ], [ 79.006, 31.112 ], [ 79.006, 31.112 ], [ 79.007, 31.111 ], [ 79.008, 31.111 ], [ 79.008, 31.11 ], [ 79.009, 31.11 ], [ 79.009, 31.11 ], [ 79.009, 31.11 ], [ 79.009, 31.11 ], [ 79.009, 31.112 ], [ 79.009, 31.112 ], [ 79.008, 31.114 ], [ 79.008, 31.115 ], [ 79.007, 31.116 ], [ 79.007, 31.117 ], [ 79.007, 31.117 ], [ 79.007, 31.118 ], [ 79.007, 31.119 ], [ 79.006, 31.119 ], [ 79.006, 31.119 ], [ 79.005, 31.12 ], [ 79.005, 31.12 ], [ 79.004, 31.121 ], [ 79.004, 31.122 ], [ 79.004, 31.122 ], [ 79.004, 31.122 ], [ 79.004, 31.123 ], [ 79.004, 31.123 ], [ 79.004, 31.124 ], [ 79.004, 31.124 ], [ 79.003, 31.125 ], [ 79.003, 31.126 ], [ 79.002, 31.127 ], [ 79.002, 31.128 ], [ 79.001, 31.128 ], [ 79.001, 31.129 ], [ 79.001, 31.13 ], [ 79.001, 31.132 ], [ 79.0, 31.133 ], [ 79.0, 31.134 ], [ 79.0, 31.135 ], [ 79.0, 31.135 ], [ 78.999, 31.135 ], [ 78.999, 31.136 ], [ 78.998, 31.136 ], [ 78.997, 31.136 ], [ 78.997, 31.136 ], [ 78.996, 31.136 ], [ 78.995, 31.137 ], [ 78.993, 31.137 ], [ 78.992, 31.138 ], [ 78.992, 31.138 ], [ 78.991, 31.138 ], [ 78.991, 31.138 ], [ 78.99, 31.139 ], [ 78.99, 31.14 ], [ 78.989, 31.141 ], [ 78.988, 31.142 ], [ 78.988, 31.143 ], [ 78.988, 31.143 ], [ 78.987, 31.144 ], [ 78.987, 31.144 ], [ 78.988, 31.144 ], [ 78.988, 31.144 ], [ 78.988, 31.145 ], [ 78.989, 31.146 ], [ 78.99, 31.146 ], [ 78.99, 31.147 ], [ 78.99, 31.148 ], [ 78.991, 31.148 ], [ 78.991, 31.148 ], [ 78.991, 31.148 ], [ 78.99, 31.149 ], [ 78.99, 31.15 ], [ 78.99, 31.15 ], [ 78.99, 31.15 ], [ 78.989, 31.152 ], [ 78.989, 31.153 ], [ 78.988, 31.154 ], [ 78.988, 31.154 ], [ 78.988, 31.155 ], [ 78.988, 31.155 ], [ 78.988, 31.156 ], [ 78.989, 31.156 ], [ 78.989, 31.156 ], [ 78.989, 31.157 ], [ 78.989, 31.157 ], [ 78.989, 31.157 ], [ 78.989, 31.157 ], [ 78.989, 31.158 ], [ 78.989, 31.158 ], [ 78.989, 31.158 ], [ 78.989, 31.158 ], [ 78.99, 31.159 ], [ 78.99, 31.16 ], [ 78.99, 31.16 ], [ 78.99, 31.16 ], [ 78.99, 31.161 ], [ 78.99, 31.161 ], [ 78.991, 31.161 ], [ 78.99, 31.162 ], [ 78.99, 31.162 ], [ 78.99, 31.163 ], [ 78.99, 31.164 ], [ 78.99, 31.164 ], [ 78.989, 31.164 ], [ 78.989, 31.165 ], [ 78.989, 31.165 ], [ 78.989, 31.165 ], [ 78.989, 31.166 ], [ 78.989, 31.166 ], [ 78.989, 31.166 ], [ 78.989, 31.166 ], [ 78.989, 31.167 ], [ 78.988, 31.168 ], [ 78.988, 31.168 ], [ 78.988, 31.168 ], [ 78.987, 31.169 ], [ 78.987, 31.169 ], [ 78.987, 31.169 ], [ 78.987, 31.17 ], [ 78.987, 31.17 ], [ 78.987, 31.171 ], [ 78.987, 31.172 ], [ 78.986, 31.173 ], [ 78.986, 31.174 ], [ 78.985, 31.175 ], [ 78.984, 31.176 ], [ 78.984, 31.176 ], [ 78.983, 31.176 ], [ 78.982, 31.176 ], [ 78.981, 31.176 ], [ 78.981, 31.176 ], [ 78.98, 31.177 ], [ 78.98, 31.178 ], [ 78.98, 31.179 ], [ 78.979, 31.179 ], [ 78.979, 31.179 ], [ 78.978, 31.179 ], [ 78.978, 31.179 ], [ 78.977, 31.179 ], [ 78.977, 31.179 ], [ 78.977, 31.179 ], [ 78.976, 31.179 ], [ 78.975, 31.179 ], [ 78.973, 31.18 ], [ 78.973, 31.18 ], [ 78.972, 31.18 ], [ 78.971, 31.181 ], [ 78.97, 31.181 ], [ 78.969, 31.182 ], [ 78.967, 31.183 ], [ 78.965, 31.184 ], [ 78.964, 31.184 ], [ 78.963, 31.184 ], [ 78.962, 31.185 ], [ 78.961, 31.185 ], [ 78.96, 31.185 ], [ 78.959, 31.186 ], [ 78.959, 31.186 ], [ 78.958, 31.186 ], [ 78.958, 31.187 ], [ 78.957, 31.187 ], [ 78.957, 31.187 ], [ 78.957, 31.188 ], [ 78.957, 31.188 ], [ 78.957, 31.189 ], [ 78.957, 31.189 ], [ 78.957, 31.189 ], [ 78.957, 31.189 ], [ 78.957, 31.189 ], [ 78.958, 31.19 ], [ 78.958, 31.19 ], [ 78.958, 31.19 ], [ 78.958, 31.19 ], [ 78.958, 31.19 ], [ 78.958, 31.191 ], [ 78.957, 31.191 ], [ 78.957, 31.192 ], [ 78.956, 31.192 ], [ 78.956, 31.193 ], [ 78.955, 31.194 ], [ 78.954, 31.194 ], [ 78.953, 31.194 ], [ 78.952, 31.195 ], [ 78.952, 31.196 ], [ 78.951, 31.197 ], [ 78.95, 31.197 ], [ 78.948, 31.198 ], [ 78.948, 31.198 ], [ 78.948, 31.198 ], [ 78.948, 31.199 ], [ 78.948, 31.199 ], [ 78.948, 31.199 ], [ 78.948, 31.2 ], [ 78.948, 31.2 ], [ 78.948, 31.201 ], [ 78.948, 31.201 ], [ 78.948, 31.201 ], [ 78.947, 31.203 ], [ 78.947, 31.203 ], [ 78.946, 31.204 ], [ 78.945, 31.205 ], [ 78.944, 31.206 ], [ 78.944, 31.207 ], [ 78.944, 31.207 ], [ 78.944, 31.207 ], [ 78.945, 31.208 ], [ 78.945, 31.208 ], [ 78.945, 31.208 ], [ 78.945, 31.208 ], [ 78.945, 31.209 ], [ 78.945, 31.209 ], [ 78.945, 31.21 ], [ 78.945, 31.21 ], [ 78.946, 31.21 ], [ 78.947, 31.211 ], [ 78.948, 31.212 ], [ 78.949, 31.213 ], [ 78.949, 31.213 ], [ 78.949, 31.214 ], [ 78.949, 31.214 ], [ 78.949, 31.214 ], [ 78.949, 31.214 ], [ 78.949, 31.215 ], [ 78.948, 31.216 ], [ 78.948, 31.217 ], [ 78.947, 31.216 ], [ 78.947, 31.216 ], [ 78.946, 31.216 ], [ 78.945, 31.216 ], [ 78.944, 31.216 ], [ 78.942, 31.216 ], [ 78.941, 31.216 ], [ 78.94, 31.216 ], [ 78.939, 31.216 ], [ 78.938, 31.216 ], [ 78.938, 31.216 ], [ 78.937, 31.216 ], [ 78.936, 31.216 ], [ 78.936, 31.216 ], [ 78.935, 31.217 ], [ 78.933, 31.216 ], [ 78.932, 31.216 ], [ 78.931, 31.216 ], [ 78.93, 31.216 ], [ 78.93, 31.216 ], [ 78.929, 31.217 ], [ 78.929, 31.218 ], [ 78.928, 31.218 ], [ 78.928, 31.218 ], [ 78.928, 31.219 ], [ 78.927, 31.219 ], [ 78.926, 31.22 ], [ 78.926, 31.22 ], [ 78.926, 31.221 ], [ 78.926, 31.221 ], [ 78.926, 31.221 ], [ 78.926, 31.222 ], [ 78.926, 31.222 ], [ 78.926, 31.223 ], [ 78.926, 31.223 ], [ 78.926, 31.223 ], [ 78.926, 31.223 ], [ 78.924, 31.224 ], [ 78.924, 31.224 ], [ 78.923, 31.224 ], [ 78.923, 31.225 ], [ 78.922, 31.225 ], [ 78.922, 31.225 ], [ 78.922, 31.225 ], [ 78.922, 31.226 ], [ 78.922, 31.226 ], [ 78.922, 31.227 ], [ 78.922, 31.228 ], [ 78.922, 31.229 ], [ 78.922, 31.23 ], [ 78.922, 31.23 ], [ 78.922, 31.23 ], [ 78.922, 31.231 ], [ 78.922, 31.231 ], [ 78.922, 31.231 ], [ 78.922, 31.232 ], [ 78.922, 31.232 ], [ 78.922, 31.232 ], [ 78.921, 31.233 ], [ 78.921, 31.233 ], [ 78.921, 31.234 ], [ 78.92, 31.234 ], [ 78.92, 31.235 ], [ 78.92, 31.235 ], [ 78.92, 31.236 ], [ 78.92, 31.238 ], [ 78.92, 31.239 ], [ 78.92, 31.24 ], [ 78.92, 31.24 ], [ 78.92, 31.241 ], [ 78.919, 31.242 ], [ 78.919, 31.242 ], [ 78.918, 31.243 ], [ 78.918, 31.244 ], [ 78.918, 31.245 ], [ 78.918, 31.245 ], [ 78.918, 31.245 ], [ 78.918, 31.245 ], [ 78.918, 31.245 ], [ 78.918, 31.246 ], [ 78.917, 31.246 ], [ 78.917, 31.247 ], [ 78.917, 31.247 ], [ 78.916, 31.248 ], [ 78.916, 31.248 ], [ 78.916, 31.248 ], [ 78.916, 31.249 ], [ 78.916, 31.249 ], [ 78.915, 31.249 ], [ 78.915, 31.25 ], [ 78.914, 31.25 ], [ 78.914, 31.25 ], [ 78.913, 31.251 ], [ 78.913, 31.251 ], [ 78.912, 31.251 ], [ 78.912, 31.253 ], [ 78.912, 31.254 ], [ 78.912, 31.255 ], [ 78.912, 31.255 ], [ 78.916, 31.255 ], [ 78.917, 31.255 ], [ 78.918, 31.254 ], [ 78.92, 31.254 ], [ 78.922, 31.254 ], [ 78.923, 31.254 ], [ 78.923, 31.254 ], [ 78.933, 31.253 ], [ 78.937, 31.261 ], [ 78.942, 31.274 ], [ 78.943, 31.293 ], [ 78.944, 31.308 ], [ 78.948, 31.32 ], [ 78.958, 31.33 ], [ 78.967, 31.337 ], [ 78.985, 31.343 ], [ 78.99, 31.345 ], [ 79.005, 31.354 ], [ 79.011, 31.357 ], [ 79.012, 31.365 ], [ 79.012, 31.368 ], [ 79.018, 31.386 ], [ 79.024, 31.396 ], [ 79.03, 31.403 ], [ 79.035, 31.408 ], [ 79.042, 31.412 ], [ 79.047, 31.416 ], [ 79.052, 31.42 ], [ 79.053, 31.423 ], [ 79.052, 31.427 ], [ 79.051, 31.43 ], [ 79.051, 31.44 ], [ 79.052, 31.447 ], [ 79.054, 31.452 ], [ 79.056, 31.455 ], [ 79.059, 31.459 ], [ 79.062, 31.461 ], [ 79.064, 31.462 ], [ 79.068, 31.462 ], [ 79.07, 31.46 ], [ 79.078, 31.453 ], [ 79.085, 31.448 ], [ 79.086, 31.447 ], [ 79.09, 31.445 ], [ 79.096, 31.444 ], [ 79.1, 31.443 ], [ 79.103, 31.441 ], [ 79.108, 31.438 ], [ 79.117, 31.436 ], [ 79.119, 31.436 ], [ 79.12, 31.436 ], [ 79.123, 31.436 ], [ 79.123, 31.436 ], [ 79.126, 31.435 ], [ 79.127, 31.435 ], [ 79.128, 31.435 ], [ 79.128, 31.434 ], [ 79.132, 31.432 ], [ 79.138, 31.429 ], [ 79.139, 31.428 ], [ 79.144, 31.425 ], [ 79.148, 31.421 ], [ 79.159, 31.41 ], [ 79.166, 31.402 ], [ 79.174, 31.395 ], [ 79.178, 31.39 ], [ 79.182, 31.386 ], [ 79.182, 31.385 ], [ 79.183, 31.383 ], [ 79.186, 31.377 ], [ 79.188, 31.373 ], [ 79.189, 31.372 ], [ 79.191, 31.368 ], [ 79.192, 31.363 ], [ 79.199, 31.357 ], [ 79.206, 31.351 ], [ 79.206, 31.351 ], [ 79.209, 31.349 ], [ 79.21, 31.348 ], [ 79.212, 31.346 ], [ 79.213, 31.345 ], [ 79.219, 31.342 ], [ 79.222, 31.34 ], [ 79.225, 31.339 ], [ 79.227, 31.338 ], [ 79.227, 31.338 ], [ 79.23, 31.336 ], [ 79.232, 31.336 ], [ 79.24, 31.332 ], [ 79.244, 31.331 ], [ 79.246, 31.33 ], [ 79.247, 31.327 ], [ 79.247, 31.325 ], [ 79.243, 31.323 ], [ 79.239, 31.318 ], [ 79.239, 31.314 ], [ 79.243, 31.309 ], [ 79.252, 31.302 ], [ 79.266, 31.293 ], [ 79.271, 31.287 ], [ 79.272, 31.283 ], [ 79.27, 31.279 ], [ 79.261, 31.273 ], [ 79.255, 31.268 ], [ 79.252, 31.266 ], [ 79.251, 31.263 ], [ 79.25, 31.258 ], [ 79.25, 31.255 ] ], [ [ 79.931, 30.882 ], [ 79.931, 30.882 ], [ 79.931, 30.882 ], [ 79.931, 30.882 ] ] ] ] } }
]
}
